"Date","Price","Open","High","Low","Vol.","Change %"
"2025-12-01","86,309.1","90,372.2","90,372.2","83,858.1","105.96K","-4.50%"
"2025-11-30","90,374.2","90,804.1","91,957.0","90,351.7","31.09K","-0.47%"
"2025-11-29","90,800.5","90,894.7","91,160.2","90,225.3","28.05K","-0.10%"
"2025-11-28","90,894.7","91,324.7","92,942.6","90,221.5","60.08K","-0.47%"
"2025-11-27","91,324.6","90,497.8","91,888.0","90,099.9","58.08K","0.92%"
"2025-11-26","90,496.5","87,363.1","90,582.8","86,334.8","70.68K","3.58%"
"2025-11-25","87,366.8","88,296.1","88,502.6","86,162.0","70.67K","-1.05%"
"2025-11-24","88,296.5","86,828.4","89,210.6","85,307.2","81.64K","1.69%"
"2025-11-23","86,826.6","84,729.0","87,995.8","84,729.0","67.53K","2.48%"
"2025-11-22","84,721.6","85,117.2","85,557.3","83,518.8","49.35K","-0.48%"
"2025-11-21","85,131.0","86,610.6","87,460.0","80,697.7","177.95K","-1.71%"
"2025-11-20","86,613.9","91,543.3","93,123.3","86,105.4","114.40K","-5.39%"
"2025-11-19","91,544.1","92,962.3","92,962.3","88,610.4","95.86K","-1.53%"
"2025-11-18","92,962.3","92,196.6","93,781.8","89,391.9","115.10K","0.83%"
"2025-11-17","92,195.0","94,259.8","96,002.7","91,327.8","109.89K","-2.19%"
"2025-11-16","94,259.8","95,587.6","96,575.1","93,043.5","68.24K","-1.39%"
"2025-11-15","95,587.6","94,557.5","96,799.5","94,557.5","48.15K","1.09%"
"2025-11-14","94,554.3","99,707.0","99,843.9","94,126.2","131.30K","-5.19%"
"2025-11-13","99,728.7","101,652.8","104,008.7","98,027.4","100.44K","-1.90%"
"2025-11-12","101,658.3","103,046.7","105,309.1","100,858.0","63.52K","-1.35%"
"2025-11-11","103,046.7","106,003.2","107,461.3","102,484.3","73.04K","-2.79%"
"2025-11-10","106,006.9","104,720.8","106,629.5","104,285.0","70.75K","1.23%"
"2025-11-09","104,722.4","102,311.3","105,409.1","101,469.1","51.64K","2.36%"
"2025-11-08","102,311.1","103,326.4","103,397.6","101,474.0","41.41K","-0.98%"
"2025-11-07","103,325.4","101,330.3","104,067.9","99,290.8","94.27K","1.97%"
"2025-11-06","101,325.7","103,893.0","104,160.7","100,350.9","78.43K","-2.47%"
"2025-11-05","103,896.7","101,500.8","104,534.3","99,010.6","98.50K","2.36%"
"2025-11-04","101,504.3","106,584.3","107,293.1","99,001.8","134.18K","-4.76%"
"2025-11-03","106,578.1","110,566.9","110,736.3","105,331.7","85.37K","-3.62%"
"2025-11-02","110,586.6","110,097.1","111,229.8","109,537.0","41.82K","0.44%"
"2025-11-01","110,103.6","109,602.7","110,534.6","109,406.7","27.13K","0.46%"
"2025-10-31","109,602.8","108,319.5","111,102.2","108,319.5","68.61K","1.18%"
"2025-10-30","108,320.1","110,024.9","111,585.8","106,371.4","80.07K","-1.55%"
"2025-10-29","110,024.6","112,904.7","113,628.7","109,506.4","66.99K","-2.55%"
"2025-10-28","112,905.8","114,110.3","116,076.7","112,266.9","52.49K","-1.05%"
"2025-10-27","114,108.0","114,553.9","116,307.5","113,868.0","70.79K","-0.39%"
"2025-10-26","114,550.9","111,646.0","115,153.9","111,261.9","42.74K","2.60%"
"2025-10-25","111,646.1","111,012.4","111,921.3","110,702.1","23.30K","0.57%"
"2025-10-24","111,013.1","110,078.9","111,966.0","109,776.0","51.79K","0.85%"
"2025-10-23","110,078.9","107,587.5","111,285.9","107,518.9","59.44K","2.32%"
"2025-10-22","107,587.5","108,336.4","109,081.5","106,746.2","86.97K","-0.70%"
"2025-10-21","108,340.9","110,544.0","113,971.6","107,491.1","108.22K","-1.99%"
"2025-10-20","110,544.0","108,656.3","111,677.2","107,443.1","64.94K","1.74%"
"2025-10-19","108,658.2","107,189.9","109,456.1","106,134.9","52.65K","1.37%"
"2025-10-18","107,193.5","106,469.4","107,489.0","106,356.9","40.28K","0.70%"
"2025-10-17","106,443.5","108,205.5","109,232.3","103,632.7","106.66K","-1.63%"
"2025-10-16","108,204.8","110,767.4","111,960.2","107,549.1","92.62K","-2.31%"
"2025-10-15","110,767.4","113,029.8","113,611.9","110,206.4","72.25K","-2.00%"
"2025-10-14","113,030.8","115,174.8","115,400.6","109,948.0","95.33K","-1.86%"
"2025-10-13","115,174.8","114,985.9","115,893.1","113,802.1","71.35K","0.16%"
"2025-10-12","114,986.0","110,670.9","115,733.9","109,612.8","93.16K","3.90%"
"2025-10-11","110,671.5","112,878.0","113,315.0","109,677.7","107.25K","-1.96%"
"2025-10-10","112,878.6","121,666.6","122,492.8","103,893.3","153.63K","-7.22%"
"2025-10-09","121,666.3","123,337.6","123,710.9","119,732.7","67.35K","-1.33%"
"2025-10-08","123,311.1","121,356.7","124,139.3","121,086.1","57.67K","1.61%"
"2025-10-07","121,356.6","124,687.5","125,112.9","120,624.3","70.42K","-2.70%"
"2025-10-06","124,725.1","123,475.5","126,186.0","123,144.6","68.95K","1.01%"
"2025-10-05","123,475.5","122,387.1","125,617.4","122,146.2","66.03K","0.89%"
"2025-10-04","122,387.1","122,224.8","122,810.6","121,530.5","31.34K","0.13%"
"2025-10-03","122,224.2","120,566.1","123,889.8","119,272.6","81.43K","1.38%"
"2025-10-02","120,566.1","118,577.1","121,023.0","118,318.1","69.08K","1.68%"
"2025-10-01","118,576.2","114,048.7","118,634.5","113,970.5","69.15K","3.97%"
"2025-09-30","114,048.5","114,355.4","114,776.2","112,672.5","53.07K","-0.27%"
"2025-09-29","114,357.5","112,177.4","114,412.5","111,571.1","55.53K","1.95%"
"2025-09-28","112,174.6","109,652.8","112,355.8","109,213.5","28.91K","2.30%"
"2025-09-27","109,652.8","109,662.2","109,734.3","109,090.8","22.46K","-0.01%"
"2025-09-26","109,662.2","109,012.4","110,299.1","108,673.0","54.26K","0.59%"
"2025-09-25","109,016.3","113,307.1","113,508.6","108,675.3","69.14K","-3.79%"
"2025-09-24","113,307.1","112,002.9","113,951.0","111,212.0","43.29K","1.16%"
"2025-09-23","112,002.6","112,673.0","113,279.9","111,501.9","44.21K","-0.60%"
"2025-09-22","112,673.0","115,243.3","115,382.7","111,964.9","67.57K","-2.23%"
"2025-09-21","115,243.0","115,699.2","115,833.2","115,205.5","19.28K","-0.39%"
"2025-09-20","115,699.2","115,649.0","116,138.4","115,424.9","20.42K","0.04%"
"2025-09-19","115,649.0","117,089.2","117,470.7","115,133.5","36.98K","-1.23%"
"2025-09-18","117,086.0","116,426.5","117,910.4","116,144.9","46.50K","0.57%"
"2025-09-17","116,425.9","116,795.9","117,284.2","114,782.5","56.85K","-0.32%"
"2025-09-16","116,795.9","115,362.1","116,970.0","114,801.0","43.05K","1.24%"
"2025-09-15","115,362.1","115,314.2","116,723.2","114,412.2","48.68K","0.04%"
"2025-09-14","115,314.6","115,924.8","116,165.6","115,158.3","25.84K","-0.53%"
"2025-09-13","115,924.9","116,042.6","116,292.4","115,207.3","30.79K","-0.10%"
"2025-09-12","116,042.8","115,490.5","116,684.3","114,766.1","56.48K","0.48%"
"2025-09-11","115,490.2","113,963.5","115,490.6","113,446.6","47.81K","1.34%"
"2025-09-10","113,963.5","111,517.1","114,300.7","110,938.8","62.24K","2.19%"
"2025-09-09","111,516.5","112,066.3","113,259.9","110,781.1","53.76K","-0.49%"
"2025-09-08","112,068.4","111,140.9","112,896.9","110,630.5","41.95K","0.83%"
"2025-09-07","111,150.1","110,194.4","111,594.1","110,185.6","23.81K","0.87%"
"2025-09-06","110,194.4","110,660.1","111,313.4","110,010.5","21.14K","-0.41%"
"2025-09-05","110,652.2","110,727.9","113,315.6","110,234.6","63.56K","-0.05%"
"2025-09-04","110,712.7","111,716.5","112,189.1","109,344.8","43.30K","-0.90%"
"2025-09-03","111,716.5","111,227.9","112,568.1","110,547.9","43.05K","0.45%"
"2025-09-02","111,218.3","109,241.6","111,714.6","108,425.3","60.02K","1.81%"
"2025-09-01","109,243.3","108,247.3","109,898.5","107,274.7","53.13K","0.94%"
"2025-08-31","108,226.8","108,818.1","109,484.2","108,092.6","33.80K","-0.54%"
"2025-08-30","108,818.1","108,367.7","108,925.3","107,433.4","41.99K","0.43%"
"2025-08-29","108,355.6","112,568.9","112,617.3","107,538.7","69.98K","-3.74%"
"2025-08-28","112,568.9","111,263.2","113,464.6","110,887.7","41.38K","1.18%"
"2025-08-27","111,255.6","111,768.6","112,611.3","110,409.9","44.41K","-0.46%"
"2025-08-26","111,768.6","110,118.4","112,377.0","108,768.3","62.08K","1.50%"
"2025-08-25","110,118.4","113,486.6","113,665.1","109,295.1","76.94K","-2.97%"
"2025-08-24","113,483.2","115,431.5","115,663.3","110,815.9","64.88K","-1.69%"
"2025-08-23","115,433.3","116,928.9","117,024.3","114,576.5","39.63K","-1.28%"
"2025-08-22","116,928.9","112,492.9","117,416.9","111,698.5","72.83K","3.95%"
"2025-08-21","112,481.1","114,275.0","114,776.3","112,023.0","43.00K","-1.57%"
"2025-08-20","114,275.0","112,878.1","114,616.7","112,409.4","54.63K","1.24%"
"2025-08-19","112,880.3","116,218.9","116,729.2","112,750.9","62.15K","-2.86%"
"2025-08-18","116,203.8","117,417.9","117,552.7","114,653.8","58.82K","-1.02%"
"2025-08-17","117,405.4","117,393.8","118,559.4","117,192.4","21.87K","-0.01%"
"2025-08-16","117,413.4","117,356.3","117,914.9","117,195.6","25.18K","0.05%"
"2025-08-15","117,356.3","118,314.1","119,231.9","116,816.8","45.23K","-0.81%"
"2025-08-14","118,314.2","123,313.6","124,436.8","117,275.1","86.59K","-4.06%"
"2025-08-13","123,323.4","120,138.4","123,651.8","118,959.9","76.09K","2.64%"
"2025-08-12","120,146.2","118,689.6","120,317.2","118,217.4","56.86K","1.23%"
"2025-08-11","118,689.6","119,291.8","122,319.5","118,242.5","81.13K","-0.50%"
"2025-08-10","119,287.0","116,468.4","119,305.3","116,468.4","46.65K","2.42%"
"2025-08-09","116,471.6","116,676.5","117,893.0","116,357.7","34.33K","-0.18%"
"2025-08-08","116,676.3","117,480.5","117,625.1","115,917.8","39.88K","-0.68%"
"2025-08-07","117,480.5","115,002.1","117,628.4","114,267.3","47.52K","2.16%"
"2025-08-06","115,002.1","114,131.7","115,714.0","113,361.2","34.73K","0.76%"
"2025-08-05","114,139.1","115,055.3","115,111.7","112,678.9","41.41K","-0.80%"
"2025-08-04","115,055.3","114,213.1","115,720.9","114,116.1","36.55K","0.74%"
"2025-08-03","114,213.1","112,547.9","114,758.4","111,992.4","27.15K","1.48%"
"2025-08-02","112,547.7","113,306.4","114,050.0","112,015.5","38.34K","-0.67%"
"2025-08-01","113,312.1","115,766.7","116,054.6","112,760.6","77.85K","-2.12%"
"2025-07-31","115,765.0","117,840.4","118,920.7","115,510.0","56.43K","-1.76%"
"2025-07-30","117,840.4","117,949.8","118,693.5","115,830.7","48.17K","-0.09%"
"2025-07-29","117,950.1","118,054.8","119,261.0","117,002.7","51.88K","-0.09%"
"2025-07-28","118,053.9","119,402.7","119,788.2","117,426.5","61.81K","-1.13%"
"2025-07-27","119,398.1","117,918.3","119,771.1","117,840.4","34.87K","1.26%"
"2025-07-26","117,917.6","117,632.2","118,298.1","117,150.5","31.06K","0.24%"
"2025-07-25","117,631.9","118,311.5","118,449.8","114,843.5","131.51K","-0.57%"
"2025-07-24","118,310.9","118,760.7","119,459.7","117,141.7","55.00K","-0.38%"
"2025-07-23","118,763.0","119,965.5","120,089.5","117,345.2","50.19K","-1.00%"
"2025-07-22","119,965.5","117,388.2","120,253.1","116,199.1","70.23K","2.20%"
"2025-07-21","117,388.1","117,297.2","119,634.0","116,540.9","54.78K","0.08%"
"2025-07-20","117,297.2","117,848.4","118,860.0","116,515.2","40.07K","-0.47%"
"2025-07-19","117,848.4","117,942.3","118,508.2","117,308.6","23.56K","-0.08%"
"2025-07-18","117,940.3","119,196.4","120,801.2","116,839.2","66.90K","-1.05%"
"2025-07-17","119,194.9","118,680.6","120,944.5","117,489.7","55.75K","0.43%"
"2025-07-16","118,683.2","117,762.4","120,028.0","117,030.5","60.71K","0.78%"
"2025-07-15","117,762.3","119,846.7","119,944.0","115,774.0","113.79K","-1.74%"
"2025-07-14","119,849.5","119,092.2","123,104.7","118,913.7","89.94K","0.64%"
"2025-07-13","119,090.6","117,422.4","119,441.6","117,247.7","33.24K","1.42%"
"2025-07-12","117,419.5","117,535.6","118,206.6","116,951.2","32.19K","-0.10%"
"2025-07-11","117,535.6","115,994.0","118,848.4","115,261.9","89.27K","1.33%"
"2025-07-10","115,993.6","111,246.1","116,626.3","110,631.9","82.26K","4.27%"
"2025-07-09","111,246.0","108,913.1","111,915.7","108,329.9","56.81K","2.14%"
"2025-07-08","108,913.1","108,267.6","109,208.3","107,474.2","32.36K","0.59%"
"2025-07-07","108,269.6","109,207.0","109,686.8","107,526.5","35.34K","-0.86%"
"2025-07-06","109,207.0","108,204.7","109,701.8","107,818.8","21.94K","0.93%"
"2025-07-05","108,204.7","107,989.6","108,357.5","107,797.8","14.93K","0.20%"
"2025-07-04","107,989.6","109,600.8","109,723.7","107,268.2","40.92K","-1.47%"
"2025-07-03","109,600.5","108,846.7","110,506.8","108,550.8","45.39K","0.70%"
"2025-07-02","108,843.7","105,694.0","109,727.8","105,163.5","62.51K","2.98%"
"2025-07-01","105,694.3","107,176.4","107,532.3","105,289.4","40.28K","-1.38%"
"2025-06-30","107,171.1","108,362.3","108,777.0","106,743.1","37.46K","-1.10%"
"2025-06-29","108,361.1","107,304.3","108,470.5","107,188.4","25.96K","0.98%"
"2025-06-28","107,304.4","107,048.2","107,542.3","106,822.0","14.26K","0.24%"
"2025-06-27","107,044.2","106,948.0","107,726.5","106,414.1","46.24K","0.09%"
"2025-06-26","106,945.9","107,350.6","108,261.2","106,650.0","38.70K","-0.38%"
"2025-06-25","107,349.4","106,086.0","108,128.0","105,828.2","58.14K","1.20%"
"2025-06-24","106,078.6","105,376.9","106,268.7","104,642.9","52.81K","0.67%"
"2025-06-23","105,376.9","100,782.5","106,032.7","99,696.9","83.16K","4.34%"
"2025-06-22","100,990.4","102,114.5","103,300.4","98,249.2","81.37K","-1.10%"
"2025-06-21","102,113.2","103,287.2","103,989.3","100,947.8","37.52K","-1.13%"
"2025-06-20","103,280.5","104,669.6","106,520.3","102,396.8","51.48K","-1.33%"
"2025-06-19","104,669.6","104,894.2","105,220.5","103,934.5","28.47K","-0.21%"
"2025-06-18","104,894.2","104,571.4","105,553.0","103,622.4","45.60K","0.32%"
"2025-06-17","104,559.8","106,769.8","107,747.4","103,386.3","60.73K","-2.04%"
"2025-06-16","106,740.4","105,594.0","108,899.3","104,993.8","50.95K","1.09%"
"2025-06-15","105,591.8","105,421.6","106,098.9","104,502.0","26.22K","0.16%"
"2025-06-14","105,421.5","106,028.5","106,196.9","104,321.0","30.99K","-0.62%"
"2025-06-13","106,080.3","105,702.7","106,147.0","102,739.6","73.84K","0.36%"
"2025-06-12","105,703.0","108,662.2","108,776.2","105,703.0","59.87K","-2.72%"
"2025-06-11","108,661.2","110,269.2","110,386.1","108,081.9","44.80K","-1.46%"
"2025-06-10","110,269.2","110,268.3","110,369.2","108,380.6","58.28K","0.00%"
"2025-06-09","110,268.3","105,739.6","110,404.9","105,333.3","64.28K","4.28%"
"2025-06-08","105,739.6","105,564.2","106,449.3","105,011.6","29.11K","0.17%"
"2025-06-07","105,564.2","104,308.3","105,911.7","103,911.0","32.39K","1.20%"
"2025-06-06","104,308.3","101,524.1","105,306.5","101,127.6","61.97K","2.74%"
"2025-06-05","101,521.9","104,690.6","105,914.4","100,421.1","73.53K","-3.03%"
"2025-06-04","104,695.6","105,383.5","105,971.2","104,224.0","50.06K","-0.66%"
"2025-06-03","105,388.3","105,845.6","106,758.4","104,886.9","49.47K","-0.43%"
"2025-06-02","105,845.6","105,635.2","105,930.7","103,729.7","46.44K","0.20%"
"2025-06-01","105,635.2","104,598.0","105,867.5","103,768.6","33.03K","0.99%"
"2025-05-31","104,598.0","103,981.9","104,888.4","103,091.3","35.80K","0.59%"
"2025-05-30","103,981.3","105,598.8","106,314.9","103,693.9","71.98K","-1.53%"
"2025-05-29","105,600.0","107,759.1","108,896.7","105,399.9","70.02K","-2.03%"
"2025-05-28","107,786.7","108,905.7","109,238.3","106,804.9","51.84K","-1.06%"
"2025-05-27","108,944.0","109,455.3","110,718.7","107,572.2","65.02K","-0.47%"
"2025-05-26","109,455.3","109,014.9","110,401.4","108,694.0","48.01K","0.40%"
"2025-05-25","109,021.1","107,763.0","109,203.4","106,648.3","52.49K","1.17%"
"2025-05-24","107,763.0","107,313.5","109,476.4","106,904.5","52.26K","0.42%"
"2025-05-23","107,313.4","111,702.6","111,778.7","106,855.4","87.57K","-3.93%"
"2025-05-22","111,702.7","109,632.6","111,953.6","109,281.8","96.35K","1.88%"
"2025-05-21","109,640.1","106,814.7","110,628.8","106,109.5","124.17K","2.64%"
"2025-05-20","106,815.8","105,586.1","107,270.5","104,199.3","76.08K","1.16%"
"2025-05-19","105,585.8","106,507.7","107,081.3","102,088.2","90.49K","-0.86%"
"2025-05-18","106,504.5","103,113.9","106,577.0","103,113.9","62.47K","3.29%"
"2025-05-17","103,112.6","103,473.9","103,712.3","102,626.5","37.43K","-0.36%"
"2025-05-16","103,480.5","103,764.6","104,544.1","103,126.5","53.27K","-0.27%"
"2025-05-15","103,765.4","103,513.2","104,153.8","101,436.8","59.68K","0.24%"
"2025-05-14","103,513.9","104,116.3","104,316.0","102,632.9","55.58K","-0.58%"
"2025-05-13","104,119.2","102,794.9","104,972.9","101,510.2","71.91K","1.29%"
"2025-05-12","102,795.0","104,119.2","105,765.2","100,766.8","90.21K","-1.27%"
"2025-05-11","104,119.2","104,748.3","104,930.9","103,358.8","54.76K","-0.65%"
"2025-05-10","104,798.0","102,974.7","104,969.8","102,837.2","48.42K","1.77%"
"2025-05-09","102,975.1","103,270.7","104,308.7","102,365.7","87.34K","-0.29%"
"2025-05-08","103,274.3","97,035.1","103,885.4","96,901.9","110.60K","6.43%"
"2025-05-07","97,035.1","96,817.9","97,647.5","95,798.4","59.98K","0.22%"
"2025-05-06","96,825.4","94,745.9","96,893.9","93,408.8","55.76K","2.20%"
"2025-05-05","94,745.2","94,314.6","95,206.8","93,590.8","59.21K","0.45%"
"2025-05-04","94,316.9","95,885.5","96,297.8","94,206.1","41.31K","-1.64%"
"2025-05-03","95,885.8","96,894.3","96,922.2","95,785.5","36.24K","-1.04%"
"2025-05-02","96,894.4","96,497.3","97,881.8","96,359.3","51.94K","0.41%"
"2025-05-01","96,499.3","94,181.3","97,394.3","94,168.1","74.56K","2.46%"
"2025-04-30","94,184.4","94,265.0","95,223.4","93,049.6","57.10K","-0.09%"
"2025-04-29","94,269.8","94,995.4","95,453.4","93,758.0","59.86K","-0.76%"
"2025-04-28","94,995.0","93,742.5","95,580.3","92,818.9","73.63K","1.34%"
"2025-04-27","93,742.5","94,631.4","95,324.4","93,640.7","36.66K","-0.94%"
"2025-04-26","94,631.4","94,669.3","95,207.0","93,891.8","33.77K","-0.05%"
"2025-04-25","94,676.9","93,979.4","95,718.6","92,867.2","92.04K","0.74%"
"2025-04-24","93,980.3","93,696.3","94,001.0","91,673.0","66.68K","0.30%"
"2025-04-23","93,697.7","93,442.2","94,462.6","91,963.4","90.35K","0.27%"
"2025-04-22","93,441.9","87,516.0","93,816.9","87,105.2","130.17K","6.77%"
"2025-04-21","87,516.0","85,179.0","88,449.6","85,148.8","98.50K","2.74%"
"2025-04-20","85,179.0","85,075.5","85,321.0","83,976.1","32.08K","0.13%"
"2025-04-19","85,068.1","84,472.4","85,604.3","84,366.5","32.07K","0.70%"
"2025-04-18","84,474.6","84,947.7","85,106.1","84,331.0","25.83K","-0.55%"
"2025-04-17","84,940.0","84,032.2","85,467.3","83,786.2","49.28K","1.08%"
"2025-04-16","84,032.2","83,648.1","85,438.2","83,143.5","63.97K","0.46%"
"2025-04-15","83,647.0","84,586.8","86,438.8","83,602.7","62.45K","-1.11%"
"2025-04-14","84,586.4","83,752.8","85,794.9","83,705.2","78.03K","1.02%"
"2025-04-13","83,734.4","85,282.5","85,999.5","83,049.6","70.93K","-1.83%"
"2025-04-12","85,292.7","83,420.5","85,893.5","82,828.0","55.60K","2.25%"
"2025-04-11","83,413.1","79,606.1","84,275.0","79,004.2","94.62K","4.78%"
"2025-04-10","79,607.5","82,606.8","82,737.5","78,495.8","92.83K","-3.63%"
"2025-04-09","82,607.0","76,312.3","83,566.7","74,657.3","172.18K","8.25%"
"2025-04-08","76,312.5","79,166.7","80,839.8","76,255.0","93.88K","-3.60%"
"2025-04-07","79,162.5","78,406.6","81,095.9","74,524.2","170.57K","0.98%"
"2025-04-06","78,391.3","83,528.0","83,731.7","77,171.1","79.17K","-6.18%"
"2025-04-05","83,552.1","83,876.0","84,249.3","82,384.4","32.71K","-0.38%"
"2025-04-04","83,866.7","83,160.2","84,704.1","81,691.1","91.54K","0.85%"
"2025-04-03","83,159.4","82,522.6","83,908.9","81,313.8","83.15K","0.77%"
"2025-04-02","82,525.0","85,166.0","88,377.3","82,358.9","104.05K","-3.10%"
"2025-04-01","85,164.2","82,548.6","85,506.2","82,435.8","66.72K","3.17%"
"2025-03-31","82,548.8","82,375.4","83,895.6","81,300.1","61.76K","0.22%"
"2025-03-30","82,371.6","82,646.8","83,532.9","81,593.2","35.37K","-0.33%"
"2025-03-29","82,645.7","84,412.1","84,603.4","81,668.2","39.34K","-2.09%"
"2025-03-28","84,410.4","87,209.5","87,507.5","83,596.7","85.25K","-3.23%"
"2025-03-27","87,228.2","86,937.0","87,751.4","85,844.4","56.49K","0.36%"
"2025-03-26","86,912.0","87,349.8","88,276.7","85,866.4","62.04K","-0.56%"
"2025-03-25","87,404.0","87,495.3","88,523.3","86,328.5","75.24K","-0.10%"
"2025-03-24","87,490.0","86,076.1","88,740.2","85,541.6","95.71K","1.64%"
"2025-03-23","86,077.4","83,840.2","86,082.0","83,812.7","31.13K","2.67%"
"2025-03-22","83,840.5","84,076.6","84,526.3","83,688.2","20.84K","-0.28%"
"2025-03-21","84,073.3","84,208.7","84,831.0","83,215.9","42.80K","-0.16%"
"2025-03-20","84,208.1","86,841.3","87,419.0","83,656.1","69.86K","-3.03%"
"2025-03-19","86,841.0","82,719.1","86,990.6","82,557.5","84.61K","4.98%"
"2025-03-18","82,719.1","84,019.1","84,019.1","81,171.3","58.17K","-1.55%"
"2025-03-17","84,019.1","82,580.3","84,729.2","82,525.0","58.04K","1.74%"
"2025-03-16","82,578.4","84,341.3","84,942.5","82,014.2","50.04K","-2.09%"
"2025-03-15","84,341.3","83,978.7","84,679.5","83,636.4","38.40K","0.43%"
"2025-03-14","83,977.1","81,103.5","85,286.6","80,833.2","81.23K","3.55%"
"2025-03-13","81,100.2","83,664.7","84,292.0","79,954.9","79.25K","-3.06%"
"2025-03-12","83,664.3","82,921.1","84,266.5","80,646.6","88.61K","0.90%"
"2025-03-11","82,921.1","78,579.7","83,572.6","76,677.1","123.59K","5.53%"
"2025-03-10","78,575.9","80,702.2","83,902.8","77,480.5","120.23K","-2.62%"
"2025-03-09","80,691.6","86,221.5","86,498.6","80,048.9","69.90K","-6.41%"
"2025-03-08","86,221.9","86,783.8","86,886.8","85,264.6","41.90K","-0.36%"
"2025-03-07","86,531.2","89,879.5","91,059.8","84,864.3","138.11K","-3.78%"
"2025-03-06","89,930.9","90,611.7","92,802.0","87,849.6","89.27K","-0.75%"
"2025-03-05","90,611.7","87,269.5","90,937.8","86,429.4","95.54K","3.83%"
"2025-03-04","87,266.3","86,083.8","88,887.8","81,617.0","132.50K","1.23%"
"2025-03-03","86,209.7","94,266.1","94,266.1","85,140.8","143.15K","-8.55%"
"2025-03-02","94,265.1","86,065.7","94,986.5","85,069.3","126.76K","9.52%"
"2025-03-01","86,071.6","84,353.4","86,546.3","83,837.3","79.51K","2.00%"
"2025-02-28","84,381.2","84,713.3","85,028.7","78,329.8","186.90K","-0.39%"
"2025-02-27","84,714.6","84,204.6","87,013.9","82,723.5","116.14K","0.60%"
"2025-02-26","84,212.7","88,675.0","89,375.3","82,332.9","145.33K","-5.04%"
"2025-02-25","88,686.0","91,510.4","92,523.1","86,097.5","195.29K","-3.08%"
"2025-02-24","91,508.5","96,261.0","96,497.9","91,378.5","96.46K","-4.93%"
"2025-02-23","96,258.8","96,556.2","96,655.2","95,259.5","38.82K","-0.31%"
"2025-02-22","96,556.1","96,158.3","96,930.8","95,801.1","45.62K","0.42%"
"2025-02-21","96,155.6","98,310.3","99,473.4","94,903.6","104.28K","-2.19%"
"2025-02-20","98,310.3","96,645.2","98,721.6","96,441.9","61.84K","1.72%"
"2025-02-19","96,644.8","95,663.7","96,829.6","95,049.1","58.27K","1.05%"
"2025-02-18","95,638.0","95,781.5","96,645.1","93,403.4","74.09K","-0.15%"
"2025-02-17","95,781.3","96,120.2","97,002.3","95,222.0","58.40K","-0.36%"
"2025-02-16","96,132.1","97,573.1","97,706.5","96,060.2","33.35K","-1.48%"
"2025-02-15","97,573.4","97,504.4","97,973.2","97,210.8","29.65K","0.07%"
"2025-02-14","97,504.6","96,611.6","98,817.3","96,316.5","65.37K","0.93%"
"2025-02-13","96,610.2","97,874.7","98,079.6","95,295.4","66.76K","-1.30%"
"2025-02-12","97,881.3","95,777.2","98,095.8","94,110.7","87.21K","2.20%"
"2025-02-11","95,771.7","97,434.7","98,476.5","94,902.7","69.89K","-1.71%"
"2025-02-10","97,434.7","96,469.2","98,311.6","95,307.7","71.43K","1.00%"
"2025-02-09","96,469.2","96,448.4","97,297.8","94,750.4","48.38K","0.02%"
"2025-02-08","96,447.9","96,513.5","96,862.8","95,716.1","38.99K","-0.07%"
"2025-02-07","96,513.5","96,564.8","100,133.9","95,693.7","97.60K","-0.06%"
"2025-02-06","96,568.8","96,606.3","99,119.2","95,706.6","76.92K","-0.03%"
"2025-02-05","96,595.3","97,784.8","99,028.3","96,163.8","82.92K","-1.23%"
"2025-02-04","97,793.4","101,339.7","101,692.9","96,190.5","117.35K","-3.50%"
"2025-02-03","101,337.1","97,686.0","102,372.2","91,695.8","190.81K","3.74%"
"2025-02-02","97,684.9","100,647.1","101,451.0","96,250.2","99.36K","-2.94%"
"2025-02-01","100,648.0","102,421.3","102,770.8","100,293.5","47.48K","-1.73%"
"2025-01-31","102,424.2","104,726.9","105,876.3","101,576.0","82.79K","-2.20%"
"2025-01-30","104,726.9","103,723.0","106,409.1","103,388.4","74.84K","0.97%"
"2025-01-29","103,722.0","101,342.1","104,760.0","101,340.6","74.38K","2.34%"
"2025-01-28","101,349.3","102,085.2","103,584.1","100,288.0","74.69K","-0.73%"
"2025-01-27","102,091.7","102,618.3","103,234.8","97,987.5","146.38K","-0.53%"
"2025-01-26","102,637.8","104,743.8","105,399.8","102,543.8","32.18K","-2.01%"
"2025-01-25","104,742.9","104,861.4","105,255.6","104,133.9","37.68K","-0.11%"
"2025-01-24","104,862.3","103,913.6","107,102.2","102,760.0","83.96K","0.91%"
"2025-01-23","103,912.1","103,681.3","106,806.5","101,281.6","141.80K","0.22%"
"2025-01-22","103,684.8","106,157.2","106,266.2","103,354.4","77.56K","-2.33%"
"2025-01-21","106,157.2","102,190.2","107,211.9","100,192.5","129.36K","3.87%"
"2025-01-20","102,197.7","101,313.3","109,228.6","99,676.0","202.66K","0.87%"
"2025-01-19","101,319.5","104,536.8","106,338.2","99,742.7","123.72K","-3.08%"
"2025-01-18","104,536.9","104,084.7","104,953.1","102,297.0","79.30K","0.43%"
"2025-01-17","104,084.9","99,991.9","105,843.8","99,956.2","127.33K","4.08%"
"2025-01-16","100,004.5","100,499.9","100,812.4","97,400.2","87.08K","-0.49%"
"2025-01-15","100,499.8","96,547.4","100,671.0","96,501.9","95.32K","4.10%"
"2025-01-14","96,542.1","94,536.7","97,361.2","94,359.5","87.79K","2.12%"
"2025-01-13","94,536.1","94,545.0","95,928.1","89,423.1","37.70K","-0.01%"
"2025-01-12","94,541.8","94,600.0","95,384.3","93,711.2","17.60K","-0.07%"
"2025-01-11","94,612.0","94,724.0","94,765.5","93,847.8","72.66K","-0.12%"
"2025-01-10","94,724.1","92,540.5","95,760.6","92,310.6","125.42K","2.36%"
"2025-01-09","92,539.8","95,066.6","95,323.1","91,241.9","132.78K","-2.66%"
"2025-01-08","95,066.6","96,938.2","97,266.4","92,716.6","100.36K","-1.92%"
"2025-01-07","96,929.8","102,247.9","102,678.2","96,201.3","99.77K","-5.20%"
"2025-01-06","102,248.7","98,373.2","102,474.5","97,932.3","86.73K","3.97%"
"2025-01-05","98,347.7","98,220.1","98,823.1","97,300.0","31.34K","0.13%"
"2025-01-04","98,219.9","98,168.9","98,742.6","97,568.9","36.56K","0.05%"
"2025-01-03","98,167.5","96,960.2","98,963.3","96,090.6","61.62K","1.25%"
"2025-01-02","96,960.0","94,561.1","97,808.0","94,381.2","76.13K","2.54%"
"2025-01-01","94,560.2","93,557.3","95,100.0","92,939.3","43.34K","1.07%"
"2024-12-31","93,557.2","92,777.2","96,163.4","92,036.2","74.85K","0.84%"
"2024-12-30","92,779.8","93,718.7","94,936.4","91,522.3","112.43K","-1.00%"
"2024-12-29","93,716.3","95,282.6","95,315.4","93,026.7","47.71K","-1.65%"
"2024-12-28","95,284.5","94,274.9","95,684.3","94,124.7","32.97K","1.07%"
"2024-12-27","94,275.9","95,776.4","97,243.3","93,472.8","85.12K","-1.57%"
"2024-12-26","95,777.7","99,389.4","99,922.5","95,193.3","74.60K","-3.64%"
"2024-12-25","99,391.3","98,661.9","99,514.1","97,651.9","39.80K","0.73%"
"2024-12-24","98,668.1","94,852.8","99,446.6","93,566.2","69.86K","4.02%"
"2024-12-23","94,852.1","95,184.8","96,517.8","92,543.2","133.24K","-0.35%"
"2024-12-22","95,183.8","97,281.6","97,422.2","94,265.2","100.64K","-2.13%"
"2024-12-21","97,253.3","97,799.1","99,531.9","96,478.6","123.36K","-0.55%"
"2024-12-20","97,795.7","97,468.3","98,178.2","92,301.9","221.18K","0.34%"
"2024-12-19","97,466.1","100,190.5","102,778.8","95,672.2","200.57K","-2.73%"
"2024-12-18","100,197.8","106,140.7","106,477.6","100,049.3","187.49K","-5.60%"
"2024-12-17","106,138.9","106,053.4","108,244.9","105,350.6","149.37K","0.08%"
"2024-12-16","106,057.6","104,479.2","107,767.6","103,351.7","232.66K","1.55%"
"2024-12-15","104,443.0","101,417.9","105,120.9","101,234.9","133.99K","2.98%"
"2024-12-14","101,417.7","101,423.7","102,633.0","100,626.3","105.31K","-0.01%"
"2024-12-13","101,426.2","100,008.3","101,891.2","99,214.2","162.40K","1.42%"
"2024-12-12","100,009.9","101,126.3","102,495.3","99,334.5","188.96K","-1.10%"
"2024-12-11","101,126.2","96,603.2","101,877.1","95,689.5","250.02K","4.69%"
"2024-12-10","96,600.3","97,311.5","98,237.8","94,304.5","271.45K","-0.78%"
"2024-12-09","97,359.4","101,129.7","101,198.6","94,395.8","321.01K","-3.72%"
"2024-12-08","101,115.8","99,837.0","101,339.9","98,713.9","128.93K","1.28%"
"2024-12-07","99,837.0","99,757.2","100,441.8","98,969.0","118.44K","0.08%"
"2024-12-06","99,760.7","96,968.9","101,908.5","96,452.0","213.49K","2.88%"
"2024-12-05","96,970.8","98,624.8","103,719.4","92,510.4","245.79K","-1.69%"
"2024-12-04","98,635.8","95,900.1","99,030.7","94,625.3","113.77K","2.85%"
"2024-12-03","95,898.7","95,843.9","96,245.0","93,646.1","95.08K","0.05%"
"2024-12-02","95,846.6","97,199.3","98,082.0","94,510.6","95.80K","-1.39%"
"2024-12-01","97,201.4","96,404.7","97,813.9","95,721.8","42.90K","0.83%"
"2024-11-30","96,405.7","97,438.5","97,461.9","96,119.6","36.92K","-1.06%"
"2024-11-29","97,438.0","95,645.6","98,599.8","95,405.7","76.54K","1.87%"
"2024-11-28","95,645.5","95,881.4","96,549.0","94,648.8","68.17K","-0.25%"
"2024-11-27","95,886.6","91,975.5","97,219.8","91,795.5","106.39K","4.25%"
"2024-11-26","91,977.6","93,046.5","94,978.8","90,817.2","131.88K","-1.17%"
"2024-11-25","93,064.4","97,948.8","98,872.4","92,875.3","124.98K","-4.97%"
"2024-11-24","97,935.2","97,696.4","98,552.6","95,765.4","77.04K","0.24%"
"2024-11-23","97,699.0","98,927.2","98,927.2","97,180.9","72.17K","-1.24%"
"2024-11-22","98,929.7","98,381.2","99,617.4","97,182.2","132.23K","0.56%"
"2024-11-21","98,374.5","94,308.7","98,937.2","94,063.8","179.07K","4.32%"
"2024-11-20","94,303.9","92,252.6","94,836.1","91,517.4","121.46K","2.24%"
"2024-11-19","92,239.2","90,482.1","93,918.5","90,378.7","146.04K","1.95%"
"2024-11-18","90,478.7","89,843.3","92,567.1","89,410.4","150.47K","0.72%"
"2024-11-17","89,833.7","90,569.4","91,441.6","88,736.1","81.24K","-0.78%"
"2024-11-16","90,539.1","91,035.3","91,748.9","90,079.0","79.82K","-0.56%"
"2024-11-15","91,046.5","87,297.2","91,833.1","87,118.8","158.19K","4.30%"
"2024-11-14","87,294.0","90,424.8","91,726.7","86,740.2","153.34K","-3.46%"
"2024-11-13","90,422.2","87,971.2","93,226.6","86,168.4","257.57K","2.82%"
"2024-11-12","87,941.3","88,665.0","89,929.6","85,122.2","288.68K","-0.82%"
"2024-11-11","88,664.1","80,389.0","89,519.0","80,231.8","254.04K","10.29%"
"2024-11-10","80,388.5","76,681.4","81,373.5","76,520.5","193.83K","4.81%"
"2024-11-09","76,700.3","76,506.1","76,904.0","75,732.5","72.97K","0.24%"
"2024-11-08","76,517.3","75,869.8","77,188.5","75,599.0","155.17K","0.85%"
"2024-11-07","75,868.6","75,585.5","76,837.8","74,448.2","184.16K","0.37%"
"2024-11-06","75,586.3","69,374.1","76,401.4","69,323.0","357.28K","8.96%"
"2024-11-05","69,373.7","67,848.3","70,495.6","67,473.6","108.95K","2.25%"
"2024-11-04","67,848.8","68,770.3","69,483.4","66,834.0","101.31K","-1.34%"
"2024-11-03","68,769.6","69,334.8","69,383.6","67,514.2","83.16K","-0.80%"
"2024-11-02","69,325.8","69,499.3","69,896.9","69,029.0","38.72K","-0.26%"
"2024-11-01","69,507.2","70,278.7","71,598.4","68,846.0","130.46K","-1.10%"
"2024-10-31","70,281.8","72,343.7","72,685.7","69,674.5","111.29K","-2.86%"
"2024-10-30","72,347.8","72,732.5","72,907.4","71,460.0","99.05K","-0.53%"
"2024-10-29","72,730.4","69,957.2","73,569.4","69,753.2","168.60K","3.97%"
"2024-10-28","69,954.1","68,011.9","70,203.4","67,610.0","103.97K","2.87%"
"2024-10-27","68,004.6","67,084.7","68,308.0","66,924.6","33.58K","1.37%"
"2024-10-26","67,086.8","66,694.5","67,408.4","66,443.8","42.05K","0.58%"
"2024-10-25","66,696.8","68,191.9","68,756.8","65,644.2","110.51K","-2.19%"
"2024-10-24","68,191.5","66,659.2","68,831.8","66,510.6","82.78K","2.29%"
"2024-10-23","66,663.7","67,428.6","67,441.1","65,246.7","84.99K","-1.13%"
"2024-10-22","67,427.3","67,370.8","67,815.3","66,609.4","86.76K","0.08%"
"2024-10-21","67,371.3","69,030.5","69,490.8","66,845.5","109.28K","-2.40%"
"2024-10-20","69,030.5","68,373.3","69,386.4","67,443.9","44.92K","0.96%"
"2024-10-19","68,372.0","68,426.4","68,688.8","68,025.5","33.29K","-0.07%"
"2024-10-18","68,423.1","67,416.5","68,990.3","67,190.9","99.20K","1.49%"
"2024-10-17","67,418.4","67,618.1","67,933.5","66,677.3","84.68K","-0.30%"
"2024-10-16","67,617.9","67,075.1","68,389.4","66,766.6","98.30K","0.81%"
"2024-10-15","67,077.5","66,084.1","67,821.9","64,850.6","136.72K","1.51%"
"2024-10-14","66,081.7","62,870.7","66,476.6","62,463.7","122.09K","5.11%"
"2024-10-13","62,870.9","63,205.4","63,284.6","62,054.2","42.26K","-0.53%"
"2024-10-12","63,205.1","62,506.6","63,463.1","62,486.1","40.91K","1.13%"
"2024-10-11","62,499.4","60,317.5","63,385.1","60,080.6","86.38K","3.62%"
"2024-10-10","60,316.2","60,628.9","61,304.6","59,075.7","83.86K","-0.52%"
"2024-10-09","60,628.8","62,157.0","62,537.0","60,355.5","68.79K","-2.46%"
"2024-10-08","62,157.0","62,226.9","63,196.6","61,883.2","63.75K","-0.14%"
"2024-10-07","62,245.6","62,819.8","64,449.3","62,175.8","86.27K","-0.91%"
"2024-10-06","62,819.4","62,062.0","62,934.5","61,495.4","31.72K","1.22%"
"2024-10-05","62,061.4","62,085.5","62,366.8","61,705.7","30.15K","-0.03%"
"2024-10-04","62,081.0","60,751.4","62,471.7","60,469.3","72.71K","2.19%"
"2024-10-03","60,751.2","60,642.0","61,468.9","59,904.4","82.43K","0.17%"
"2024-10-02","60,645.7","60,834.2","62,339.8","60,002.7","98.94K","-0.31%"
"2024-10-01","60,835.5","63,329.9","64,125.3","60,195.9","134.93K","-3.95%"
"2024-09-30","63,339.2","65,607.0","65,607.0","62,901.1","101.70K","-3.46%"
"2024-09-29","65,607.1","65,862.8","66,065.7","65,436.8","32.60K","-0.39%"
"2024-09-28","65,866.5","65,775.6","66,232.5","65,438.1","35.00K","0.14%"
"2024-09-27","65,776.3","65,168.8","66,440.7","64,839.2","80.55K","0.92%"
"2024-09-26","65,175.7","63,157.2","65,770.9","62,693.3","96.06K","3.20%"
"2024-09-25","63,156.5","64,262.9","64,788.4","62,952.8","62.72K","-1.71%"
"2024-09-24","64,256.8","63,335.9","64,664.1","62,740.8","76.71K","1.46%"
"2024-09-23","63,331.8","63,575.4","64,723.4","62,650.0","75.66K","-0.38%"
"2024-09-22","63,572.7","63,351.2","63,998.2","62,394.6","48.86K","0.35%"
"2024-09-21","63,348.1","63,201.2","63,526.3","62,778.6","33.20K","0.23%"
"2024-09-20","63,201.2","62,942.4","64,085.1","62,367.1","90.65K","0.42%"
"2024-09-19","62,938.6","61,754.8","63,849.6","61,596.5","120.17K","1.91%"
"2024-09-18","61,757.6","60,308.5","61,757.6","59,210.7","105.57K","2.40%"
"2024-09-17","60,309.1","58,213.1","61,309.0","57,630.2","106.30K","3.60%"
"2024-09-16","58,213.1","59,126.2","59,204.3","57,527.8","87.60K","-1.56%"
"2024-09-15","59,138.5","59,995.6","60,377.6","58,717.9","47.01K","-1.43%"
"2024-09-14","59,995.4","60,514.8","60,609.4","59,494.3","44.47K","-0.85%"
"2024-09-13","60,511.6","58,134.4","60,625.4","57,656.8","102.12K","4.09%"
"2024-09-12","58,134.5","57,335.5","58,484.1","57,329.6","98.42K","1.39%"
"2024-09-11","57,338.7","57,638.0","57,975.9","55,576.6","102.15K","-0.51%"
"2024-09-10","57,635.0","57,045.6","58,019.9","56,415.3","77.65K","1.03%"
"2024-09-09","57,049.6","54,868.0","57,956.7","54,595.4","105.33K","3.99%"
"2024-09-08","54,861.3","54,161.4","55,292.7","53,642.4","51.99K","1.30%"
"2024-09-07","54,156.5","53,965.0","54,819.2","53,754.3","58.11K","0.35%"
"2024-09-06","53,966.8","56,179.7","56,969.1","52,644.6","155.84K","-3.94%"
"2024-09-05","56,183.2","57,970.7","58,318.9","55,744.6","90.36K","-3.09%"
"2024-09-04","57,973.4","57,490.4","58,508.8","55,732.1","108.44K","0.86%"
"2024-09-03","57,479.8","59,133.7","59,799.7","57,436.9","74.77K","-2.80%"
"2024-09-02","59,134.0","57,309.0","59,416.6","57,185.8","73.18K","3.17%"
"2024-09-01","57,315.7","58,975.7","59,058.7","57,232.4","63.95K","-2.82%"
"2024-08-31","58,978.6","59,120.4","59,447.0","58,761.1","30.86K","-0.24%"
"2024-08-30","59,119.7","59,371.7","59,817.6","57,874.7","87.31K","-0.43%"
"2024-08-29","59,373.5","59,027.3","61,150.6","58,807.1","87.19K","0.61%"
"2024-08-28","59,016.0","59,425.6","60,198.4","57,912.1","109.47K","-0.73%"
"2024-08-27","59,450.9","62,832.2","63,201.4","58,187.3","108.53K","-5.40%"
"2024-08-26","62,846.2","64,240.7","64,472.5","62,841.1","68.89K","-2.22%"
"2024-08-25","64,273.2","64,160.7","64,939.2","63,796.6","41.61K","0.18%"
"2024-08-24","64,159.3","64,061.7","64,458.9","63,579.5","54.14K","0.17%"
"2024-08-23","64,053.1","60,374.7","64,830.1","60,354.4","125.50K","6.10%"
"2024-08-22","60,372.2","61,158.3","61,399.7","59,815.8","74.39K","-1.29%"
"2024-08-21","61,158.1","59,010.0","61,812.0","58,831.1","91.31K","3.65%"
"2024-08-20","59,005.8","59,470.3","61,331.6","58,612.0","69.77K","-0.78%"
"2024-08-19","59,470.9","58,445.8","59,598.5","57,872.0","49.19K","1.75%"
"2024-08-18","58,446.3","59,485.4","60,216.3","58,436.1","30.82K","-1.74%"
"2024-08-17","59,483.1","58,877.8","59,659.5","58,825.5","18.51K","1.03%"
"2024-08-16","58,877.2","57,545.1","59,817.3","57,129.1","64.01K","2.33%"
"2024-08-15","57,534.6","58,710.1","59,831.4","56,275.7","81.47K","-2.00%"
"2024-08-14","58,707.8","60,594.6","61,543.0","58,491.2","64.79K","-3.11%"
"2024-08-13","60,595.2","59,350.2","61,537.0","58,492.4","62.92K","2.10%"
"2024-08-12","59,350.0","58,711.7","60,606.2","57,689.0","79.31K","1.08%"
"2024-08-11","58,713.3","60,929.8","61,677.3","58,388.7","41.06K","-3.64%"
"2024-08-10","60,931.7","60,844.5","61,344.5","60,264.2","22.91K","0.13%"
"2024-08-09","60,850.6","61,697.8","61,712.3","59,570.2","69.55K","-1.38%"
"2024-08-08","61,699.7","55,112.8","62,563.5","54,786.9","109.77K","11.94%"
"2024-08-07","55,120.9","56,049.9","57,669.6","54,598.5","94.52K","-1.67%"
"2024-08-06","56,057.8","54,010.8","57,025.6","53,998.2","113.89K","3.85%"
"2024-08-05","53,979.0","58,142.9","58,291.4","49,486.9","333.46K","-7.16%"
"2024-08-04","58,141.8","60,700.2","61,086.5","57,346.9","72.71K","-4.21%"
"2024-08-03","60,696.7","61,480.8","62,184.2","59,914.6","65.74K","-1.27%"
"2024-08-02","61,478.7","65,351.8","65,567.1","61,242.3","93.89K","-5.96%"
"2024-08-01","65,372.9","64,625.7","65,587.9","62,303.9","84.20K","1.16%"
"2024-07-31","64,626.0","66,185.4","66,825.6","64,538.3","51.52K","-2.36%"
"2024-07-30","66,184.9","66,796.1","66,998.3","65,328.7","54.43K","-0.92%"
"2024-07-29","66,798.7","68,256.3","70,000.2","66,544.5","85.67K","-2.14%"
"2024-07-28","68,256.3","67,888.9","68,291.9","67,067.8","26.17K","0.61%"
"2024-07-27","67,843.1","67,910.8","69,387.6","66,776.8","67.99K","-0.10%"
"2024-07-26","67,908.6","65,799.7","68,205.0","65,764.3","59.13K","3.21%"
"2024-07-25","65,799.3","65,363.9","66,088.6","63,500.9","77.46K","0.66%"
"2024-07-24","65,370.5","65,936.8","67,072.1","65,155.2","52.47K","-0.86%"
"2024-07-23","65,937.8","67,550.4","67,750.2","65,512.9","69.58K","-2.39%"
"2024-07-22","67,553.6","68,158.4","68,468.9","66,601.8","54.88K","-0.89%"
"2024-07-21","68,158.7","67,147.8","68,352.9","65,825.6","47.19K","1.50%"
"2024-07-20","67,148.5","66,677.0","67,586.4","66,257.4","32.94K","0.71%"
"2024-07-19","66,677.4","63,981.2","67,390.4","63,326.1","82.87K","4.22%"
"2024-07-18","63,980.5","64,090.4","65,102.0","63,253.5","51.27K","-0.17%"
"2024-07-17","64,089.2","65,052.8","66,051.5","63,897.5","66.11K","-1.48%"
"2024-07-16","65,049.7","64,749.2","65,319.5","62,430.8","93.63K","0.41%"
"2024-07-15","64,782.4","60,794.7","64,869.5","60,678.8","96.02K","6.56%"
"2024-07-14","60,794.9","59,207.9","61,326.9","59,207.9","47.48K","2.68%"
"2024-07-13","59,209.8","57,897.4","59,826.5","57,770.6","34.28K","2.29%"
"2024-07-12","57,885.1","57,338.3","58,520.9","56,575.7","56.84K","0.96%"
"2024-07-11","57,337.3","57,745.9","59,404.4","57,095.0","66.40K","-0.71%"
"2024-07-10","57,746.7","58,040.2","59,393.8","57,185.3","59.60K","-0.50%"
"2024-07-09","58,039.4","56,721.3","58,234.0","56,306.3","64.25K","2.32%"
"2024-07-08","56,724.7","55,850.2","58,115.8","54,320.0","102.91K","1.55%"
"2024-07-07","55,861.1","58,240.2","58,394.6","55,756.3","41.12K","-4.12%"
"2024-07-06","58,259.2","56,640.0","58,462.0","56,026.8","46.91K","2.86%"
"2024-07-05","56,641.8","57,025.7","57,471.1","53,883.4","175.51K","-0.67%"
"2024-07-04","57,026.3","60,201.4","60,463.0","56,812.7","116.38K","-5.27%"
"2024-07-03","60,199.3","62,104.9","62,263.6","59,466.6","73.34K","-3.07%"
"2024-07-02","62,103.3","62,888.3","63,257.0","61,797.6","46.52K","-1.25%"
"2024-07-01","62,890.1","62,768.8","63,842.1","62,558.0","59.94K","0.22%"
"2024-06-30","62,754.3","60,973.1","63,006.6","60,703.7","37.21K","2.92%"
"2024-06-29","60,973.4","60,403.7","61,192.8","60,382.8","26.56K","0.94%"
"2024-06-28","60,403.3","61,684.6","62,175.4","60,081.9","58.95K","-2.08%"
"2024-06-27","61,685.3","60,848.3","62,351.2","60,629.4","48.79K","1.37%"
"2024-06-26","60,849.4","61,809.9","62,469.4","60,715.1","54.95K","-1.55%"
"2024-06-25","61,809.4","60,292.0","62,266.0","60,262.2","77.28K","2.52%"
"2024-06-24","60,292.7","63,201.6","63,357.1","58,589.9","120.60K","-4.59%"
"2024-06-23","63,196.2","64,261.0","64,518.9","63,195.3","19.94K","-1.66%"
"2024-06-22","64,261.0","64,131.9","64,523.9","63,944.0","17.55K","0.21%"
"2024-06-21","64,128.5","64,854.3","65,054.9","63,427.9","60.86K","-1.12%"
"2024-06-20","64,854.3","64,982.1","66,474.2","64,566.7","56.24K","-0.19%"
"2024-06-19","64,980.9","65,159.8","65,706.4","64,705.6","42.96K","-0.27%"
"2024-06-18","65,159.9","66,495.7","66,571.2","64,098.4","93.72K","-2.01%"
"2024-06-17","66,498.8","66,672.9","67,253.8","65,115.4","66.09K","-0.26%"
"2024-06-16","66,674.7","66,223.0","66,951.4","66,038.1","20.74K","0.68%"
"2024-06-15","66,223.0","66,034.1","66,446.4","65,895.1","24.05K","0.29%"
"2024-06-14","66,034.8","66,775.2","67,347.7","65,076.5","65.18K","-1.11%"
"2024-06-13","66,773.1","68,260.6","68,384.6","66,324.3","66.36K","-2.18%"
"2024-06-12","68,260.1","67,320.9","69,990.8","66,911.5","85.55K","1.40%"
"2024-06-11","67,319.8","69,537.9","69,573.3","66,197.8","96.70K","-3.19%"
"2024-06-10","69,538.2","69,650.2","70,152.5","69,259.9","39.12K","-0.16%"
"2024-06-09","69,650.6","69,310.5","69,847.8","69,136.7","20.99K","0.49%"
"2024-06-08","69,310.1","69,347.0","69,572.1","69,222.4","23.03K","-0.05%"
"2024-06-07","69,347.9","70,793.4","71,956.5","68,620.7","82.62K","-2.04%"
"2024-06-06","70,791.5","71,083.6","71,616.1","70,178.7","49.79K","-0.41%"
"2024-06-05","71,083.7","70,550.9","71,744.4","70,397.1","67.06K","0.76%"
"2024-06-04","70,549.2","68,808.0","71,034.2","68,564.3","75.69K","2.53%"
"2024-06-03","68,807.8","67,763.3","70,131.0","67,616.8","69.42K","1.53%"
"2024-06-02","67,773.5","67,760.8","68,447.5","67,330.6","30.63K","0.02%"
"2024-06-01","67,760.8","67,533.9","67,861.0","67,449.6","19.01K","0.34%"
"2024-05-31","67,530.1","68,352.3","69,018.2","66,676.8","61.51K","-1.21%"
"2024-05-30","68,354.7","67,631.3","69,504.7","67,138.4","66.84K","1.06%"
"2024-05-29","67,635.8","68,366.2","68,897.6","67,143.2","52.13K","-1.07%"
"2024-05-28","68,366.0","69,428.3","69,560.7","67,299.9","71.39K","-1.53%"
"2024-05-27","69,428.7","68,514.6","70,638.3","68,275.2","49.07K","1.33%"
"2024-05-26","68,514.8","69,287.2","69,494.0","68,294.5","24.58K","-1.11%"
"2024-05-25","69,284.4","68,548.2","69,558.8","68,516.1","25.17K","1.07%"
"2024-05-24","68,547.6","67,971.1","69,212.0","66,685.8","63.28K","0.84%"
"2024-05-23","67,975.7","69,166.3","70,041.0","66,578.1","89.45K","-1.71%"
"2024-05-22","69,155.4","70,141.0","70,593.4","69,024.3","65.08K","-1.40%"
"2024-05-21","70,139.9","71,430.5","71,872.0","69,181.7","108.56K","-1.80%"
"2024-05-20","71,422.7","66,278.3","71,482.8","66,076.5","112.66K","7.76%"
"2024-05-19","66,279.1","66,919.0","67,662.5","65,937.3","36.19K","-0.95%"
"2024-05-18","66,917.5","67,036.6","67,361.4","66,636.1","29.68K","-0.18%"
"2024-05-17","67,036.8","65,231.1","67,420.7","65,121.7","63.09K","2.77%"
"2024-05-16","65,231.0","66,219.6","66,643.9","64,623.3","72.55K","-1.50%"
"2024-05-15","66,225.1","61,569.4","66,417.1","61,357.5","106.05K","7.56%"
"2024-05-14","61,569.4","62,936.8","63,102.6","61,156.9","68.84K","-2.17%"
"2024-05-13","62,937.2","61,480.5","63,443.2","60,779.0","70.55K","2.37%"
"2024-05-12","61,480.0","60,826.6","61,847.7","60,647.1","27.40K","1.07%"
"2024-05-11","60,826.6","60,796.8","61,487.5","60,499.3","27.50K","0.05%"
"2024-05-10","60,796.9","63,074.3","63,454.3","60,251.8","79.33K","-3.61%"
"2024-05-09","63,075.0","61,207.3","63,413.3","60,671.4","64.22K","3.05%"
"2024-05-08","61,207.5","62,304.9","62,997.4","60,894.2","56.47K","-1.78%"
"2024-05-07","62,317.7","63,163.1","64,361.0","62,294.1","59.74K","-1.34%"
"2024-05-06","63,163.1","64,005.8","65,448.8","62,730.7","77.68K","-1.32%"
"2024-05-05","64,006.4","63,897.7","64,587.2","62,923.9","40.51K","0.18%"
"2024-05-04","63,888.3","62,887.1","64,466.0","62,599.1","53.03K","1.61%"
"2024-05-03","62,877.5","59,104.3","63,298.4","58,830.8","100.46K","6.35%"
"2024-05-02","59,121.3","58,334.9","59,548.0","56,989.8","98.06K","1.35%"
"2024-05-01","58,331.2","60,665.0","60,827.5","56,643.5","171.55K","-3.85%"
"2024-04-30","60,666.6","63,852.4","64,700.2","59,228.7","121.04K","-5.00%"
"2024-04-29","63,860.1","63,113.7","64,193.1","61,837.2","67.26K","1.19%"
"2024-04-28","63,109.7","63,457.9","64,346.1","62,827.8","36.65K","-0.55%"
"2024-04-27","63,456.8","63,765.8","63,916.7","62,507.7","45.34K","-0.49%"
"2024-04-26","63,766.4","64,497.1","64,771.3","63,354.9","61.60K","-1.13%"
"2024-04-25","64,497.1","64,287.1","65,247.5","62,889.2","80.77K","0.33%"
"2024-04-24","64,285.7","66,414.9","67,060.5","63,606.9","77.83K","-3.21%"
"2024-04-23","66,415.0","66,829.5","67,180.0","65,848.3","52.42K","-0.62%"
"2024-04-22","66,829.3","64,940.1","67,208.0","64,527.5","72.30K","2.91%"
"2024-04-21","64,940.2","64,942.1","65,680.6","64,267.5","42.02K","-0.03%"
"2024-04-20","64,961.1","63,817.6","65,375.6","63,131.7","49.33K","1.82%"
"2024-04-19","63,799.1","63,480.5","65,441.2","59,693.3","150.34K","0.50%"
"2024-04-18","63,481.4","61,278.9","64,092.4","60,822.3","97.38K","3.59%"
"2024-04-17","61,278.9","63,802.3","64,451.5","59,820.8","118.92K","-3.96%"
"2024-04-16","63,805.3","63,416.1","64,274.4","61,715.6","114.96K","0.62%"
"2024-04-15","63,411.9","65,696.6","66,805.1","62,379.5","118.79K","-3.48%"
"2024-04-14","65,697.4","63,909.5","65,758.2","62,174.7","134.40K","2.89%"
"2024-04-13","63,849.9","67,137.4","67,921.0","61,065.5","149.48K","-4.92%"
"2024-04-12","67,151.9","70,014.9","71,226.9","65,829.3","131.84K","-4.08%"
"2024-04-11","70,011.6","70,620.4","71,249.2","69,586.1","72.51K","-0.86%"
"2024-04-10","70,622.1","69,147.8","71,086.9","67,570.0","97.71K","2.13%"
"2024-04-09","69,148.0","71,627.3","71,737.2","68,264.6","93.69K","-3.47%"
"2024-04-08","71,630.1","69,358.0","72,710.8","69,110.5","105.78K","3.27%"
"2024-04-07","69,360.4","68,897.3","70,285.8","68,849.4","46.99K","0.68%"
"2024-04-06","68,890.6","67,830.5","69,632.0","67,467.2","41.48K","1.56%"
"2024-04-05","67,830.6","68,498.7","68,692.2","66,023.3","88.97K","-0.97%"
"2024-04-04","68,496.5","65,968.4","69,238.8","65,096.3","100.30K","3.84%"
"2024-04-03","65,963.0","65,443.6","66,844.8","64,559.0","88.46K","0.80%"
"2024-04-02","65,439.2","69,662.7","69,673.0","64,628.4","152.87K","-6.07%"
"2024-04-01","69,664.4","71,329.3","71,329.3","68,175.9","94.05K","-2.34%"
"2024-03-31","71,332.0","69,608.5","71,367.5","69,576.6","42.45K","2.47%"
"2024-03-30","69,611.5","69,872.3","70,321.2","69,564.9","29.87K","-0.37%"
"2024-03-29","69,871.7","70,766.7","70,907.0","69,090.9","58.99K","-1.26%"
"2024-03-28","70,762.1","69,449.4","71,542.5","68,956.9","72.49K","1.90%"
"2024-03-27","69,442.4","69,999.2","71,670.8","68,428.6","112.88K","-0.80%"
"2024-03-26","69,999.3","69,896.3","71,490.7","69,366.4","90.98K","0.15%"
"2024-03-25","69,892.0","67,216.4","71,118.8","66,395.0","124.72K","3.99%"
"2024-03-24","67,211.9","64,036.5","67,587.8","63,812.9","65.59K","4.96%"
"2024-03-23","64,037.8","63,785.6","65,972.4","63,074.9","35.11K","0.40%"
"2024-03-22","63,785.5","65,501.5","66,633.3","62,328.3","72.43K","-2.62%"
"2024-03-21","65,503.8","67,860.0","68,161.7","64,616.1","75.26K","-3.46%"
"2024-03-20","67,854.0","62,046.8","68,029.5","60,850.9","133.53K","9.35%"
"2024-03-19","62,050.0","67,594.1","68,099.6","61,560.6","148.08K","-8.20%"
"2024-03-18","67,594.1","68,389.7","68,920.1","66,601.4","78.07K","-1.17%"
"2024-03-17","68,391.2","65,314.2","68,857.7","64,605.5","66.07K","4.71%"
"2024-03-16","65,314.2","69,456.5","70,037.0","64,971.0","75.82K","-5.97%"
"2024-03-15","69,463.7","71,387.1","72,398.1","65,765.6","148.59K","-2.69%"
"2024-03-14","71,387.5","73,066.7","73,740.9","68,717.2","109.43K","-2.30%"
"2024-03-13","73,066.3","71,461.9","73,623.5","71,338.4","77.18K","2.23%"
"2024-03-12","71,470.2","72,099.1","72,916.7","68,845.6","105.09K","-0.87%"
"2024-03-11","72,099.1","68,964.7","72,771.5","67,452.8","114.72K","4.54%"
"2024-03-10","68,964.8","68,360.7","69,905.3","68,165.0","53.49K","0.88%"
"2024-03-09","68,366.5","68,178.5","68,576.9","67,923.9","30.71K","0.29%"
"2024-03-08","68,172.0","66,854.4","69,904.0","66,170.7","112.67K","1.97%"
"2024-03-07","66,855.3","66,074.6","67,985.5","65,602.6","77.47K","1.17%"
"2024-03-06","66,080.4","63,794.7","67,604.9","62,848.7","117.91K","3.59%"
"2024-03-05","63,792.6","68,273.1","69,063.1","60,138.2","207.60K","-6.56%"
"2024-03-04","68,270.1","63,135.8","68,495.1","62,746.8","130.86K","8.13%"
"2024-03-03","63,135.8","61,955.6","63,227.3","61,399.4","38.01K","1.84%"
"2024-03-02","61,994.5","62,397.7","62,446.3","61,621.9","33.80K","-0.65%"
"2024-03-01","62,397.7","61,157.3","63,147.3","60,790.9","74.96K","2.01%"
"2024-02-29","61,169.3","62,467.1","63,653.4","60,512.5","119.29K","-2.08%"
"2024-02-28","62,467.6","57,048.7","63,915.3","56,704.9","173.64K","9.48%"
"2024-02-27","57,056.2","54,491.1","57,555.2","54,464.0","100.48K","4.70%"
"2024-02-26","54,495.1","51,722.7","54,899.1","50,925.2","78.05K","5.36%"
"2024-02-25","51,722.7","51,572.1","51,952.0","51,299.0","23.61K","0.29%"
"2024-02-24","51,571.6","50,739.6","51,689.9","50,592.0","20.99K","1.64%"
"2024-02-23","50,740.5","51,320.6","51,532.5","50,537.6","43.27K","-1.13%"
"2024-02-22","51,320.4","51,850.2","52,015.8","50,947.3","50.27K","-1.04%"
"2024-02-21","51,858.2","52,263.5","52,367.3","50,676.9","59.02K","-0.78%"
"2024-02-20","52,263.5","51,783.1","52,936.8","50,801.8","68.10K","0.93%"
"2024-02-19","51,783.6","52,119.6","52,484.8","51,694.2","36.73K","-0.64%"
"2024-02-18","52,117.5","51,646.0","52,350.3","51,199.6","26.89K","0.91%"
"2024-02-17","51,646.0","52,134.2","52,175.5","50,652.3","32.45K","-0.94%"
"2024-02-16","52,134.2","51,901.4","52,556.7","51,612.6","52.86K","0.45%"
"2024-02-15","51,901.3","51,805.2","52,819.4","51,327.5","74.72K","0.23%"
"2024-02-14","51,782.4","49,708.6","52,010.7","49,263.8","80.35K","4.16%"
"2024-02-13","49,716.0","49,941.0","50,326.6","48,398.3","78.51K","-0.45%"
"2024-02-12","49,941.3","48,280.2","50,277.3","47,729.9","81.85K","3.45%"
"2024-02-11","48,277.3","47,759.3","48,531.6","47,590.2","36.50K","1.09%"
"2024-02-10","47,758.2","47,128.0","48,149.0","46,875.0","31.20K","1.34%"
"2024-02-09","47,127.5","45,293.3","48,118.8","45,254.2","98.11K","4.05%"
"2024-02-08","45,293.3","44,346.2","45,579.2","44,336.4","66.38K","2.15%"
"2024-02-07","44,339.8","43,088.4","44,367.9","42,783.5","48.57K","2.91%"
"2024-02-06","43,087.7","42,697.6","43,375.5","42,566.8","33.32K","0.91%"
"2024-02-05","42,697.2","42,581.4","43,532.2","42,272.5","39.26K","0.27%"
"2024-02-04","42,581.4","43,006.2","43,113.2","42,379.4","20.33K","-0.99%"
"2024-02-03","43,005.7","43,194.7","43,370.4","42,882.0","14.57K","-0.44%"
"2024-02-02","43,194.7","43,083.7","43,459.3","42,596.3","42.65K","0.26%"
"2024-02-01","43,081.4","42,580.1","43,263.1","41,890.5","47.69K","1.18%"
"2024-01-31","42,580.5","42,946.2","43,739.7","42,315.4","56.48K","-0.85%"
"2024-01-30","42,946.2","43,303.3","43,817.9","42,702.9","55.13K","-0.82%"
"2024-01-29","43,299.8","42,031.4","43,305.6","41,824.7","45.23K","3.02%"
"2024-01-28","42,030.7","42,121.3","42,817.1","41,649.0","32.53K","-0.21%"
"2024-01-27","42,120.9","41,811.5","42,191.8","41,413.0","20.46K","0.74%"
"2024-01-26","41,811.3","39,942.0","42,214.8","39,831.2","69.47K","4.70%"
"2024-01-25","39,935.7","40,085.1","40,285.8","39,546.3","46.30K","-0.37%"
"2024-01-24","40,086.0","39,891.3","40,535.2","39,510.0","58.64K","0.49%"
"2024-01-23","39,888.8","39,555.0","40,159.4","38,546.9","82.67K","0.84%"
"2024-01-22","39,556.4","41,581.7","41,684.9","39,468.4","85.10K","-4.87%"
"2024-01-21","41,583.2","41,695.4","41,878.0","41,504.5","16.11K","-0.27%"
"2024-01-20","41,695.4","41,647.6","41,858.0","41,449.5","22.27K","0.11%"
"2024-01-19","41,648.0","41,293.8","42,164.6","40,305.4","72.64K","0.86%"
"2024-01-18","41,292.7","42,763.5","42,908.0","40,682.6","70.35K","-3.45%"
"2024-01-17","42,768.7","43,139.1","43,192.3","42,211.8","50.44K","-0.87%"
"2024-01-16","43,145.5","42,515.2","43,563.7","42,093.1","63.93K","1.49%"
"2024-01-15","42,510.7","41,747.6","43,348.9","41,719.2","52.08K","1.83%"
"2024-01-14","41,746.1","42,851.3","43,069.4","41,739.6","37.14K","-2.58%"
"2024-01-13","42,851.3","42,836.7","43,248.6","42,443.3","48.18K","0.04%"
"2024-01-12","42,835.9","46,348.1","46,503.2","41,857.9","136.92K","-7.58%"
"2024-01-11","46,348.2","46,629.3","48,923.7","45,651.8","131.04K","-0.60%"
"2024-01-10","46,629.3","46,112.0","47,654.3","44,403.6","131.48K","1.08%"
"2024-01-09","46,129.0","46,959.2","47,880.1","45,333.9","100.09K","-1.77%"
"2024-01-08","46,962.2","43,934.2","47,196.7","43,251.0","103.09K","6.91%"
"2024-01-07","43,927.3","43,973.5","44,481.2","43,627.9","29.53K","-0.09%"
"2024-01-06","43,967.9","44,156.6","44,203.2","43,424.0","24.26K","-0.43%"
"2024-01-05","44,156.9","44,163.0","44,312.1","42,629.0","68.07K","0.00%"
"2024-01-04","44,157.0","42,836.1","44,744.5","42,632.8","68.05K","3.08%"
"2024-01-03","42,836.1","44,943.7","45,492.7","40,888.3","117.65K","-4.69%"
"2024-01-02","44,943.7","44,182.9","45,885.4","44,166.0","97.84K","1.72%"
"2024-01-01","44,183.4","42,272.5","44,187.0","42,196.7","36.30K","4.52%"
"2023-12-31","42,272.5","42,141.6","42,878.8","41,971.4","35.58K","0.32%"
"2023-12-30","42,136.7","42,074.7","42,592.2","41,527.3","35.18K","0.15%"
"2023-12-29","42,072.4","42,581.1","43,108.0","41,459.0","60.98K","-1.19%"
"2023-12-28","42,581.1","43,446.5","43,782.6","42,309.3","49.84K","-1.99%"
"2023-12-27","43,446.5","42,514.3","43,676.7","42,115.3","50.10K","2.20%"
"2023-12-26","42,513.3","43,579.9","43,594.9","41,796.6","56.03K","-2.44%"
"2023-12-25","43,578.5","42,982.0","43,792.7","42,745.3","32.67K","1.39%"
"2023-12-24","42,981.5","43,710.4","43,935.7","42,748.5","30.86K","-1.67%"
"2023-12-23","43,710.4","43,968.9","43,994.6","43,325.7","21.29K","-0.59%"
"2023-12-22","43,968.9","43,865.9","44,394.6","43,419.3","44.50K","0.23%"
"2023-12-21","43,865.9","43,660.3","44,241.8","43,310.2","48.96K","0.47%"
"2023-12-20","43,662.8","42,259.5","44,278.7","42,217.2","70.19K","3.32%"
"2023-12-19","42,259.3","42,659.7","43,473.3","41,842.7","55.29K","-0.94%"
"2023-12-18","42,659.7","41,369.1","42,728.0","40,554.0","61.58K","3.12%"
"2023-12-17","41,368.7","42,271.7","42,413.2","41,276.9","35.46K","-2.14%"
"2023-12-16","42,271.7","41,929.0","42,690.3","41,698.2","30.11K","0.82%"
"2023-12-15","41,929.0","43,025.2","43,080.7","41,697.9","45.28K","-2.55%"
"2023-12-14","43,025.9","42,886.3","43,392.7","41,591.2","59.15K","0.33%"
"2023-12-13","42,884.5","41,487.0","43,417.5","40,649.3","63.11K","3.37%"
"2023-12-12","41,487.0","41,256.1","42,070.9","40,691.5","57.04K","0.56%"
"2023-12-11","41,256.1","43,791.0","43,806.3","40,277.1","105.19K","-5.79%"
"2023-12-10","43,791.0","43,716.6","44,045.4","43,576.8","23.81K","0.17%"
"2023-12-09","43,718.4","44,175.5","44,361.2","43,617.4","31.67K","-1.03%"
"2023-12-08","44,175.5","43,288.3","44,697.6","43,108.4","58.44K","2.05%"
"2023-12-07","43,289.7","43,774.4","44,046.4","42,860.5","63.09K","-1.11%"
"2023-12-06","43,776.3","44,076.2","44,283.7","43,466.7","72.52K","-0.68%"
"2023-12-05","44,076.2","41,989.6","44,424.1","41,424.9","96.84K","4.97%"
"2023-12-04","41,987.8","39,968.6","42,394.4","39,968.6","104.21K","5.05%"
"2023-12-03","39,970.2","39,456.8","40,178.9","39,280.3","35.27K","1.30%"
"2023-12-02","39,458.4","38,688.2","39,673.4","38,646.5","37.09K","1.99%"
"2023-12-01","38,688.2","37,712.9","38,950.8","37,618.3","62.50K","2.59%"
"2023-11-30","37,712.9","37,857.6","38,144.4","37,509.2","33.53K","-0.38%"
"2023-11-29","37,855.5","37,823.3","38,362.9","37,607.6","49.34K","0.09%"
"2023-11-28","37,823.3","37,244.3","38,379.4","36,881.1","57.50K","1.54%"
"2023-11-27","37,248.6","37,451.8","37,563.3","36,751.5","45.24K","-0.54%"
"2023-11-26","37,451.8","37,786.4","37,819.1","37,166.3","29.20K","-0.89%"
"2023-11-25","37,787.0","37,718.6","37,887.4","37,599.9","16.09K","0.18%"
"2023-11-24","37,717.3","37,295.0","38,400.8","37,257.4","65.83K","1.14%"
"2023-11-23","37,293.1","37,410.8","37,642.5","36,915.3","32.35K","-0.31%"
"2023-11-22","37,410.8","35,797.5","37,862.5","35,695.6","64.81K","4.46%"
"2023-11-21","35,813.6","37,452.7","37,631.2","35,799.2","71.07K","-4.38%"
"2023-11-20","37,454.1","37,356.6","37,735.6","36,857.6","51.80K","0.27%"
"2023-11-19","37,354.2","36,568.6","37,504.6","36,393.3","26.14K","2.15%"
"2023-11-18","36,568.6","36,617.5","36,845.2","36,220.6","20.88K","-0.07%"
"2023-11-17","36,595.4","36,161.8","36,690.6","35,875.2","51.37K","1.20%"
"2023-11-16","36,161.2","37,873.9","37,907.6","35,561.6","66.92K","-4.52%"
"2023-11-15","37,874.9","35,549.3","37,954.1","35,379.6","75.51K","6.54%"
"2023-11-14","35,549.3","36,478.3","36,744.5","34,984.3","63.56K","-2.55%"
"2023-11-13","36,478.3","37,067.8","37,404.6","36,358.4","44.55K","-1.58%"
"2023-11-12","37,064.4","37,149.0","37,215.3","36,761.9","21.45K","-0.23%"
"2023-11-11","37,150.5","37,306.3","37,401.3","36,767.6","29.53K","-0.41%"
"2023-11-10","37,303.0","36,700.5","37,496.1","36,347.2","59.56K","1.64%"
"2023-11-09","36,700.5","35,636.9","37,942.0","35,578.1","115.56K","2.98%"
"2023-11-08","35,636.9","35,426.2","36,050.2","35,148.8","46.33K","0.60%"
"2023-11-07","35,426.1","35,042.1","35,877.9","34,536.9","53.49K","1.10%"
"2023-11-06","35,042.0","35,020.3","35,275.6","34,742.9","29.81K","0.06%"
"2023-11-05","35,019.4","35,065.8","35,360.2","34,550.0","31.02K","-0.13%"
"2023-11-04","35,065.8","34,718.6","35,242.2","34,601.1","23.80K","1.00%"
"2023-11-03","34,718.7","34,931.4","34,940.6","34,124.2","54.54K","-0.61%"
"2023-11-02","34,931.4","35,423.8","35,907.6","34,357.4","63.66K","-1.39%"
"2023-11-01","35,423.8","34,648.3","35,557.5","34,138.7","71.66K","2.23%"
"2023-10-31","34,650.6","34,478.9","34,704.6","34,053.9","43.40K","0.50%"
"2023-10-30","34,477.9","34,526.7","34,853.3","34,089.5","45.20K","-0.14%"
"2023-10-29","34,526.7","34,082.6","34,737.9","33,937.6","27.72K","1.30%"
"2023-10-28","34,082.6","33,901.6","34,387.8","33,867.3","22.00K","0.53%"
"2023-10-27","33,901.8","34,153.7","34,245.8","33,423.6","47.33K","-0.74%"
"2023-10-26","34,153.7","34,497.6","34,826.0","33,749.9","56.62K","-0.99%"
"2023-10-25","34,496.8","33,917.0","35,123.9","33,713.4","75.81K","1.71%"
"2023-10-24","33,917.0","33,037.3","35,191.4","32,866.5","159.08K","2.65%"
"2023-10-23","33,041.8","29,984.2","34,375.6","29,891.4","133.46K","10.20%"
"2023-10-22","29,984.2","29,912.7","30,193.4","29,713.6","29.07K","0.24%"
"2023-10-21","29,912.9","29,674.7","30,264.8","29,469.1","34.68K","0.80%"
"2023-10-20","29,674.5","28,724.0","30,165.9","28,586.1","82.68K","3.31%"
"2023-10-19","28,723.0","28,321.8","28,883.8","28,170.2","50.10K","1.42%"
"2023-10-18","28,321.7","28,405.2","28,876.0","28,169.0","45.01K","-0.29%"
"2023-10-17","28,403.6","28,508.3","28,608.5","28,096.9","53.42K","-0.37%"
"2023-10-16","28,509.7","27,161.2","29,969.5","27,119.7","119.18K","4.96%"
"2023-10-15","27,161.2","26,852.8","27,286.9","26,812.6","21.95K","1.15%"
"2023-10-14","26,852.8","26,863.5","26,975.7","26,805.1","13.56K","-0.04%"
"2023-10-13","26,863.5","26,761.1","27,114.8","26,682.9","33.66K","0.38%"
"2023-10-12","26,761.1","26,878.2","26,942.8","26,565.3","32.75K","-0.43%"
"2023-10-11","26,876.6","27,391.9","27,475.9","26,558.4","55.78K","-1.88%"
"2023-10-10","27,391.0","27,581.5","27,728.1","27,300.1","34.32K","-0.69%"
"2023-10-09","27,581.4","27,922.7","27,986.4","27,279.5","44.81K","-1.22%"
"2023-10-08","27,922.7","27,961.1","28,097.5","27,714.4","24.11K","-0.14%"
"2023-10-07","27,961.1","27,935.5","28,021.3","27,859.0","17.29K","0.09%"
"2023-10-06","27,936.9","27,410.3","28,223.6","27,195.7","52.51K","1.92%"
"2023-10-05","27,410.3","27,783.5","28,089.1","27,371.7","46.26K","-1.37%"
"2023-10-04","27,790.9","27,428.7","27,832.7","27,242.5","40.93K","1.32%"
"2023-10-03","27,428.4","27,501.6","27,670.8","27,194.1","44.06K","-0.28%"
"2023-10-02","27,505.3","27,974.6","28,556.6","27,325.2","84.30K","-1.68%"
"2023-10-01","27,974.5","26,962.5","28,038.4","26,955.7","35.11K","3.75%"
"2023-09-30","26,962.7","26,908.1","27,085.7","26,887.5","17.55K","0.20%"
"2023-09-29","26,909.8","27,022.6","27,229.5","26,728.8","42.24K","-0.42%"
"2023-09-28","27,022.6","26,368.2","27,283.6","26,339.4","64.56K","2.49%"
"2023-09-27","26,366.1","26,218.9","26,836.9","26,109.1","50.80K","0.56%"
"2023-09-26","26,218.9","26,303.1","26,396.2","26,093.4","26.41K","-0.32%"
"2023-09-25","26,302.7","26,251.6","26,423.6","26,013.6","38.20K","0.20%"
"2023-09-24","26,251.5","26,579.0","26,727.6","26,162.2","22.32K","-1.23%"
"2023-09-23","26,579.2","26,581.7","26,636.2","26,517.5","12.92K","-0.01%"
"2023-09-22","26,581.9","26,569.5","26,736.4","26,488.5","28.79K","0.04%"
"2023-09-21","26,570.0","27,125.2","27,155.6","26,382.3","47.81K","-2.05%"
"2023-09-20","27,125.0","27,209.2","27,378.6","26,851.8","47.23K","-0.31%"
"2023-09-19","27,209.2","26,759.0","27,480.7","26,672.2","52.17K","1.67%"
"2023-09-18","26,763.5","26,530.3","27,413.3","26,405.2","63.35K","0.88%"
"2023-09-17","26,529.1","26,562.0","26,614.4","26,408.7","16.57K","-0.12%"
"2023-09-16","26,562.0","26,599.9","26,769.0","26,463.5","18.45K","-0.15%"
"2023-09-15","26,601.0","26,523.3","26,837.4","26,233.1","36.47K","0.29%"
"2023-09-14","26,524.7","26,223.0","26,760.3","26,148.6","53.82K","1.15%"
"2023-09-13","26,223.0","25,836.1","26,382.3","25,766.9","42.58K","1.50%"
"2023-09-12","25,834.5","25,166.4","26,472.6","25,133.5","78.71K","2.65%"
"2023-09-11","25,166.4","25,840.2","25,897.4","24,923.1","56.32K","-2.61%"
"2023-09-10","25,840.2","25,901.1","25,995.1","25,626.7","23.60K","-0.24%"
"2023-09-09","25,901.1","25,909.5","25,938.5","25,814.3","13.48K","-0.03%"
"2023-09-08","25,909.5","26,248.5","26,415.4","25,701.6","41.01K","-1.30%"
"2023-09-07","26,249.8","25,758.0","26,417.7","25,626.5","39.77K","1.91%"
"2023-09-06","25,758.0","25,790.1","26,018.4","25,411.7","37.78K","-0.13%"
"2023-09-05","25,790.2","25,824.4","25,864.0","25,596.3","28.40K","-0.13%"
"2023-09-04","25,823.3","25,971.0","26,094.2","25,660.9","27.13K","-0.57%"
"2023-09-03","25,971.0","25,869.7","26,090.4","25,816.6","21.36K","0.39%"
"2023-09-02","25,869.7","25,803.5","25,977.4","25,752.7","21.24K","0.26%"
"2023-09-01","25,803.2","25,938.3","26,144.9","25,361.9","58.08K","-0.52%"
"2023-08-31","25,937.3","27,300.6","27,464.5","25,731.0","69.11K","-4.99%"
"2023-08-30","27,298.8","27,723.9","27,757.3","27,043.2","46.54K","-1.53%"
"2023-08-29","27,723.9","26,118.1","28,046.0","25,919.8","98.32K","6.14%"
"2023-08-28","26,118.9","26,100.6","26,215.7","25,891.0","28.84K","0.07%"
"2023-08-27","26,100.6","26,017.1","26,176.8","25,968.7","14.29K","0.32%"
"2023-08-26","26,017.1","26,057.2","26,114.1","25,993.5","12.09K","-0.15%"
"2023-08-25","26,057.2","26,176.1","26,265.7","25,811.6","39.96K","-0.46%"
"2023-08-24","26,177.0","26,436.2","26,560.5","25,943.6","41.04K","-0.98%"
"2023-08-23","26,436.2","26,042.0","26,807.7","25,812.6","60.96K","1.52%"
"2023-08-22","26,039.9","26,126.8","26,138.8","25,481.9","47.72K","-0.33%"
"2023-08-21","26,126.0","26,190.8","26,220.9","25,850.8","41.10K","-0.25%"
"2023-08-20","26,190.8","26,099.5","26,269.1","25,998.5","24.00K","0.35%"
"2023-08-19","26,099.4","26,053.3","26,262.2","25,799.5","33.04K","0.18%"
"2023-08-18","26,053.2","26,635.7","26,801.9","25,691.0","93.05K","-2.19%"
"2023-08-17","26,635.7","28,726.1","28,771.8","25,489.4","132.92K","-7.28%"
"2023-08-16","28,726.3","29,195.3","29,251.1","28,717.6","43.71K","-1.61%"
"2023-08-15","29,195.3","29,426.7","29,472.0","29,118.6","33.81K","-0.79%"
"2023-08-14","29,426.7","29,300.1","29,689.0","29,116.0","39.30K","0.43%"
"2023-08-13","29,300.1","29,428.2","29,468.5","29,272.3","13.49K","-0.44%"
"2023-08-12","29,428.2","29,420.8","29,480.8","29,375.4","11.07K","0.02%"
"2023-08-11","29,420.8","29,448.9","29,544.9","29,271.2","27.71K","-0.10%"
"2023-08-10","29,449.0","29,578.0","29,719.4","29,377.5","32.00K","-0.44%"
"2023-08-09","29,578.0","29,771.3","30,104.0","29,384.2","49.67K","-0.67%"
"2023-08-08","29,777.4","29,204.2","30,168.6","29,137.7","62.57K","1.96%"
"2023-08-07","29,204.2","29,081.3","29,270.2","28,721.0","41.19K","0.42%"
"2023-08-06","29,081.3","29,067.9","29,198.9","28,987.4","16.03K","0.05%"
"2023-08-05","29,068.1","29,105.6","29,139.3","28,983.0","14.55K","-0.13%"
"2023-08-04","29,105.5","29,189.1","29,319.1","28,875.8","31.43K","-0.29%"
"2023-08-03","29,189.3","29,180.9","29,409.8","28,981.0","36.08K","0.05%"
"2023-08-02","29,173.7","29,711.8","30,025.9","28,961.6","67.41K","-1.81%"
"2023-08-01","29,712.2","29,232.3","29,712.2","28,611.0","64.01K","1.64%"
"2023-07-31","29,232.4","29,282.0","29,502.3","29,128.3","31.84K","-0.17%"
"2023-07-30","29,281.7","29,354.2","29,446.6","29,054.5","20.58K","-0.24%"
"2023-07-29","29,353.5","29,315.0","29,400.1","29,256.9","13.90K","0.13%"
"2023-07-28","29,315.0","29,222.7","29,533.0","29,125.1","31.42K","0.32%"
"2023-07-27","29,222.7","29,352.9","29,568.8","29,094.0","30.42K","-0.44%"
"2023-07-26","29,352.2","29,228.8","29,681.8","29,109.7","44.33K","0.42%"
"2023-07-25","29,228.6","29,178.3","29,365.4","29,058.7","29.05K","0.17%"
"2023-07-24","29,178.1","30,085.9","30,098.2","28,890.7","55.73K","-3.02%"
"2023-07-23","30,085.9","29,788.9","30,337.0","29,735.7","23.32K","1.00%"
"2023-07-22","29,788.9","29,904.5","29,988.0","29,657.3","18.47K","-0.38%"
"2023-07-21","29,903.1","29,801.0","30,058.9","29,739.9","32.59K","0.34%"
"2023-07-20","29,801.0","29,909.7","30,408.0","29,621.4","50.33K","-0.36%"
"2023-07-19","29,909.7","29,866.7","30,185.5","29,789.3","34.96K","0.14%"
"2023-07-18","29,866.8","30,139.7","30,242.4","29,624.6","42.40K","-0.91%"
"2023-07-17","30,139.7","30,235.5","30,335.9","29,693.3","42.84K","-0.32%"
"2023-07-16","30,235.5","30,291.8","30,435.0","30,075.4","20.31K","-0.18%"
"2023-07-15","30,291.4","30,316.8","30,395.4","30,246.9","17.06K","-0.09%"
"2023-07-14","30,317.4","31,465.4","31,602.6","29,944.3","82.42K","-3.65%"
"2023-07-13","31,466.1","30,387.3","31,764.5","30,260.0","99.81K","3.55%"
"2023-07-12","30,387.3","30,623.3","30,951.3","30,231.7","54.06K","-0.77%"
"2023-07-11","30,623.3","30,414.2","30,782.2","30,333.8","39.84K","0.68%"
"2023-07-10","30,415.3","30,166.9","31,019.6","29,969.1","55.24K","0.82%"
"2023-07-09","30,166.9","30,288.8","30,425.5","30,071.9","20.05K","-0.40%"
"2023-07-08","30,288.8","30,346.8","30,379.9","30,055.9","17.41K","-0.19%"
"2023-07-07","30,346.4","29,912.7","30,442.0","29,757.4","46.42K","1.45%"
"2023-07-06","29,913.1","30,512.8","31,463.6","29,869.0","90.81K","-1.97%"
"2023-07-05","30,512.8","30,768.6","30,875.6","30,233.3","43.23K","-0.83%"
"2023-07-04","30,768.4","31,152.0","31,326.5","30,657.8","42.12K","-1.23%"
"2023-07-03","31,151.3","30,617.5","31,377.0","30,581.5","56.49K","1.74%"
"2023-07-02","30,617.7","30,587.1","30,769.0","30,227.9","28.82K","0.10%"
"2023-07-01","30,586.8","30,472.9","30,649.9","30,329.0","22.46K","0.37%"
"2023-06-30","30,472.9","30,445.7","31,275.5","29,714.5","118.65K","0.09%"
"2023-06-29","30,445.7","30,077.3","30,823.1","30,051.3","49.57K","1.22%"
"2023-06-28","30,078.6","30,691.9","30,703.4","29,919.5","51.06K","-1.99%"
"2023-06-27","30,689.1","30,267.0","30,993.7","30,231.3","55.82K","1.39%"
"2023-06-26","30,267.0","30,466.3","30,645.9","29,986.3","58.71K","-0.65%"
"2023-06-25","30,465.3","30,533.6","31,040.2","30,315.8","37.12K","-0.22%"
"2023-06-24","30,533.6","30,680.7","30,795.3","30,269.4","38.15K","-0.48%"
"2023-06-23","30,679.4","29,890.2","31,395.4","29,822.6","98.85K","2.64%"
"2023-06-22","29,890.5","29,992.8","30,497.8","29,590.4","79.22K","-0.35%"
"2023-06-21","29,996.9","28,307.7","30,769.5","28,270.5","143.49K","5.97%"
"2023-06-20","28,307.7","26,845.9","28,393.0","26,665.5","100.55K","5.44%"
"2023-06-19","26,845.9","26,339.7","27,029.7","26,295.1","46.45K","1.92%"
"2023-06-18","26,339.7","26,515.0","26,679.3","26,290.6","27.31K","-0.66%"
"2023-06-17","26,515.0","26,341.3","26,767.3","26,183.5","35.86K","0.66%"
"2023-06-16","26,341.3","25,591.9","26,472.8","25,276.0","69.24K","2.93%"
"2023-06-15","25,591.3","25,129.5","25,732.8","24,838.0","68.38K","1.84%"
"2023-06-14","25,129.5","25,929.0","26,051.7","24,847.4","60.82K","-3.08%"
"2023-06-13","25,929.4","25,906.9","26,428.9","25,726.4","56.24K","0.09%"
"2023-06-12","25,906.8","25,927.9","26,080.7","25,635.0","40.75K","-0.08%"
"2023-06-11","25,928.4","25,843.3","26,190.1","25,660.8","39.20K","0.33%"
"2023-06-10","25,844.0","26,479.3","26,525.1","25,468.3","83.57K","-2.40%"
"2023-06-09","26,479.3","26,501.1","26,773.9","26,326.7","38.96K","-0.08%"
"2023-06-08","26,501.1","26,341.8","26,784.4","26,231.3","39.95K","0.60%"
"2023-06-07","26,342.5","27,230.2","27,342.0","26,141.0","77.48K","-3.26%"
"2023-06-06","27,230.2","25,745.6","27,325.2","25,425.6","88.61K","5.76%"
"2023-06-05","25,747.4","27,122.3","27,125.5","25,437.5","85.42K","-5.07%"
"2023-06-04","27,122.3","27,070.9","27,410.2","26,956.1","23.81K","0.19%"
"2023-06-03","27,072.0","27,246.0","27,317.5","26,931.4","20.62K","-0.63%"
"2023-06-02","27,244.7","26,819.0","27,299.4","26,541.3","49.37K","1.59%"
"2023-06-01","26,819.0","27,216.4","27,340.9","26,662.3","51.98K","-1.46%"
"2023-05-31","27,216.1","27,696.9","27,825.0","26,865.1","63.08K","-1.74%"
"2023-05-30","27,698.2","27,738.9","28,033.6","27,583.8","45.19K","-0.15%"
"2023-05-29","27,739.4","28,068.4","28,431.2","27,548.8","54.56K","-1.18%"
"2023-05-28","28,071.2","26,855.3","28,181.9","26,788.5","55.23K","4.52%"
"2023-05-27","26,857.5","26,711.2","26,882.9","26,591.2","18.68K","0.55%"
"2023-05-26","26,711.5","26,475.5","26,911.6","26,330.0","45.88K","0.89%"
"2023-05-25","26,475.8","26,327.1","26,589.2","25,892.5","50.17K","0.56%"
"2023-05-24","26,328.4","27,220.7","27,220.7","26,088.7","72.65K","-3.28%"
"2023-05-23","27,220.7","26,851.6","27,448.1","26,804.1","50.89K","1.39%"
"2023-05-22","26,847.3","26,749.9","27,048.9","26,546.1","35.56K","0.36%"
"2023-05-21","26,749.9","27,116.2","27,257.1","26,677.6","27.42K","-1.35%"
"2023-05-20","27,116.2","26,883.0","27,147.2","26,831.3","17.72K","0.87%"
"2023-05-19","26,882.9","26,828.2","27,154.7","26,711.3","36.67K","0.20%"
"2023-05-18","26,828.0","27,403.8","27,467.0","26,449.8","63.39K","-2.10%"
"2023-05-17","27,403.1","27,035.5","27,465.3","26,597.7","58.14K","1.36%"
"2023-05-16","27,035.3","27,183.9","27,295.3","26,881.9","45.29K","-0.55%"
"2023-05-15","27,183.9","26,920.4","27,651.7","26,752.1","53.27K","0.98%"
"2023-05-14","26,920.0","26,777.4","27,176.1","26,609.9","26.35K","0.53%"
"2023-05-13","26,777.5","26,798.7","27,011.9","26,695.6","27.95K","-0.08%"
"2023-05-12","26,799.2","26,983.1","27,044.0","25,853.1","87.49K","-0.68%"
"2023-05-11","26,983.5","27,604.3","27,607.4","26,766.2","62.85K","-2.25%"
"2023-05-10","27,603.3","27,634.3","28,311.7","26,885.7","91.45K","-0.11%"
"2023-05-09","27,634.9","27,670.5","27,816.0","27,366.3","49.75K","-0.13%"
"2023-05-08","27,670.5","28,424.8","28,627.8","27,280.3","85.72K","-2.65%"
"2023-05-07","28,424.8","28,857.1","29,122.0","28,419.6","36.50K","-1.50%"
"2023-05-06","28,857.1","29,512.8","29,816.4","28,414.9","58.94K","-2.22%"
"2023-05-05","29,513.2","28,842.2","29,653.9","28,825.3","74.52K","2.33%"
"2023-05-04","28,842.1","29,023.6","29,352.7","28,687.4","53.80K","-0.63%"
"2023-05-03","29,023.6","28,669.1","29,244.7","28,164.4","81.22K","1.24%"
"2023-05-02","28,669.1","28,079.0","28,877.4","27,913.2","65.33K","2.11%"
"2023-05-01","28,077.6","29,252.1","29,329.6","27,685.9","84.36K","-4.02%"
"2023-04-30","29,252.1","29,235.1","29,941.3","29,095.0","47.62K","0.06%"
"2023-04-29","29,234.1","29,318.4","29,425.5","29,058.5","25.72K","-0.30%"
"2023-04-28","29,321.8","29,475.9","29,587.2","28,927.8","69.88K","-0.52%"
"2023-04-27","29,475.9","28,424.5","29,859.8","28,392.4","121.63K","3.70%"
"2023-04-26","28,424.6","28,298.8","29,995.7","27,307.8","164.31K","0.44%"
"2023-04-25","28,298.8","27,510.1","28,375.6","27,201.1","65.31K","2.87%"
"2023-04-24","27,509.3","27,591.4","27,978.8","27,054.3","66.74K","-0.30%"
"2023-04-23","27,591.4","27,813.8","27,815.0","27,388.5","41.77K","-0.80%"
"2023-04-22","27,813.9","27,264.8","27,872.0","27,165.7","44.30K","2.01%"
"2023-04-21","27,264.8","28,240.5","28,353.4","27,171.1","98.72K","-3.46%"
"2023-04-20","28,240.5","28,813.7","29,082.1","28,032.4","95.45K","-1.99%"
"2023-04-19","28,813.7","30,382.2","30,408.4","28,641.1","111.27K","-5.16%"
"2023-04-18","30,382.2","29,434.1","30,470.1","29,149.2","76.58K","3.22%"
"2023-04-17","29,434.9","30,310.8","30,312.2","29,274.0","71.90K","-2.89%"
"2023-04-16","30,310.3","30,299.2","30,545.3","30,134.6","34.48K","0.04%"
"2023-04-15","30,299.6","30,472.6","30,586.5","30,208.8","31.71K","-0.57%"
"2023-04-14","30,472.5","30,387.4","30,964.9","30,026.0","98.38K","0.28%"
"2023-04-13","30,387.4","29,892.4","30,524.1","29,864.5","65.87K","1.68%"
"2023-04-12","29,886.4","30,209.8","30,473.0","29,679.5","78.69K","-1.07%"
"2023-04-11","30,209.6","29,641.0","30,484.6","29,597.8","89.38K","1.92%"
"2023-04-10","29,641.0","28,326.5","29,755.4","28,182.9","85.73K","4.64%"
"2023-04-09","28,326.6","27,941.2","28,522.7","27,809.2","39.35K","1.38%"
"2023-04-08","27,941.2","27,910.4","28,153.1","27,863.8","23.73K","0.11%"
"2023-04-07","27,910.4","28,037.6","28,102.5","27,779.4","30.94K","-0.45%"
"2023-04-06","28,036.7","28,173.5","28,173.5","27,734.5","51.29K","-0.49%"
"2023-04-05","28,173.5","28,164.4","28,744.4","27,823.5","77.32K","0.03%"
"2023-04-04","28,164.4","27,802.2","28,429.1","27,668.9","64.06K","1.30%"
"2023-04-03","27,802.1","28,194.7","28,458.4","27,256.9","98.00K","-1.41%"
"2023-04-02","28,198.3","28,456.1","28,522.8","27,871.7","45.04K","-0.91%"
"2023-04-01","28,456.1","28,473.7","28,795.1","28,285.6","38.09K","-0.06%"
"2023-03-31","28,473.7","28,029.3","28,646.3","27,587.5","98.44K","1.58%"
"2023-03-30","28,029.5","28,350.3","29,160.4","27,716.7","122.51K","-1.13%"
"2023-03-29","28,350.4","27,262.9","28,627.4","27,249.8","109.32K","3.99%"
"2023-03-28","27,262.2","27,127.8","27,465.0","26,665.6","94.16K","0.49%"
"2023-03-27","27,129.8","27,974.8","28,023.3","26,611.5","107.24K","-3.02%"
"2023-03-26","27,973.5","27,474.9","28,153.7","27,429.1","60.64K","1.81%"
"2023-03-25","27,475.6","27,462.2","27,761.9","27,176.7","61.36K","0.05%"
"2023-03-24","27,462.2","28,306.9","28,374.5","27,026.5","110.36K","-3.00%"
"2023-03-23","28,310.7","27,262.8","28,734.1","27,144.6","158.46K","3.85%"
"2023-03-22","27,261.7","28,114.2","28,760.3","26,668.7","262.03K","-3.03%"
"2023-03-21","28,114.0","27,719.8","28,437.8","27,350.6","438.78K","1.42%"
"2023-03-20","27,720.5","27,958.9","28,457.8","27,157.0","503.90K","-0.85%"
"2023-03-19","27,958.7","26,914.5","28,347.3","26,844.6","393.27K","3.88%"
"2023-03-18","26,914.5","27,391.9","27,659.1","26,688.7","392.47K","-1.74%"
"2023-03-17","27,391.8","25,004.4","27,742.2","24,900.1","674.96K","9.55%"
"2023-03-16","25,004.1","24,283.2","25,139.0","24,147.9","462.58K","2.97%"
"2023-03-15","24,282.7","24,699.6","25,108.9","23,932.4","614.31K","-1.69%"
"2023-03-14","24,699.7","24,121.5","26,365.9","23,994.6","753.06K","2.43%"
"2023-03-13","24,114.4","21,994.8","24,406.2","21,859.6","733.63K","9.64%"
"2023-03-12","21,994.8","20,465.0","22,028.6","20,294.2","455.69K","7.46%"
"2023-03-11","20,467.5","20,156.5","20,669.5","19,796.7","453.46K","1.54%"
"2023-03-10","20,156.7","20,362.0","20,362.6","19,591.8","655.27K","-1.01%"
"2023-03-09","20,361.8","21,710.8","21,826.5","20,079.6","468.76K","-6.21%"
"2023-03-08","21,710.8","22,197.8","22,274.3","21,661.3","316.51K","-2.19%"
"2023-03-07","22,197.8","22,410.1","22,535.1","21,968.6","304.75K","-0.95%"
"2023-03-06","22,410.0","22,428.2","22,595.4","22,320.1","215.31K","-0.08%"
"2023-03-05","22,428.3","22,347.1","22,636.7","22,213.5","160.57K","0.36%"
"2023-03-04","22,347.1","22,354.7","22,403.7","22,167.4","123.93K","-0.03%"
"2023-03-03","22,354.4","23,465.6","23,473.4","22,051.9","344.63K","-4.73%"
"2023-03-02","23,465.4","23,642.2","23,780.5","23,208.7","249.26K","-0.75%"
"2023-03-01","23,642.2","23,130.6","23,914.1","23,025.3","328.77K","2.21%"
"2023-02-28","23,130.5","23,494.0","23,595.0","23,033.8","275.10K","-1.55%"
"2023-02-27","23,494.1","23,558.7","23,876.2","23,166.8","297.65K","-0.27%"
"2023-02-26","23,558.7","23,166.1","23,671.8","23,066.0","209.12K","1.69%"
"2023-02-25","23,166.1","23,191.3","23,215.3","22,777.4","198.35K","-0.11%"
"2023-02-24","23,191.5","23,936.4","24,123.4","22,970.3","367.99K","-3.11%"
"2023-02-23","23,936.3","24,186.6","24,590.4","23,637.9","417.46K","-1.03%"
"2023-02-22","24,186.6","24,450.7","24,474.3","23,593.4","400.24K","-1.08%"
"2023-02-21","24,450.7","24,839.5","25,236.8","24,160.8","395.97K","-1.57%"
"2023-02-20","24,839.5","24,302.8","25,085.4","23,868.6","363.02K","2.21%"
"2023-02-19","24,302.9","24,631.3","25,175.2","24,273.7","312.64K","-1.33%"
"2023-02-18","24,631.4","24,573.5","24,838.9","24,457.0","223.77K","0.24%"
"2023-02-17","24,573.5","23,538.2","24,984.7","23,373.0","523.85K","4.39%"
"2023-02-16","23,539.6","24,328.1","25,233.8","23,525.9","484.50K","-3.24%"
"2023-02-15","24,327.9","22,198.5","24,330.9","22,050.8","401.53K","9.59%"
"2023-02-14","22,198.5","21,776.9","22,308.6","21,556.2","378.39K","1.96%"
"2023-02-13","21,772.6","21,782.7","21,887.5","21,418.7","312.04K","-0.07%"
"2023-02-12","21,786.8","21,859.9","22,080.7","21,653.1","211.65K","-0.33%"
"2023-02-11","21,859.8","21,627.4","21,902.9","21,605.3","182.07K","1.04%"
"2023-02-10","21,635.0","21,792.5","21,933.6","21,491.7","352.79K","-0.72%"
"2023-02-09","21,792.5","22,964.6","23,003.6","21,744.6","425.44K","-5.10%"
"2023-02-08","22,964.6","23,251.7","23,425.1","22,691.7","289.12K","-1.23%"
"2023-02-07","23,251.7","22,761.8","23,338.8","22,748.2","318.98K","2.15%"
"2023-02-06","22,761.8","22,936.0","23,130.6","22,633.7","278.58K","-0.76%"
"2023-02-05","22,936.0","23,326.9","23,423.4","22,766.5","217.26K","-1.66%"
"2023-02-04","23,323.8","23,431.2","23,571.8","23,269.8","170.27K","-0.46%"
"2023-02-03","23,431.2","23,429.1","23,694.1","23,233.8","349.36K","0.02%"
"2023-02-02","23,427.6","23,726.2","24,207.2","23,398.1","382.86K","-1.26%"
"2023-02-01","23,725.6","23,124.7","23,784.5","22,809.6","333.18K","2.60%"
"2023-01-31","23,125.1","22,832.2","23,262.9","22,724.9","289.38K","1.28%"
"2023-01-30","22,832.2","23,746.0","23,794.0","22,560.0","339.62K","-3.88%"
"2023-01-29","23,753.1","23,023.5","23,952.9","22,973.3","320.86K","3.15%"
"2023-01-28","23,027.9","23,074.6","23,182.3","22,889.8","156.96K","-0.20%"
"2023-01-27","23,074.6","23,016.0","23,480.3","22,602.9","310.36K","0.25%"
"2023-01-26","23,016.0","23,055.2","23,259.5","22,869.0","320.97K","-0.17%"
"2023-01-25","23,055.1","22,632.5","23,779.0","22,366.3","388.18K","1.87%"
"2023-01-24","22,632.5","22,916.3","23,156.1","22,517.1","334.17K","-1.23%"
"2023-01-23","22,915.5","22,709.0","23,161.8","22,527.9","327.85K","0.91%"
"2023-01-22","22,707.8","22,775.7","23,068.7","22,323.0","280.64K","-0.30%"
"2023-01-21","22,775.7","22,677.5","23,304.5","22,461.1","382.69K","0.43%"
"2023-01-20","22,677.2","21,074.9","22,718.5","20,879.3","373.74K","7.57%"
"2023-01-19","21,081.2","20,670.6","21,169.4","20,669.7","275.76K","1.99%"
"2023-01-18","20,670.6","21,137.1","21,584.1","20,448.3","388.67K","-2.21%"
"2023-01-17","21,137.1","21,184.4","21,506.4","20,926.2","310.04K","-0.22%"
"2023-01-16","21,184.2","20,880.1","21,416.8","20,698.9","337.46K","1.46%"
"2023-01-15","20,879.8","20,956.0","21,032.2","20,585.7","205.80K","-0.37%"
"2023-01-14","20,958.2","19,926.9","21,185.6","19,898.6","458.21K","5.17%"
"2023-01-13","19,927.0","18,850.8","19,981.6","18,723.8","426.67K","5.71%"
"2023-01-12","18,851.3","17,941.0","19,055.3","17,915.5","522.01K","5.07%"
"2023-01-11","17,942.3","17,440.5","17,989.8","17,323.9","291.53K","2.89%"
"2023-01-10","17,439.1","17,180.1","17,491.0","17,151.7","247.14K","1.51%"
"2023-01-09","17,180.1","17,119.0","17,390.8","17,107.1","301.24K","0.36%"
"2023-01-08","17,119.0","16,943.6","17,119.0","16,913.8","144.84K","1.04%"
"2023-01-07","16,943.6","16,950.9","16,979.6","16,909.7","110.48K","-0.04%"
"2023-01-06","16,950.9","16,829.8","17,012.3","16,707.6","233.47K","0.72%"
"2023-01-05","16,829.8","16,852.2","16,877.9","16,772.3","178.96K","-0.13%"
"2023-01-04","16,852.1","16,674.2","16,976.5","16,656.5","247.39K","1.07%"
"2023-01-03","16,674.2","16,673.1","16,773.2","16,607.2","178.73K","0.00%"
"2023-01-02","16,674.3","16,618.4","16,766.9","16,551.0","136.03K","0.34%"
"2023-01-01","16,618.4","16,537.5","16,621.9","16,499.7","107.84K","0.49%"
"2022-12-31","16,537.4","16,607.2","16,635.9","16,487.3","130.44K","-0.42%"
"2022-12-30","16,607.2","16,636.4","16,644.4","16,360.0","192.76K","-0.18%"
"2022-12-29","16,636.4","16,546.2","16,659.1","16,496.6","181.47K","0.55%"
"2022-12-28","16,546.2","16,705.9","16,781.1","16,474.2","217.96K","-0.96%"
"2022-12-27","16,706.1","16,918.2","16,964.0","16,610.1","192.18K","-1.25%"
"2022-12-26","16,918.1","16,831.8","16,936.1","16,799.4","133.36K","0.51%"
"2022-12-25","16,831.8","16,835.7","16,852.9","16,733.0","132.89K","-0.03%"
"2022-12-24","16,837.2","16,778.6","16,855.8","16,777.8","110.12K","0.35%"
"2022-12-23","16,779.1","16,820.5","16,910.7","16,768.0","184.12K","-0.25%"
"2022-12-22","16,820.6","16,831.8","16,862.2","16,566.1","198.28K","-0.07%"
"2022-12-21","16,831.8","16,902.7","16,919.4","16,735.0","174.34K","-0.42%"
"2022-12-20","16,902.8","16,441.3","17,031.3","16,400.7","284.57K","2.81%"
"2022-12-19","16,441.3","16,741.1","16,809.5","16,331.2","207.93K","-1.79%"
"2022-12-18","16,741.1","16,777.0","16,825.7","16,666.5","124.29K","-0.21%"
"2022-12-17","16,777.1","16,629.0","16,794.4","16,587.0","164.49K","0.89%"
"2022-12-16","16,629.6","17,356.7","17,518.5","16,542.4","303.56K","-4.19%"
"2022-12-15","17,356.1","17,796.4","17,846.1","17,298.2","263.44K","-2.47%"
"2022-12-14","17,796.4","17,778.6","18,351.8","17,682.1","318.98K","0.10%"
"2022-12-13","17,778.6","17,210.9","17,951.6","17,094.5","328.71K","3.30%"
"2022-12-12","17,210.4","17,093.2","17,232.5","16,878.5","249.39K","0.68%"
"2022-12-11","17,093.3","17,127.0","17,262.9","17,080.6","167.20K","-0.20%"
"2022-12-10","17,127.2","17,125.7","17,220.5","17,105.7","148.81K","0.01%"
"2022-12-09","17,125.7","17,225.6","17,288.6","17,082.1","260.84K","-0.58%"
"2022-12-08","17,225.7","16,835.2","17,294.2","16,765.8","261.64K","2.32%"
"2022-12-07","16,835.2","17,089.4","17,126.7","16,715.3","244.36K","-1.49%"
"2022-12-06","17,089.3","16,966.3","17,101.1","16,914.9","246.19K","0.72%"
"2022-12-05","16,966.5","17,106.9","17,395.2","16,886.9","268.72K","-0.85%"
"2022-12-04","17,112.6","16,884.8","17,198.1","16,881.6","197.12K","1.35%"
"2022-12-03","16,884.5","17,093.4","17,132.6","16,862.1","169.29K","-1.22%"
"2022-12-02","17,093.6","16,972.2","17,096.2","16,799.9","227.01K","0.72%"
"2022-12-01","16,972.0","17,163.4","17,244.7","16,868.9","266.14K","-1.12%"
"2022-11-30","17,163.9","16,440.8","17,215.5","16,433.2","348.22K","4.40%"
"2022-11-29","16,440.4","16,211.9","16,531.4","16,100.1","271.58K","1.41%"
"2022-11-28","16,211.7","16,426.1","16,481.4","16,013.5","284.84K","-1.30%"
"2022-11-27","16,425.6","16,456.4","16,595.4","16,414.6","173.25K","-0.19%"
"2022-11-26","16,456.5","16,512.3","16,686.3","16,387.9","194.94K","-0.34%"
"2022-11-25","16,512.3","16,600.6","16,611.8","16,360.9","204.07K","-0.54%"
"2022-11-24","16,601.2","16,604.9","16,785.6","16,472.0","229.59K","-0.14%"
"2022-11-23","16,623.9","16,216.9","16,677.6","16,162.3","305.08K","2.53%"
"2022-11-22","16,212.9","15,776.6","16,274.6","15,620.4","287.21K","2.77%"
"2022-11-21","15,776.2","16,278.6","16,287.9","15,504.2","372.15K","-3.13%"
"2022-11-20","16,286.7","16,699.3","16,749.3","16,209.2","172.83K","-2.47%"
"2022-11-19","16,699.2","16,652.2","16,814.9","16,608.9","114.89K","0.37%"
"2022-11-18","16,638.3","16,715.4","16,846.3","16,553.0","241.96K","-0.32%"
"2022-11-17","16,691.2","16,540.5","16,739.7","16,425.8","257.00K","0.91%"
"2022-11-16","16,540.5","16,895.4","16,993.4","16,408.2","295.73K","-2.10%"
"2022-11-15","16,895.1","16,615.0","17,112.0","16,543.9","337.15K","1.69%"
"2022-11-14","16,613.7","16,325.0","17,158.4","15,834.0","442.46K","1.77%"
"2022-11-13","16,324.5","16,803.9","16,946.5","16,274.9","210.80K","-2.80%"
"2022-11-12","16,795.2","17,049.9","17,100.8","16,633.9","192.91K","-1.49%"
"2022-11-11","17,049.9","17,589.1","17,679.4","16,435.5","466.35K","-3.07%"
"2022-11-10","17,589.1","15,887.0","18,138.2","15,799.3","720.74K","10.71%"
"2022-11-09","15,886.9","18,538.9","18,583.8","15,603.3","869.57K","-14.25%"
"2022-11-08","18,527.4","20,589.0","20,667.5","17,260.0","865.10K","-10.01%"
"2022-11-07","20,589.0","20,916.3","21,055.4","20,410.5","414.24K","-1.56%"
"2022-11-06","20,916.3","21,298.7","21,360.4","20,901.0","242.26K","-1.81%"
"2022-11-05","21,301.6","21,145.7","21,464.7","21,084.1","261.23K","0.74%"
"2022-11-04","21,145.9","20,206.4","21,281.9","20,184.6","499.50K","4.65%"
"2022-11-03","20,206.4","20,154.0","20,384.5","20,066.6","347.23K","0.26%"
"2022-11-02","20,154.4","20,482.9","20,778.3","20,065.8","420.23K","-1.61%"
"2022-11-01","20,483.5","20,496.1","20,676.6","20,348.1","302.72K","-0.06%"
"2022-10-31","20,496.3","20,626.0","20,822.4","20,260.0","327.47K","-0.63%"
"2022-10-30","20,626.3","20,809.4","20,922.3","20,522.5","207.63K","-0.88%"
"2022-10-29","20,809.8","20,594.2","21,038.1","20,561.9","276.54K","1.05%"
"2022-10-28","20,594.4","20,293.0","20,744.0","20,058.2","318.90K","1.49%"
"2022-10-27","20,292.9","20,769.5","20,867.9","20,231.6","365.49K","-2.29%"
"2022-10-26","20,769.5","20,086.8","20,981.5","20,062.9","427.99K","3.42%"
"2022-10-25","20,082.7","19,331.8","20,406.9","19,249.0","371.54K","3.89%"
"2022-10-24","19,331.5","19,571.2","19,588.6","19,177.2","286.94K","-1.22%"
"2022-10-23","19,571.2","19,204.8","19,680.9","19,092.5","180.63K","1.91%"
"2022-10-22","19,204.8","19,162.6","19,249.9","19,116.1","118.24K","0.22%"
"2022-10-21","19,162.6","19,042.9","19,245.5","18,703.3","294.66K","0.63%"
"2022-10-20","19,042.9","19,125.1","19,334.5","18,935.6","253.20K","-0.42%"
"2022-10-19","19,123.9","19,328.2","19,358.6","19,101.2","209.28K","-1.06%"
"2022-10-18","19,328.2","19,548.4","19,692.9","19,102.8","290.07K","-1.13%"
"2022-10-17","19,548.2","19,262.2","19,663.5","19,163.6","248.40K","1.49%"
"2022-10-16","19,261.9","19,068.8","19,411.9","19,066.0","140.95K","1.01%"
"2022-10-15","19,068.7","19,181.7","19,218.7","19,000.8","123.66K","-0.59%"
"2022-10-14","19,181.8","19,379.8","19,933.9","19,098.6","400.45K","-1.02%"
"2022-10-13","19,379.8","19,154.6","19,494.4","18,207.9","455.13K","1.17%"
"2022-10-12","19,154.8","19,058.5","19,212.6","19,010.6","242.18K","0.50%"
"2022-10-11","19,059.1","19,134.3","19,261.3","18,868.7","288.57K","-0.39%"
"2022-10-10","19,134.6","19,441.7","19,520.7","19,057.0","243.77K","-1.58%"
"2022-10-09","19,441.0","19,416.3","19,552.1","19,329.6","127.53K","0.13%"
"2022-10-08","19,415.0","19,530.2","19,612.2","19,274.7","113.50K","-0.60%"
"2022-10-07","19,531.3","19,962.4","20,051.4","19,352.1","263.50K","-2.13%"
"2022-10-06","19,956.7","20,157.5","20,436.7","19,873.7","370.60K","-1.00%"
"2022-10-05","20,157.5","20,340.5","20,353.8","19,761.7","352.76K","-0.90%"
"2022-10-04","20,340.2","19,629.7","20,436.1","19,506.4","368.17K","3.63%"
"2022-10-03","19,628.3","19,057.6","19,676.0","19,001.3","333.03K","3.02%"
"2022-10-02","19,052.2","19,311.9","19,389.9","18,937.3","222.82K","-1.34%"
"2022-10-01","19,311.9","19,422.9","19,480.3","19,172.6","173.91K","-0.57%"
"2022-09-30","19,423.0","19,593.4","20,174.9","19,208.9","490.29K","-0.87%"
"2022-09-29","19,593.0","19,420.2","19,631.5","18,877.9","449.57K","0.94%"
"2022-09-28","19,411.0","19,083.4","19,757.8","18,505.3","581.19K","1.73%"
"2022-09-27","19,081.0","19,228.8","20,361.2","18,850.4","660.12K","-0.75%"
"2022-09-26","19,225.7","18,803.1","19,304.8","18,695.2","516.03K","2.25%"
"2022-09-25","18,803.2","18,925.1","19,125.1","18,659.6","209.71K","-0.64%"
"2022-09-24","18,925.2","19,288.4","19,310.6","18,812.0","258.50K","-1.91%"
"2022-09-23","19,293.5","19,404.1","19,477.3","18,554.8","431.15K","-0.57%"
"2022-09-22","19,404.0","18,488.1","19,490.9","18,371.0","448.63K","4.95%"
"2022-09-21","18,489.0","18,875.1","19,758.4","18,191.8","446.85K","-2.03%"
"2022-09-20","18,872.4","19,538.9","19,626.3","18,742.6","361.18K","-3.41%"
"2022-09-19","19,538.9","19,417.4","19,666.6","18,277.8","423.43K","0.62%"
"2022-09-18","19,418.8","20,113.9","20,113.9","19,347.7","273.11K","-3.45%"
"2022-09-17","20,113.5","19,802.8","20,178.6","19,761.0","204.58K","1.57%"
"2022-09-16","19,802.4","19,701.9","19,883.0","19,352.9","315.59K","0.51%"
"2022-09-15","19,701.7","20,222.3","20,321.4","19,532.3","358.42K","-2.58%"
"2022-09-14","20,222.5","20,175.5","20,503.7","19,654.2","374.22K","0.23%"
"2022-09-13","20,175.5","22,395.3","22,702.5","19,909.6","485.32K","-9.91%"
"2022-09-12","22,395.3","21,836.6","22,465.4","21,581.6","431.98K","2.57%"
"2022-09-11","21,834.9","21,650.4","21,836.4","21,363.0","297.12K","0.85%"
"2022-09-10","21,650.4","21,363.8","21,790.6","21,139.9","331.12K","1.33%"
"2022-09-09","21,365.2","19,318.8","21,545.7","19,294.1","480.37K","10.60%"
"2022-09-08","19,317.4","19,281.5","19,444.7","19,034.5","291.43K","0.19%"
"2022-09-07","19,281.5","18,786.3","19,445.9","18,548.4","319.10K","2.64%"
"2022-09-06","18,786.4","19,793.4","20,169.3","18,723.3","402.43K","-5.09%"
"2022-09-05","19,793.1","19,999.9","20,042.9","19,650.7","238.71K","-1.03%"
"2022-09-04","19,999.9","19,832.2","20,017.8","19,594.7","158.27K","0.85%"
"2022-09-03","19,831.4","19,952.8","20,043.8","19,660.7","157.85K","-0.61%"
"2022-09-02","19,952.7","20,131.6","20,428.2","19,764.7","272.22K","-0.86%"
"2022-09-01","20,126.1","20,049.9","20,202.7","19,584.4","275.08K","0.41%"
"2022-08-31","20,043.9","19,793.4","20,469.1","19,793.4","318.17K","1.27%"
"2022-08-30","19,792.6","20,295.6","20,558.2","19,559.7","308.41K","-2.48%"
"2022-08-29","20,295.8","19,551.3","20,394.5","19,551.2","248.04K","3.81%"
"2022-08-28","19,550.2","20,034.2","20,150.8","19,542.9","159.60K","-2.41%"
"2022-08-27","20,033.9","20,249.9","20,343.6","19,849.8","187.34K","-1.07%"
"2022-08-26","20,249.9","21,564.2","21,815.3","20,122.4","322.16K","-6.10%"
"2022-08-25","21,565.4","21,365.4","21,801.2","21,324.8","190.15K","0.94%"
"2022-08-24","21,365.2","21,516.2","21,832.3","21,171.1","202.40K","-0.71%"
"2022-08-23","21,517.2","21,416.5","21,661.0","20,919.6","228.65K","0.47%"
"2022-08-22","21,416.3","21,516.8","21,517.4","20,912.1","251.83K","-0.47%"
"2022-08-21","21,517.2","21,138.9","21,692.4","21,077.4","177.52K","1.79%"
"2022-08-20","21,138.9","20,830.7","21,357.4","20,784.8","206.94K","1.48%"
"2022-08-19","20,831.3","23,201.6","23,202.3","20,807.8","339.47K","-10.22%"
"2022-08-18","23,203.6","23,337.7","23,578.0","23,131.3","160.97K","-0.58%"
"2022-08-17","23,338.0","23,855.8","24,423.5","23,191.6","239.53K","-2.17%"
"2022-08-16","23,856.8","24,102.6","24,240.8","23,693.8","201.70K","-1.02%"
"2022-08-15","24,101.7","24,303.3","25,205.7","23,784.5","279.28K","-0.83%"
"2022-08-14","24,302.8","24,442.1","24,997.3","24,172.2","177.25K","-0.57%"
"2022-08-13","24,442.5","24,398.9","24,882.9","24,318.7","170.59K","0.18%"
"2022-08-12","24,398.7","23,935.3","24,440.8","23,616.4","194.96K","1.94%"
"2022-08-11","23,935.3","23,963.3","24,873.5","23,864.0","285.36K","-0.12%"
"2022-08-10","23,962.9","23,150.3","24,209.9","22,714.7","243.61K","3.53%"
"2022-08-09","23,146.7","23,818.1","23,912.0","22,886.5","169.62K","-2.81%"
"2022-08-08","23,816.3","23,175.3","24,234.1","23,160.6","197.94K","2.77%"
"2022-08-07","23,175.3","22,944.2","23,387.7","22,852.3","99.36K","1.01%"
"2022-08-06","22,944.2","23,308.2","23,344.4","22,923.6","94.44K","-1.56%"
"2022-08-05","23,308.2","22,613.3","23,447.6","22,593.5","208.90K","3.08%"
"2022-08-04","22,612.1","22,822.2","23,214.5","22,438.7","181.19K","-0.91%"
"2022-08-03","22,820.8","22,988.7","23,623.7","22,698.6","174.66K","-0.73%"
"2022-08-02","22,988.6","23,271.1","23,423.3","22,670.8","177.30K","-1.21%"
"2022-08-01","23,271.2","23,303.4","23,484.4","22,863.8","162.33K","-0.14%"
"2022-07-31","23,303.4","23,634.2","24,179.3","23,236.2","138.84K","-1.40%"
"2022-07-30","23,634.2","23,774.2","24,605.3","23,521.8","168.72K","-0.59%"
"2022-07-29","23,774.3","23,850.2","24,340.0","23,451.4","221.66K","-0.32%"
"2022-07-28","23,850.0","22,957.7","24,190.5","22,611.6","268.32K","3.88%"
"2022-07-27","22,958.3","21,248.0","23,027.8","21,047.5","242.66K","8.05%"
"2022-07-26","21,248.7","21,301.6","21,322.3","20,737.3","201.57K","-0.25%"
"2022-07-25","21,301.9","22,582.3","22,653.3","21,275.4","206.93K","-5.67%"
"2022-07-24","22,582.1","22,449.8","22,987.9","22,281.3","126.66K","0.54%"
"2022-07-23","22,460.4","22,683.6","22,991.0","21,971.7","137.42K","-0.95%"
"2022-07-22","22,675.2","23,150.0","23,741.4","22,524.2","197.54K","-2.06%"
"2022-07-21","23,153.0","23,219.9","23,403.8","22,360.2","217.08K","-0.27%"
"2022-07-20","23,215.2","23,412.0","24,258.0","22,944.4","281.31K","-0.83%"
"2022-07-19","23,410.2","22,529.3","23,757.3","21,581.8","308.91K","3.93%"
"2022-07-18","22,525.8","20,785.6","22,714.9","20,770.6","279.72K","8.37%"
"2022-07-17","20,785.6","21,209.8","21,654.4","20,755.2","132.81K","-2.00%"
"2022-07-16","21,209.9","20,825.2","21,561.3","20,484.4","136.89K","1.85%"
"2022-07-15","20,825.1","20,586.1","21,178.1","20,393.4","164.67K","1.16%"
"2022-07-14","20,586.0","20,250.0","20,862.2","19,664.9","205.28K","1.66%"
"2022-07-13","20,250.0","19,331.6","20,250.8","18,942.2","249.38K","4.75%"
"2022-07-12","19,330.9","19,963.2","20,051.7","19,279.6","167.91K","-3.17%"
"2022-07-11","19,963.2","20,847.2","20,855.0","19,897.0","160.20K","-4.24%"
"2022-07-10","20,847.4","21,587.4","21,599.2","20,689.7","204.68K","-3.43%"
"2022-07-09","21,587.5","21,610.4","21,944.1","21,338.4","190.11K","-0.11%"
"2022-07-08","21,611.2","21,637.1","22,482.1","21,207.0","439.90K","-0.12%"
"2022-07-07","21,637.8","20,557.9","21,817.8","20,282.7","115.81K","5.24%"
"2022-07-06","20,561.1","20,180.4","20,654.9","19,785.3","105.24K","1.78%"
"2022-07-05","20,200.6","20,215.8","20,706.9","19,315.4","122.43K","-0.08%"
"2022-07-04","20,215.8","19,310.6","20,303.8","19,052.5","92.79K","4.69%"
"2022-07-03","19,309.9","19,243.4","19,626.4","18,794.4","65.27K","0.35%"
"2022-07-02","19,243.2","19,275.4","19,425.4","19,006.4","58.57K","-0.10%"
"2022-07-01","19,262.9","19,926.6","20,785.6","18,980.1","150.18K","-3.33%"
"2022-06-30","19,926.6","20,111.3","20,155.1","18,682.7","127.73K","-0.92%"
"2022-06-29","20,111.3","20,278.0","20,415.8","19,880.7","98.97K","-0.82%"
"2022-06-28","20,278.0","20,727.9","21,200.2","20,210.5","83.83K","-2.18%"
"2022-06-27","20,730.2","21,037.7","21,497.5","20,568.0","84.69K","-1.49%"
"2022-06-26","21,043.5","21,489.9","21,837.4","20,989.7","67.21K","-2.08%"
"2022-06-25","21,489.9","21,226.9","21,553.4","20,917.5","66.63K","1.24%"
"2022-06-24","21,226.9","21,100.9","21,488.7","20,743.9","104.56K","0.60%"
"2022-06-23","21,100.7","19,967.3","21,189.8","19,907.5","110.70K","5.68%"
"2022-06-22","19,965.8","20,720.2","20,864.3","19,780.2","125.94K","-3.64%"
"2022-06-21","20,720.4","20,571.6","21,689.3","20,371.7","136.32K","0.72%"
"2022-06-20","20,572.3","20,576.9","20,996.8","19,658.8","140.60K","-0.02%"
"2022-06-19","20,577.2","18,983.4","20,763.5","17,983.7","169.39K","8.38%"
"2022-06-18","18,986.5","20,446.4","20,744.7","17,630.5","267.25K","-7.13%"
"2022-06-17","20,444.6","20,391.3","21,315.4","20,244.1","136.27K","0.28%"
"2022-06-16","20,386.6","22,577.9","22,942.1","20,231.1","144.00K","-9.71%"
"2022-06-15","22,577.9","22,137.5","22,754.4","20,125.8","280.41K","1.90%"
"2022-06-14","22,157.3","22,449.1","23,200.3","20,860.9","251.01K","-1.29%"
"2022-06-13","22,448.0","26,606.3","26,857.6","22,006.3","379.26K","-15.63%"
"2022-06-12","26,606.3","28,404.0","28,534.8","26,606.3","120.02K","-6.33%"
"2022-06-11","28,403.4","29,083.3","29,426.6","28,161.8","82.92K","-2.34%"
"2022-06-10","29,083.3","30,097.4","30,325.6","28,884.9","104.26K","-3.37%"
"2022-06-09","30,097.8","30,202.1","30,691.4","29,953.8","61.72K","-0.34%"
"2022-06-08","30,201.6","31,127.2","31,312.1","29,874.8","87.96K","-2.98%"
"2022-06-07","31,128.8","31,370.3","31,556.6","29,235.0","140.32K","-0.76%"
"2022-06-06","31,367.6","29,911.2","31,753.4","29,888.6","94.01K","4.86%"
"2022-06-05","29,913.0","29,865.1","30,166.9","29,539.0","30.33K","0.16%"
"2022-06-04","29,864.3","29,700.9","29,963.8","29,489.5","33.51K","0.55%"
"2022-06-03","29,700.9","30,455.7","30,674.8","29,330.8","72.13K","-2.48%"
"2022-06-02","30,455.5","29,798.6","30,638.5","29,604.4","81.40K","2.20%"
"2022-06-01","29,798.5","31,793.1","31,969.9","29,396.6","135.09K","-6.27%"
"2022-05-31","31,793.4","31,730.2","32,377.5","31,221.2","86.60K","0.22%"
"2022-05-30","31,723.3","29,465.2","32,185.6","29,307.2","129.56K","7.66%"
"2022-05-29","29,465.2","29,027.1","29,556.5","28,838.7","36.87K","1.51%"
"2022-05-28","29,027.1","28,620.1","29,194.4","28,537.2","43.87K","1.49%"
"2022-05-27","28,601.2","29,194.0","29,377.1","28,282.2","116.41K","-2.06%"
"2022-05-26","29,203.5","29,537.9","29,868.9","28,077.9","126.71K","-1.14%"
"2022-05-25","29,540.6","29,648.7","30,202.3","29,353.5","78.85K","-0.36%"
"2022-05-24","29,648.7","29,091.6","29,810.8","28,706.1","79.42K","1.91%"
"2022-05-23","29,093.3","30,287.3","30,644.8","28,913.6","92.10K","-3.94%"
"2022-05-22","30,286.6","29,433.0","30,462.0","29,260.1","50.60K","2.89%"
"2022-05-21","29,434.6","29,188.7","29,623.2","28,953.9","32.27K","0.88%"
"2022-05-20","29,178.6","30,305.9","30,735.1","28,738.5","98.78K","-3.72%"
"2022-05-19","30,305.9","28,700.4","30,525.1","28,682.1","101.38K","5.66%"
"2022-05-18","28,683.7","30,437.5","30,687.9","28,648.1","92.03K","-5.76%"
"2022-05-17","30,437.5","29,856.7","30,720.1","29,484.5","79.63K","1.97%"
"2022-05-16","29,849.0","31,308.3","31,312.4","29,135.8","100.25K","-4.66%"
"2022-05-15","31,308.7","30,078.6","31,383.8","29,499.4","65.44K","4.08%"
"2022-05-14","30,080.4","29,285.2","30,277.4","28,666.7","70.46K","2.72%"
"2022-05-13","29,284.4","28,994.3","31,002.7","28,755.0","141.23K","1.06%"
"2022-05-12","28,976.0","29,073.4","30,136.7","26,500.5","309.48K","-0.32%"
"2022-05-11","29,068.2","31,008.0","32,113.6","27,835.5","296.90K","-6.25%"
"2022-05-10","31,007.5","30,098.2","32,621.2","29,831.0","235.61K","3.03%"
"2022-05-09","30,095.0","34,041.0","34,227.0","30,095.0","268.09K","-11.64%"
"2022-05-08","34,060.0","35,468.0","35,497.0","33,727.0","671.05M","-3.97%"
"2022-05-07","35,468.0","36,003.0","36,119.0","34,773.0","288.86M","-1.50%"
"2022-05-06","36,009.0","36,540.0","36,646.0","35,267.0","752.84M","-1.46%"
"2022-05-05","36,544.0","39,686.0","39,833.0","36,183.0","1.04B","-7.92%"
"2022-05-04","39,688.0","37,717.0","40,021.0","37,660.0","691.49M","5.22%"
"2022-05-03","37,718.0","38,515.0","38,647.0","37,513.0","367.21M","-2.07%"
"2022-05-02","38,514.0","38,472.0","39,134.0","38,061.0","580.79M","0.14%"
"2022-05-01","38,461.0","37,642.0","38,676.0","37,397.0","276.99M","2.15%"
"2022-04-30","37,650.0","38,590.0","38,776.0","37,596.0","248.22M","-2.41%"
"2022-04-29","38,581.0","39,748.0","39,919.0","38,175.0","382.90M","-2.94%"
"2022-04-28","39,748.0","39,243.0","40,382.0","38,888.0","542.39M","1.29%"
"2022-04-27","39,243.0","38,113.0","39,447.0","37,869.0","426.83M","2.96%"
"2022-04-26","38,113.0","40,443.0","40,770.0","37,708.0","681.47M","-5.72%"
"2022-04-25","40,427.0","39,464.0","40,599.0","38,233.0","654.60M","2.44%"
"2022-04-24","39,464.0","39,434.0","39,929.0","39,033.0","283.63M","0.12%"
"2022-04-23","39,418.0","39,709.0","39,973.0","39,291.0","190.60M","-0.73%"
"2022-04-22","39,709.0","40,487.0","40,792.0","39,200.0","421.30M","-1.91%"
"2022-04-21","40,482.0","41,370.0","42,969.0","39,793.0","493.05M","-2.14%"
"2022-04-20","41,368.0","41,499.0","42,203.0","40,915.0","382.84M","-0.33%"
"2022-04-19","41,503.0","40,809.0","41,746.0","40,585.0","268.28M","1.72%"
"2022-04-18","40,803.0","39,700.0","41,095.0","38,577.0","484.26M","2.77%"
"2022-04-17","39,703.0","40,382.0","40,599.0","39,561.0","210.01M","-1.68%"
"2022-04-16","40,382.0","40,571.0","40,691.0","40,003.0","151.31M","-0.44%"
"2022-04-15","40,560.0","39,936.0","40,850.0","39,781.0","233.09M","1.56%"
"2022-04-14","39,936.0","41,133.0","41,494.0","39,585.0","294.29M","-2.91%"
"2022-04-13","41,133.0","40,072.0","41,515.0","39,581.0","406.70M","2.63%"
"2022-04-12","40,078.0","39,507.0","40,678.0","39,265.0","468.27M","1.47%"
"2022-04-11","39,497.0","42,144.0","42,418.0","39,202.0","608.38M","-6.27%"
"2022-04-10","42,138.0","42,760.0","43,421.0","41,884.0","255.83M","-1.47%"
"2022-04-09","42,767.0","42,275.0","42,809.0","42,129.0","165.16M","1.16%"
"2022-04-08","42,275.0","43,450.0","43,979.0","42,113.0","467.83M","-2.70%"
"2022-04-07","43,448.0","43,166.0","43,893.0","42,747.0","390.85M","0.64%"
"2022-04-06","43,173.0","45,494.0","45,519.0","43,122.0","649.52M","-5.13%"
"2022-04-05","45,506.0","46,614.0","47,201.0","45,388.0","421.11M","-2.41%"
"2022-04-04","46,629.0","46,407.0","46,899.0","45,152.0","446.12M","0.48%"
"2022-04-03","46,407.0","45,813.0","47,435.0","45,554.0","398.86M","1.30%"
"2022-04-02","45,811.0","46,299.0","47,212.0","45,641.0","345.93M","-1.05%"
"2022-04-01","46,297.0","45,529.0","46,728.0","44,261.0","632.93M","1.70%"
"2022-03-31","45,525.0","47,071.0","47,624.0","45,228.0","520.00M","-3.29%"
"2022-03-30","47,075.0","47,449.0","47,714.0","46,601.0","467.76M","-0.79%"
"2022-03-29","47,449.0","47,126.0","48,127.0","47,029.0","478.82M","0.73%"
"2022-03-28","47,105.0","46,859.0","48,199.0","46,672.0","610.27M","0.52%"
"2022-03-27","46,859.0","44,542.0","46,947.0","44,445.0","388.79M","5.19%"
"2022-03-26","44,548.0","44,331.0","44,818.0","44,090.0","196.30M","0.49%"
"2022-03-25","44,331.0","44,013.0","45,112.0","43,622.0","494.09M","0.72%"
"2022-03-24","44,013.0","42,911.0","44,251.0","42,658.0","491.66M","2.57%"
"2022-03-23","42,912.0","42,373.0","43,027.0","41,795.0","433.96M","1.27%"
"2022-03-22","42,373.0","41,022.0","43,327.9","40,893.0","537.06M","3.29%"
"2022-03-21","41,022.0","41,282.0","41,532.0","40,530.0","406.62M","-0.62%"
"2022-03-20","41,276.0","42,241.0","42,301.0","40,922.0","308.45M","-2.27%"
"2022-03-19","42,233.0","41,768.0","42,386.0","41,529.6","224.59M","1.11%"
"2022-03-18","41,767.8","40,914.6","42,308.4","40,234.8","2.31B","2.08%"
"2022-03-17","40,914.8","41,118.7","41,406.0","40,557.8","1.90B","-0.50%"
"2022-03-16","41,118.7","39,282.5","41,701.6","38,953.2","4.47B","4.67%"
"2022-03-15","39,285.7","39,673.0","39,854.7","38,220.9","2.25B","-0.97%"
"2022-03-14","39,671.1","37,789.5","39,914.3","37,613.6","2.33B","4.97%"
"2022-03-13","37,792.4","38,813.2","39,272.3","37,603.4","1.55B","-2.63%"
"2022-03-12","38,814.3","38,730.2","39,355.3","38,666.5","1.11B","0.22%"
"2022-03-11","38,730.2","39,422.5","40,177.0","38,236.4","2.79B","-1.74%"
"2022-03-10","39,416.3","41,933.9","42,029.1","38,603.5","3.62B","-5.99%"
"2022-03-09","41,929.0","38,731.5","42,538.5","38,663.3","3.60B","8.22%"
"2022-03-08","38,744.8","38,020.6","39,351.5","37,886.6","2.67B","1.89%"
"2022-03-07","38,024.8","38,420.6","39,532.0","37,182.1","3.02B","-0.99%"
"2022-03-06","38,403.1","39,396.3","39,668.1","38,115.0","1.93B","-2.52%"
"2022-03-05","39,395.8","39,142.8","39,600.2","38,626.1","1.50B","0.65%"
"2022-03-04","39,142.7","42,463.0","42,848.7","38,594.9","3.21B","-7.82%"
"2022-03-03","42,463.0","43,912.8","44,077.2","41,840.8","74.11K","-3.30%"
"2022-03-02","43,912.8","44,420.3","45,294.2","43,361.3","80.82K","-1.14%"
"2022-03-01","44,420.3","43,187.2","44,900.5","42,876.6","90.67K","2.85%"
"2022-02-28","43,188.2","37,707.2","43,977.8","37,458.9","108.07K","14.59%"
"2022-02-27","37,689.1","39,116.6","39,838.5","37,062.3","66.14K","-3.65%"
"2022-02-26","39,115.5","39,221.6","40,094.5","38,639.1","41.55K","-0.24%"
"2022-02-25","39,209.6","38,339.2","39,683.7","38,042.6","83.78K","2.27%"
"2022-02-24","38,339.2","37,250.2","39,351.6","34,357.4","180.47K","2.99%"
"2022-02-23","37,224.6","38,248.2","39,194.5","37,099.5","64.84K","-2.68%"
"2022-02-22","38,248.2","37,018.3","38,414.9","36,399.6","82.75K","3.32%"
"2022-02-21","37,017.7","38,355.0","39,444.1","36,868.9","91.82K","-3.49%"
"2022-02-20","38,355.0","40,089.6","40,120.3","38,042.2","47.92K","-4.33%"
"2022-02-19","40,090.3","40,000.1","40,434.3","39,666.6","25.78K","0.23%"
"2022-02-18","40,000.1","40,532.5","40,935.5","39,505.0","64.96K","-1.36%"
"2022-02-17","40,552.8","43,885.5","44,167.1","40,103.8","72.63K","-7.59%"
"2022-02-16","43,883.6","44,540.9","44,552.9","43,377.6","41.40K","-1.48%"
"2022-02-15","44,544.4","42,550.3","44,722.6","42,460.1","56.34K","4.69%"
"2022-02-14","42,550.3","42,061.1","42,799.7","41,591.3","53.60K","1.16%"
"2022-02-13","42,061.1","42,205.5","42,725.1","41,880.1","25.88K","-0.34%"
"2022-02-12","42,205.2","42,388.4","43,006.4","41,776.8","37.88K","-0.43%"
"2022-02-11","42,388.4","43,519.3","43,915.1","42,023.4","69.95K","-2.60%"
"2022-02-10","43,521.0","44,388.9","45,755.2","43,242.5","89.69K","-1.96%"
"2022-02-09","44,388.9","44,038.2","44,800.4","43,163.0","50.92K","0.80%"
"2022-02-08","44,038.2","43,833.9","45,399.8","42,705.0","92.88K","0.47%"
"2022-02-07","43,833.9","42,385.2","44,468.3","41,695.4","76.60K","3.40%"
"2022-02-06","42,392.2","41,411.9","42,614.8","41,176.3","31.20K","2.37%"
"2022-02-05","41,412.1","41,566.5","41,899.8","40,963.3","46.32K","-0.37%"
"2022-02-04","41,567.6","37,287.8","41,689.0","37,041.1","95.49K","11.48%"
"2022-02-03","37,287.8","36,890.2","37,304.3","36,297.3","50.35K","1.08%"
"2022-02-02","36,890.2","38,711.2","38,853.8","36,682.3","53.74K","-4.70%"
"2022-02-01","38,709.7","38,475.6","39,230.0","38,037.9","55.20K","0.55%"
"2022-01-31","38,498.6","37,923.8","38,701.4","36,672.8","61.27K","1.53%"
"2022-01-30","37,917.7","38,167.5","38,313.3","37,390.6","34.10K","-0.66%"
"2022-01-29","38,170.8","37,736.5","38,663.7","37,350.2","42.77K","1.13%"
"2022-01-28","37,745.1","37,195.6","37,995.9","36,176.5","69.45K","1.56%"
"2022-01-27","37,164.3","36,800.1","37,215.4","35,543.2","83.52K","0.99%"
"2022-01-26","36,800.4","36,962.3","38,862.6","36,280.0","107.87K","-0.41%"
"2022-01-25","36,950.6","36,691.3","37,501.8","35,729.3","79.68K","0.72%"
"2022-01-24","36,686.3","36,268.6","37,424.0","32,985.6","153.77K","1.15%"
"2022-01-23","36,269.5","35,072.9","36,513.0","34,655.2","70.43K","3.40%"
"2022-01-22","35,075.2","36,467.7","36,749.8","34,116.0","138.09K","-3.84%"
"2022-01-21","36,475.5","40,698.1","41,104.6","35,503.9","155.80K","-10.41%"
"2022-01-20","40,715.9","41,683.6","43,487.1","40,568.3","65.28K","-2.31%"
"2022-01-19","41,677.8","42,365.3","42,558.0","41,160.9","53.77K","-1.62%"
"2022-01-18","42,364.6","42,209.9","42,674.2","41,300.7","47.32K","0.37%"
"2022-01-17","42,209.3","43,080.5","43,179.6","41,559.4","41.44K","-2.02%"
"2022-01-16","43,079.1","43,079.2","43,462.0","42,643.3","28.66K","-0.04%"
"2022-01-15","43,097.0","43,073.6","43,777.9","42,586.1","31.44K","0.06%"
"2022-01-14","43,073.3","42,562.2","43,435.1","41,848.7","50.50K","1.21%"
"2022-01-13","42,560.0","43,900.0","44,404.7","42,337.5","53.42K","-3.05%"
"2022-01-12","43,901.0","42,735.0","44,243.6","42,476.7","53.95K","2.73%"
"2022-01-11","42,733.2","41,829.1","43,090.2","41,287.6","61.78K","2.15%"
"2022-01-10","41,832.2","41,848.9","42,243.8","39,697.0","85.50K","-0.04%"
"2022-01-09","41,848.3","41,681.2","42,764.4","41,260.9","37.51K","0.42%"
"2022-01-08","41,672.0","41,551.3","42,304.4","40,574.3","52.54K","0.30%"
"2022-01-07","41,546.7","43,097.9","43,127.7","40,810.0","88.36K","-3.60%"
"2022-01-06","43,097.5","43,431.6","43,772.3","42,481.1","63.08K","-0.76%"
"2022-01-05","43,425.9","45,833.1","47,019.4","42,535.1","83.74K","-5.26%"
"2022-01-04","45,837.3","46,435.7","47,505.4","45,602.1","55.59K","-1.28%"
"2022-01-03","46,430.2","47,293.9","47,556.0","45,704.0","41.06K","-1.86%"
"2022-01-02","47,311.8","47,738.7","47,944.9","46,718.2","27.02K","-0.89%"
"2022-01-01","47,738.0","46,217.5","47,917.6","46,217.5","31.24K","3.29%"
"2021-12-31","46,219.5","47,123.3","48,553.9","45,693.6","58.18K","-1.92%"
"2021-12-30","47,123.3","46,470.7","47,901.4","46,003.0","60.96K","1.42%"
"2021-12-29","46,461.7","47,548.4","48,121.7","46,127.8","63.92K","-2.28%"
"2021-12-28","47,545.2","50,703.4","50,703.8","47,345.7","74.39K","-6.18%"
"2021-12-27","50,678.2","50,783.6","52,016.3","50,459.0","43.90K","-0.20%"
"2021-12-26","50,779.9","50,404.0","51,247.0","49,527.0","32.34K","0.74%"
"2021-12-25","50,406.4","50,789.6","51,140.2","50,196.8","26.67K","-0.75%"
"2021-12-24","50,786.1","50,807.4","51,795.3","50,428.4","45.97K","-0.03%"
"2021-12-23","50,801.0","48,599.6","51,355.6","48,053.4","56.24K","4.53%"
"2021-12-22","48,599.7","48,898.7","49,540.3","48,449.7","40.89K","-0.62%"
"2021-12-21","48,902.0","46,900.1","49,306.1","46,654.0","57.88K","4.28%"
"2021-12-20","46,895.2","46,703.4","47,488.9","45,577.3","57.53K","0.41%"
"2021-12-19","46,704.5","46,855.7","48,270.2","46,438.4","44.05K","-0.32%"
"2021-12-18","46,856.2","46,171.8","47,330.2","45,513.4","36.93K","1.48%"
"2021-12-17","46,172.2","47,630.4","47,997.2","45,523.8","67.50K","-3.06%"
"2021-12-16","47,628.2","48,876.6","49,387.8","47,543.9","48.20K","-2.54%"
"2021-12-15","48,871.5","48,366.2","49,477.9","46,572.6","80.28K","1.04%"
"2021-12-14","48,366.5","46,709.8","48,635.0","46,338.3","62.54K","3.56%"
"2021-12-13","46,703.6","50,075.9","50,196.1","45,848.2","80.37K","-6.74%"
"2021-12-12","50,081.0","49,332.5","50,779.2","48,670.5","40.30K","1.55%"
"2021-12-11","49,314.5","47,138.4","49,487.0","46,834.0","45.23K","4.62%"
"2021-12-10","47,137.2","47,591.7","49,974.8","47,007.1","68.06K","-0.97%"
"2021-12-09","47,596.6","50,477.6","50,790.2","47,341.9","58.69K","-5.70%"
"2021-12-08","50,473.9","50,596.6","51,204.7","48,700.7","55.59K","-0.24%"
"2021-12-07","50,595.2","50,547.4","51,918.6","50,070.9","56.29K","0.07%"
"2021-12-06","50,562.1","49,412.1","50,913.3","47,237.9","89.68K","2.34%"
"2021-12-05","49,405.5","49,196.4","49,689.3","47,797.8","72.03K","0.43%"
"2021-12-04","49,195.2","53,620.7","53,847.2","42,587.8","168.00K","-8.27%"
"2021-12-03","53,631.5","56,495.2","57,543.6","52,008.9","89.20K","-5.07%"
"2021-12-02","56,496.0","57,207.8","57,377.5","55,807.9","54.94K","-1.25%"
"2021-12-01","57,210.3","56,891.7","59,064.3","56,496.5","66.75K","0.58%"
"2021-11-30","56,882.9","57,795.2","59,174.4","55,936.9","73.66K","-1.58%"
"2021-11-29","57,794.8","57,288.1","58,855.2","56,726.7","58.65K","0.88%"
"2021-11-28","57,291.5","54,758.0","57,392.3","53,448.3","49.28K","4.61%"
"2021-11-27","54,765.9","53,747.2","55,280.3","53,654.3","40.71K","1.93%"
"2021-11-26","53,730.9","58,937.3","59,151.1","53,533.5","104.03K","-8.83%"
"2021-11-25","58,935.1","57,167.1","59,387.3","57,029.8","56.79K","3.08%"
"2021-11-24","57,171.7","57,559.4","57,697.4","55,910.6","56.68K","-0.70%"
"2021-11-23","57,573.2","56,304.8","57,855.1","55,542.5","72.48K","2.25%"
"2021-11-22","56,308.8","58,719.7","59,288.3","55,656.8","76.45K","-4.10%"
"2021-11-21","58,714.3","59,724.0","60,002.6","58,528.3","40.98K","-1.68%"
"2021-11-20","59,717.6","58,080.8","59,854.6","57,435.3","44.53K","2.81%"
"2021-11-19","58,083.4","56,908.3","58,335.9","55,626.3","74.44K","1.98%"
"2021-11-18","56,955.3","60,368.2","60,936.9","56,524.4","100.37K","-5.65%"
"2021-11-17","60,367.8","60,074.2","60,814.5","58,531.9","73.93K","0.46%"
"2021-11-16","60,089.1","63,605.1","63,605.6","58,655.9","115.36K","-5.52%"
"2021-11-15","63,597.9","65,514.9","66,311.2","63,439.5","53.53K","-2.92%"
"2021-11-14","65,508.2","64,397.2","65,508.2","63,608.3","33.98K","1.72%"
"2021-11-13","64,398.6","64,133.3","64,906.0","63,381.4","30.34K","0.41%"
"2021-11-12","64,134.5","64,782.6","65,449.7","62,309.7","63.27K","-1.04%"
"2021-11-11","64,806.7","64,922.8","65,583.3","64,121.9","50.37K","-0.19%"
"2021-11-10","64,932.6","66,942.6","68,990.6","62,951.3","96.21K","-2.95%"
"2021-11-09","66,904.4","67,528.7","68,493.3","66,334.9","66.13K","-0.92%"
"2021-11-08","67,527.9","63,276.4","67,763.3","63,276.4","81.08K","6.72%"
"2021-11-07","63,273.2","61,483.8","63,273.2","61,347.2","34.34K","2.91%"
"2021-11-06","61,483.9","60,973.2","61,543.2","60,093.6","34.89K","0.84%"
"2021-11-05","60,974.3","61,411.5","62,560.3","60,742.4","44.46K","-0.71%"
"2021-11-04","61,412.6","62,915.4","63,077.6","60,742.9","49.91K","-2.39%"
"2021-11-03","62,918.5","63,223.5","63,508.6","60,883.0","61.05K","-0.48%"
"2021-11-02","63,221.7","60,912.2","64,256.4","60,651.5","65.26K","3.79%"
"2021-11-01","60,915.3","61,310.1","62,430.1","59,612.7","61.21K","-0.64%"
"2021-10-31","61,309.6","61,842.2","62,393.7","60,005.7","50.06K","-0.86%"
"2021-10-30","61,840.1","62,245.0","62,338.5","60,786.0","40.51K","-0.65%"
"2021-10-29","62,242.8","60,579.9","62,952.2","60,322.2","63.39K","2.74%"
"2021-10-28","60,582.5","58,437.2","62,251.3","58,128.1","88.47K","3.67%"
"2021-10-27","58,438.1","60,312.5","61,452.9","58,112.6","88.11K","-3.11%"
"2021-10-26","60,310.8","63,067.5","63,275.1","59,907.3","57.13K","-4.37%"
"2021-10-25","63,067.0","60,864.3","63,694.8","60,655.8","51.06K","3.62%"
"2021-10-24","60,866.5","61,308.2","61,469.9","59,523.7","42.67K","-0.73%"
"2021-10-23","61,312.5","60,693.2","61,728.7","59,738.3","37.05K","1.03%"
"2021-10-22","60,690.3","62,200.8","63,699.7","60,055.7","75.69K","-2.44%"
"2021-10-21","62,210.2","66,004.6","66,616.9","62,092.1","105.38K","-5.71%"
"2021-10-20","65,979.1","64,276.9","66,967.1","63,543.7","79.87K","2.65%"
"2021-10-19","64,278.5","62,030.2","64,454.0","61,451.0","80.16K","3.58%"
"2021-10-18","62,056.3","61,525.8","62,623.6","60,026.9","80.15K","0.86%"
"2021-10-17","61,527.5","60,865.5","61,651.4","59,143.4","53.39K","1.09%"
"2021-10-16","60,861.1","61,669.2","62,329.2","60,161.9","49.93K","-1.32%"
"2021-10-15","61,672.5","57,348.2","62,892.8","56,874.8","121.48K","7.54%"
"2021-10-14","57,345.8","57,370.4","58,506.5","56,866.8","59.84K","-0.06%"
"2021-10-13","57,380.1","56,014.5","57,697.4","54,314.4","73.62K","2.44%"
"2021-10-12","56,015.9","57,480.6","57,635.7","54,155.4","74.85K","-2.54%"
"2021-10-11","57,477.3","54,686.9","57,814.1","54,457.8","73.84K","5.10%"
"2021-10-10","54,687.7","54,942.5","56,432.2","54,100.8","104.43K","-0.46%"
"2021-10-09","54,942.5","53,924.1","55,430.8","53,711.7","64.65K","1.91%"
"2021-10-08","53,914.7","53,785.5","55,977.9","53,659.3","64.05K","0.24%"
"2021-10-07","53,783.9","55,325.2","55,325.6","53,476.4","75.68K","-2.78%"
"2021-10-06","55,323.2","51,470.0","55,676.1","50,439.5","116.26K","7.49%"
"2021-10-05","51,469.3","49,229.5","51,872.4","49,060.1","76.63K","4.55%"
"2021-10-04","49,227.3","48,200.4","49,481.7","46,958.6","66.92K","2.13%"
"2021-10-03","48,200.1","47,665.4","49,165.2","47,123.0","42.41K","1.12%"
"2021-10-02","47,666.9","48,147.2","48,306.9","47,451.7","39.82K","-1.00%"
"2021-10-01","48,146.0","43,824.4","48,435.2","43,292.9","94.66K","9.86%"
"2021-09-30","43,823.3","41,534.5","44,101.2","41,416.7","64.32K","5.50%"
"2021-09-29","41,536.8","41,023.1","42,571.2","40,815.0","48.21K","1.25%"
"2021-09-28","41,022.3","42,169.9","42,758.8","40,906.4","60.01K","-2.73%"
"2021-09-27","42,172.6","43,200.9","44,293.2","42,143.9","54.12K","-2.39%"
"2021-09-26","43,203.4","42,685.8","43,907.3","40,786.6","69.91K","1.21%"
"2021-09-25","42,686.8","42,818.7","42,959.3","41,714.5","46.35K","-0.31%"
"2021-09-24","42,819.9","44,867.4","45,112.0","40,908.5","128.88K","-4.57%"
"2021-09-23","44,869.2","43,550.7","44,949.8","43,090.1","74.54K","3.03%"
"2021-09-22","43,551.6","40,660.8","43,976.7","40,585.7","93.98K","7.13%"
"2021-09-21","40,651.3","43,012.3","43,619.3","39,646.8","142.55K","-5.18%"
"2021-09-20","42,870.6","47,240.8","47,323.9","42,547.1","77.96K","-9.25%"
"2021-09-19","47,238.7","48,299.9","48,341.9","46,866.6","41.98K","-2.21%"
"2021-09-18","48,306.7","47,283.9","48,761.0","47,070.5","43.64K","2.17%"
"2021-09-17","47,282.8","47,748.2","48,155.9","46,788.8","50.16K","-0.97%"
"2021-09-16","47,748.0","48,132.3","48,480.6","47,040.3","60.91K","-0.80%"
"2021-09-15","48,130.6","47,070.8","48,436.5","46,743.9","63.40K","2.24%"
"2021-09-14","47,077.5","44,950.2","47,247.6","44,718.7","65.33K","4.73%"
"2021-09-13","44,949.5","46,060.8","46,807.7","43,463.2","96.15K","-2.42%"
"2021-09-12","46,062.3","45,162.6","46,386.4","44,755.2","44.52K","1.99%"
"2021-09-11","45,161.9","44,844.9","45,975.6","44,766.6","41.58K","0.71%"
"2021-09-10","44,842.8","46,385.9","47,021.6","44,283.6","75.62K","-3.33%"
"2021-09-09","46,385.6","46,057.6","47,305.7","45,609.0","73.63K","0.70%"
"2021-09-08","46,061.4","46,774.1","47,316.9","44,493.7","100.48K","-1.54%"
"2021-09-07","46,779.6","52,674.2","52,885.3","43,072.4","187.56K","-11.19%"
"2021-09-06","52,672.1","51,769.4","52,726.2","51,002.8","69.46K","1.75%"
"2021-09-05","51,768.6","49,918.7","51,878.2","49,492.4","57.30K","3.71%"
"2021-09-04","49,918.4","49,999.3","50,534.6","49,461.4","48.14K","-0.16%"
"2021-09-03","49,999.0","49,269.5","51,008.8","48,377.3","88.08K","1.47%"
"2021-09-02","49,274.3","48,817.8","50,355.3","48,612.9","80.21K","0.93%"
"2021-09-01","48,819.4","47,129.2","49,121.0","46,533.1","74.38K","3.58%"
"2021-08-31","47,130.4","46,989.1","48,217.0","46,709.3","71.48K","0.29%"
"2021-08-30","46,992.7","48,777.1","48,886.0","46,876.9","61.68K","-3.66%"
"2021-08-29","48,777.4","48,899.7","49,621.7","47,870.1","47.62K","-0.24%"
"2021-08-28","48,897.1","49,062.8","49,289.4","48,428.5","36.73K","-0.34%"
"2021-08-27","49,064.3","46,830.2","49,142.0","46,371.5","62.47K","4.77%"
"2021-08-26","46,831.6","48,994.4","49,347.8","46,360.4","73.79K","-4.41%"
"2021-08-25","48,994.5","47,707.4","49,230.2","47,163.3","63.54K","2.68%"
"2021-08-24","47,714.7","49,532.5","49,847.4","47,623.6","74.26K","-3.68%"
"2021-08-23","49,539.7","49,255.4","50,498.8","49,038.6","75.37K","0.58%"
"2021-08-22","49,254.5","48,870.4","49,480.3","48,151.0","49.32K","0.77%"
"2021-08-21","48,875.8","49,330.0","49,719.1","48,293.5","18.20K","-0.91%"
"2021-08-20","49,324.0","46,756.7","49,343.3","46,646.8","83.19K","5.49%"
"2021-08-19","46,755.9","44,725.9","47,012.3","43,986.7","77.92K","4.54%"
"2021-08-18","44,723.8","44,691.1","46,004.9","44,230.0","22.36K","0.07%"
"2021-08-17","44,691.6","45,907.5","47,140.6","44,441.3","84.14K","-2.84%"
"2021-08-16","45,996.3","46,991.6","48,002.4","45,672.1","2.41K","-2.12%"
"2021-08-15","46,991.3","47,082.6","47,344.1","45,564.1","58.11K","-0.19%"
"2021-08-14","47,081.5","47,809.6","48,090.9","46,117.2","64.29K","-1.52%"
"2021-08-13","47,809.1","44,404.0","47,836.0","44,242.4","75.27K","7.67%"
"2021-08-12","44,403.4","45,562.3","46,213.8","43,814.7","81.07K","-2.55%"
"2021-08-11","45,564.3","45,593.2","46,736.5","45,367.9","75.43K","-0.06%"
"2021-08-10","45,593.8","46,281.8","46,663.4","44,681.2","80.55K","-1.49%"
"2021-08-09","46,284.3","43,794.9","46,460.7","42,824.1","117.08K","5.69%"
"2021-08-08","43,792.8","44,584.9","45,284.1","43,314.4","105.25K","-1.84%"
"2021-08-07","44,614.2","42,784.7","44,697.3","42,611.0","112.84K","4.25%"
"2021-08-06","42,795.4","40,868.4","43,253.4","39,905.4","111.93K","4.72%"
"2021-08-05","40,867.2","39,734.4","41,366.3","37,365.4","130.60K","2.84%"
"2021-08-04","39,736.9","38,188.4","39,956.5","37,556.0","79.22K","4.21%"
"2021-08-03","38,130.3","39,167.4","39,766.6","37,688.2","0.26K","-2.65%"
"2021-08-02","39,168.4","39,869.8","40,449.0","38,692.5","74.81K","-1.78%"
"2021-08-01","39,878.3","41,510.0","42,565.0","39,556.5","80.33K","-4.03%"
"2021-07-31","41,553.7","42,201.4","42,285.3","41,066.4","44.65K","-1.54%"
"2021-07-30","42,203.4","40,001.1","42,264.4","38,358.4","98.45K","5.50%"
"2021-07-29","40,001.4","40,009.0","40,630.7","39,340.8","75.30K","0.00%"
"2021-07-28","40,003.2","39,450.4","40,862.2","38,883.8","148.92K","1.40%"
"2021-07-27","39,452.0","37,294.3","39,455.9","36,427.4","100.24K","5.84%"
"2021-07-26","37,276.6","35,392.3","40,522.9","35,236.7","177.63K","5.33%"
"2021-07-25","35,391.1","34,392.5","35,391.1","33,881.3","65.10K","4.63%"
"2021-07-24","33,824.8","33,600.5","33,955.0","33,412.9","67.14K","0.66%"
"2021-07-23","33,603.3","32,297.9","33,605.6","32,041.1","66.15K","4.04%"
"2021-07-22","32,298.9","32,131.7","32,585.4","31,729.4","64.87K","0.52%"
"2021-07-21","32,131.4","29,794.7","32,794.6","29,519.3","118.34K","7.85%"
"2021-07-20","29,793.8","30,835.4","31,040.8","29,310.2","97.46K","-3.38%"
"2021-07-19","30,837.2","31,782.9","31,887.0","30,478.2","77.48K","-2.98%"
"2021-07-18","31,785.4","31,517.9","32,408.2","31,220.6","57.01K","0.85%"
"2021-07-17","31,518.6","31,384.4","31,914.8","31,207.8","58.06K","0.40%"
"2021-07-16","31,394.0","31,842.3","32,239.8","31,062.2","70.48K","-1.40%"
"2021-07-15","31,840.5","32,820.5","33,157.0","31,175.8","76.95K","-2.99%"
"2021-07-14","32,820.7","32,727.8","33,051.9","31,611.2","69.56K","0.28%"
"2021-07-13","32,728.1","33,106.1","33,307.7","32,259.5","60.04K","-1.16%"
"2021-07-12","33,113.0","34,228.3","34,598.0","32,662.8","63.24K","-3.26%"
"2021-07-11","34,227.7","33,510.8","34,580.6","33,319.8","35.72K","2.14%"
"2021-07-10","33,510.6","33,797.7","34,221.0","33,056.8","50.94K","-0.85%"
"2021-07-09","33,797.4","32,866.3","34,079.2","32,367.0","67.14K","2.83%"
"2021-07-08","32,866.3","33,859.4","33,923.2","32,146.9","108.09K","-2.96%"
"2021-07-07","33,867.8","34,228.7","35,036.6","33,801.3","72.03K","-1.05%"
"2021-07-06","34,225.6","33,688.5","35,062.0","33,581.7","83.63K","1.60%"
"2021-07-05","33,687.8","35,297.0","35,300.5","33,164.1","88.36K","-4.56%"
"2021-07-04","35,298.2","34,742.8","35,957.6","34,740.1","56.13K","1.60%"
"2021-07-03","34,742.8","33,814.2","34,909.8","33,363.3","55.69K","2.75%"
"2021-07-02","33,813.4","33,542.2","33,925.9","32,734.6","78.93K","0.80%"
"2021-07-01","33,543.6","35,030.7","35,032.7","32,839.2","27.41K","-4.23%"
"2021-06-30","35,026.9","35,832.6","36,089.5","34,126.6","107.07K","-2.25%"
"2021-06-29","35,834.7","34,477.3","36,590.3","34,247.6","97.27K","3.94%"
"2021-06-28","34,475.9","34,682.2","35,231.2","33,944.9","112.00K","-0.58%"
"2021-06-27","34,678.5","32,247.1","34,685.5","32,041.7","148.80K","7.55%"
"2021-06-26","32,243.4","31,592.1","32,643.0","30,206.9","156.67K","2.06%"
"2021-06-25","31,594.0","34,660.5","35,490.9","31,337.9","193.43K","-8.86%"
"2021-06-24","34,665.8","33,678.1","35,249.9","32,356.7","119.25K","2.94%"
"2021-06-23","33,674.3","32,498.3","34,784.3","31,736.5","173.34K","3.62%"
"2021-06-22","32,496.4","31,682.7","33,272.5","28,901.8","309.65K","2.54%"
"2021-06-21","31,692.0","35,597.9","35,708.4","31,284.1","256.87K","-10.97%"
"2021-06-20","35,595.8","35,510.9","36,097.9","33,378.0","137.48K","0.23%"
"2021-06-19","35,513.4","35,770.0","36,357.3","34,845.5","105.46K","-0.66%"
"2021-06-18","35,749.4","38,045.5","38,166.0","35,198.5","102.84K","-6.05%"
"2021-06-17","38,052.0","38,337.8","39,529.9","37,425.3","109.58K","-0.74%"
"2021-06-16","38,336.0","40,148.1","40,494.4","38,156.4","123.52K","-4.53%"
"2021-06-15","40,156.1","40,522.5","41,318.0","39,589.9","117.55K","-0.92%"
"2021-06-14","40,529.4","39,024.1","40,970.4","38,769.9","157.35K","3.86%"
"2021-06-13","39,022.9","35,467.5","39,321.6","34,827.0","123.32K","10.02%"
"2021-06-12","35,467.5","37,334.4","37,437.3","34,703.3","87.73K","-4.95%"
"2021-06-11","37,314.6","36,654.3","37,641.1","36,003.3","109.15K","1.81%"
"2021-06-10","36,649.4","37,375.2","38,340.8","35,824.0","154.32K","-1.83%"
"2021-06-09","37,332.2","33,385.5","37,517.6","32,428.6","209.82K","11.83%"
"2021-06-08","33,382.9","33,574.6","34,047.8","31,158.1","193.54K","-0.58%"
"2021-06-07","33,578.0","35,815.4","36,754.6","33,410.1","119.50K","-6.25%"
"2021-06-06","35,815.4","35,518.7","36,434.0","35,265.3","62.20K","0.83%"
"2021-06-05","35,520.0","36,841.2","37,887.6","34,832.0","101.48K","-3.61%"
"2021-06-04","36,851.3","39,191.4","39,255.4","35,659.9","127.71K","-5.96%"
"2021-06-03","39,187.3","37,555.7","39,462.3","37,193.6","106.44K","4.34%"
"2021-06-02","37,555.8","36,687.7","38,199.9","35,981.1","96.89K","2.37%"
"2021-06-01","36,687.6","37,294.3","37,850.3","35,742.7","113.48K","-1.64%"
"2021-05-31","37,298.6","35,644.0","37,480.7","34,213.2","131.70K","4.62%"
"2021-05-30","35,652.8","34,589.3","36,388.6","33,441.0","104.18K","3.09%"
"2021-05-29","34,584.6","35,664.5","37,227.1","33,664.2","160.43K","-3.02%"
"2021-05-28","35,662.5","38,543.2","38,844.1","34,772.4","199.58K","-7.17%"
"2021-05-27","38,417.3","39,249.0","40,322.2","37,190.8","122.93K","-2.12%"
"2021-05-26","39,249.2","38,375.7","40,750.0","37,847.0","153.80K","2.27%"
"2021-05-25","38,378.3","38,753.6","39,740.8","36,540.7","163.01K","-0.96%"
"2021-05-24","38,750.6","34,720.3","39,851.7","34,474.6","244.88K","11.74%"
"2021-05-23","34,679.7","37,446.8","38,248.7","31,192.4","325.73K","-7.39%"
"2021-05-22","37,448.3","37,291.0","38,776.0","35,314.9","185.83K","0.40%"
"2021-05-21","37,297.4","40,611.2","42,108.3","33,592.3","315.50K","-8.40%"
"2021-05-20","40,717.2","36,706.8","42,425.9","35,010.4","269.75K","10.88%"
"2021-05-19","36,720.5","42,898.3","43,516.6","30,261.7","607.10K","-14.40%"
"2021-05-18","42,897.3","43,538.5","45,770.9","42,293.9","154.96K","-1.48%"
"2021-05-17","43,541.3","46,424.2","46,545.4","42,201.5","274.76K","-6.21%"
"2021-05-16","46,426.4","46,729.3","49,764.3","43,920.8","180.07K","-0.60%"
"2021-05-15","46,708.8","49,839.1","50,640.9","46,650.2","131.91K","-6.28%"
"2021-05-14","49,839.8","49,704.9","51,459.2","48,874.0","118.84K","0.27%"
"2021-05-13","49,704.6","49,398.2","51,337.3","46,331.1","236.71K","0.65%"
"2021-05-12","49,384.2","56,694.5","57,938.5","49,187.0","160.74K","-12.90%"
"2021-05-11","56,695.7","55,846.1","56,871.1","54,550.4","96.47K","1.52%"
"2021-05-10","55,848.9","58,251.2","59,523.9","53,678.3","142.61K","-4.10%"
"2021-05-09","58,238.3","58,840.6","59,227.0","56,414.4","103.59K","-1.02%"
"2021-05-08","58,840.1","57,330.3","59,471.1","56,972.2","101.27K","2.62%"
"2021-05-07","57,337.2","56,411.4","58,639.3","55,300.1","110.01K","1.65%"
"2021-05-06","56,405.4","57,441.0","58,364.9","55,294.5","109.02K","-1.80%"
"2021-05-05","57,441.3","53,872.5","57,936.4","53,872.5","119.82K","6.88%"
"2021-05-04","53,741.5","57,170.6","57,201.3","53,741.5","132.33K","-6.00%"
"2021-05-03","57,169.8","56,605.8","58,925.1","56,562.4","89.24K","1.00%"
"2021-05-02","56,603.8","57,807.2","57,868.4","56,110.5","53.61K","-2.08%"
"2021-05-01","57,807.1","57,719.1","58,449.4","57,029.5","63.41K","0.15%"
"2021-04-30","57,720.3","53,562.3","57,925.6","53,088.7","103.74K","7.77%"
"2021-04-29","53,560.8","54,838.6","55,173.7","52,400.0","83.90K","-2.34%"
"2021-04-28","54,841.4","55,036.0","56,419.9","53,876.4","86.96K","-0.35%"
"2021-04-27","55,036.5","54,011.1","55,427.8","53,345.0","84.08K","1.88%"
"2021-04-26","54,020.5","48,963.5","54,320.9","48,815.9","129.76K","10.33%"
"2021-04-25","48,963.6","50,088.2","50,532.4","47,098.5","59.20K","-2.25%"
"2021-04-24","50,088.9","51,140.8","51,183.0","48,775.2","82.25K","-2.06%"
"2021-04-23","51,143.6","51,707.1","52,099.9","47,659.4","214.46K","-1.13%"
"2021-04-22","51,729.5","53,821.3","55,408.4","50,590.9","168.13K","-3.88%"
"2021-04-21","53,820.2","56,479.5","56,764.4","53,657.6","100.26K","-4.71%"
"2021-04-20","56,483.2","55,645.1","57,054.9","53,422.5","115.49K","1.50%"
"2021-04-19","55,646.1","56,208.1","57,517.0","54,272.3","117.51K","-1.00%"
"2021-04-18","56,207.1","60,043.2","60,362.1","51,817.6","216.81K","-6.39%"
"2021-04-17","60,041.9","61,358.3","62,509.1","59,672.1","84.08K","-2.18%"
"2021-04-16","61,379.7","63,211.6","63,518.5","60,027.3","136.85K","-2.90%"
"2021-04-15","63,216.0","62,978.6","63,729.1","62,067.5","76.97K","0.37%"
"2021-04-14","62,980.4","63,544.2","64,778.0","61,366.3","130.43K","-0.88%"
"2021-04-13","63,540.9","59,863.6","63,659.0","59,839.4","126.56K","6.14%"
"2021-04-12","59,863.8","59,982.1","61,259.9","59,569.2","81.88K","-0.19%"
"2021-04-11","59,978.7","59,772.4","60,667.1","59,250.3","58.20K","0.39%"
"2021-04-10","59,748.4","58,127.4","61,229.0","57,900.0","103.72K","2.80%"
"2021-04-09","58,118.7","58,076.8","58,890.9","57,686.0","59.22K","0.07%"
"2021-04-08","58,077.4","55,948.0","58,136.7","55,721.6","64.78K","3.80%"
"2021-04-07","55,948.7","57,996.3","58,627.7","55,489.3","110.69K","-3.53%"
"2021-04-06","57,996.3","59,169.0","59,487.0","57,403.3","77.15K","-1.69%"
"2021-04-05","58,993.4","58,202.3","59,205.1","56,842.7","54.13K","1.36%"
"2021-04-04","58,199.9","57,059.7","58,464.8","56,470.6","57.21K","2.00%"
"2021-04-03","57,059.9","58,976.8","59,770.5","56,906.7","68.74K","-3.25%"
"2021-04-02","58,977.3","58,718.2","60,134.9","58,466.5","72.37K","0.44%"
"2021-04-01","58,718.3","58,763.2","59,406.5","58,040.7","69.04K","-0.08%"
"2021-03-31","58,763.7","58,771.4","59,795.6","56,991.6","98.06K","-0.01%"
"2021-03-30","58,771.3","57,614.6","59,366.9","57,077.1","86.21K","2.00%"
"2021-03-29","57,616.2","55,764.7","58,392.6","54,951.1","107.91K","3.32%"
"2021-03-28","55,765.2","55,856.9","56,504.2","54,711.3","58.71K","-0.17%"
"2021-03-27","55,862.9","55,033.8","56,531.1","54,010.2","73.87K","1.50%"
"2021-03-26","55,036.1","51,317.4","55,074.1","51,302.0","100.30K","7.24%"
"2021-03-25","51,322.3","52,330.0","53,175.4","50,441.3","143.35K","-1.92%"
"2021-03-24","52,325.4","54,309.1","57,169.4","51,725.4","137.91K","-3.91%"
"2021-03-23","54,452.5","54,117.5","55,813.8","52,992.3","84.84K","0.54%"
"2021-03-22","54,158.3","57,379.3","58,379.9","53,784.2","95.53K","-5.62%"
"2021-03-21","57,383.8","58,097.4","58,583.8","55,583.3","77.47K","-1.22%"
"2021-03-20","58,093.4","58,084.1","59,882.1","57,863.0","67.83K","0.01%"
"2021-03-19","58,088.0","57,645.0","59,448.3","56,305.1","83.98K","0.75%"
"2021-03-18","57,656.0","58,911.8","60,088.0","57,099.6","102.62K","-2.13%"
"2021-03-17","58,913.5","56,892.9","58,933.2","54,253.2","118.26K","3.56%"
"2021-03-16","56,889.7","55,619.5","56,889.7","53,342.6","128.51K","1.97%"
"2021-03-15","55,791.3","59,117.4","60,565.9","55,088.8","117.71K","-5.62%"
"2021-03-14","59,113.7","61,192.7","61,673.7","59,113.7","80.29K","-3.40%"
"2021-03-13","61,195.3","57,267.4","61,795.8","56,118.8","134.64K","6.86%"
"2021-03-12","57,265.1","57,806.2","58,052.3","55,134.5","116.96K","-0.92%"
"2021-03-11","57,799.5","55,851.2","58,135.0","54,351.8","129.63K","3.49%"
"2021-03-10","55,851.9","54,882.7","57,328.7","53,073.6","140.96K","1.77%"
"2021-03-09","54,879.0","52,352.4","54,880.6","51,941.3","114.06K","4.91%"
"2021-03-08","52,311.0","50,988.9","52,384.9","49,338.1","68.14K","2.61%"
"2021-03-07","50,982.3","48,899.0","51,434.1","48,890.6","82.91K","4.35%"
"2021-03-06","48,855.6","48,798.7","49,191.8","47,132.8","66.66K","0.13%"
"2021-03-05","48,792.5","48,363.6","49,429.4","46,370.1","113.64K","0.75%"
"2021-03-04","48,428.0","50,388.0","51,757.7","47,521.8","9.56K","-3.90%"
"2021-03-03","50,395.1","48,422.2","52,567.9","48,159.2","44.93K","4.07%"
"2021-03-02","48,424.2","49,595.6","50,191.9","47,100.6","102.10K","-2.36%"
"2021-03-01","49,595.5","45,160.5","49,774.0","45,008.8","137.52K","9.81%"
"2021-02-28","45,164.0","46,136.0","46,582.0","43,100.6","135.08K","-2.11%"
"2021-02-27","46,136.7","46,333.1","48,335.1","45,059.4","98.75K","-0.45%"
"2021-02-26","46,345.6","46,928.5","48,413.9","44,248.2","189.41K","-1.24%"
"2021-02-25","46,928.5","49,695.9","52,013.8","46,773.7","83.22K","-5.57%"
"2021-02-24","49,697.5","48,911.1","51,311.8","47,031.7","153.75K","1.61%"
"2021-02-23","48,911.2","54,114.1","54,115.0","45,093.8","315.07K","-9.61%"
"2021-02-22","54,111.8","57,437.6","57,480.8","48,353.8","244.95K","-5.78%"
"2021-02-21","57,433.8","55,907.6","58,335.1","55,502.7","87.26K","2.70%"
"2021-02-20","55,923.7","55,922.0","57,523.8","54,124.1","127.85K","0.03%"
"2021-02-19","55,906.6","51,590.1","56,238.5","50,816.8","139.43K","8.38%"
"2021-02-18","51,582.2","52,094.5","52,524.0","50,941.6","94.35K","-0.95%"
"2021-02-17","52,079.2","49,161.3","52,577.7","49,018.1","140.03K","5.92%"
"2021-02-16","49,169.7","47,934.2","50,515.8","47,044.4","141.37K","2.57%"
"2021-02-15","47,936.3","48,611.1","48,936.5","45,786.1","123.18K","-1.45%"
"2021-02-14","48,643.4","47,172.1","49,695.1","47,051.9","106.50K","3.13%"
"2021-02-13","47,168.7","47,373.1","48,097.3","46,270.5","89.42K","-0.43%"
"2021-02-12","47,371.7","47,995.0","48,927.4","46,218.6","133.73K","-1.29%"
"2021-02-11","47,990.7","44,834.8","48,622.1","44,041.1","145.77K","7.04%"
"2021-02-10","44,836.0","46,507.8","47,295.3","43,800.5","151.83K","-3.60%"
"2021-02-09","46,508.6","46,396.4","48,143.5","45,104.7","193.87K","0.24%"
"2021-02-08","46,395.7","38,853.6","46,596.4","38,057.0","248.47K","19.41%"
"2021-02-07","38,852.9","39,228.9","39,691.7","37,381.6","125.37K","-1.03%"
"2021-02-06","39,256.6","38,300.6","40,939.7","38,275.3","156.02K","2.50%"
"2021-02-05","38,297.6","36,976.4","38,303.6","36,640.0","100.60K","3.56%"
"2021-02-04","36,982.1","37,648.9","38,707.9","36,380.8","151.44K","-1.77%"
"2021-02-03","37,646.8","35,486.9","37,646.8","35,401.5","131.03K","6.09%"
"2021-02-02","35,485.2","33,514.0","35,976.1","33,462.4","120.85K","5.88%"
"2021-02-01","33,515.7","33,106.8","34,685.6","32,324.9","126.32K","1.23%"
"2021-01-31","33,108.1","34,281.6","34,348.3","32,189.9","101.92K","-3.43%"
"2021-01-30","34,283.1","34,300.0","34,920.9","32,908.5","128.57K","-0.05%"
"2021-01-29","34,301.8","33,381.7","38,546.0","31,953.3","297.73K","2.78%"
"2021-01-28","33,374.8","30,408.9","33,790.8","29,911.9","167.39K","9.77%"
"2021-01-27","30,404.0","32,499.6","32,545.4","29,290.4","194.35K","-6.46%"
"2021-01-26","32,502.1","32,244.1","32,917.7","30,850.0","139.84K","0.77%"
"2021-01-25","32,252.3","32,244.3","34,854.3","31,967.4","142.43K","0.03%"
"2021-01-24","32,241.3","32,088.5","33,034.8","30,982.9","88.21K","0.47%"
"2021-01-23","32,088.9","32,994.1","33,441.4","31,418.2","100.70K","-2.76%"
"2021-01-22","33,000.5","30,838.7","33,821.2","28,871.2","243.09K","7.00%"
"2021-01-21","30,842.1","35,472.3","35,591.1","30,101.8","253.27K","-13.06%"
"2021-01-20","35,476.3","35,862.1","36,384.4","33,444.5","153.61K","-1.46%"
"2021-01-19","36,002.9","36,630.6","37,821.0","36,001.4","79.11K","-1.67%"
"2021-01-18","36,613.2","35,838.2","37,436.8","34,801.0","111.52K","2.16%"
"2021-01-17","35,839.6","36,020.1","36,801.3","33,883.5","126.82K","-0.50%"
"2021-01-16","36,019.5","36,751.8","37,931.7","35,408.4","137.02K","-2.24%"
"2021-01-15","36,845.8","39,175.7","39,715.0","34,488.7","118.42K","-5.95%"
"2021-01-14","39,175.7","37,383.4","40,054.3","36,772.1","172.40K","4.80%"
"2021-01-13","37,382.2","34,061.2","37,764.6","32,451.9","209.93K","9.70%"
"2021-01-12","34,076.1","35,426.0","36,598.7","32,572.7","241.93K","-4.13%"
"2021-01-11","35,544.3","38,195.3","38,217.2","30,411.6","251.04K","-6.93%"
"2021-01-10","38,192.2","40,149.7","41,362.4","35,141.6","215.78K","-4.88%"
"2021-01-09","40,151.9","40,607.2","41,363.5","38,775.1","128.42K","-1.10%"
"2021-01-08","40,599.3","39,466.4","41,921.7","36,613.4","251.29K","2.89%"
"2021-01-07","39,460.2","36,798.5","40,340.9","36,361.2","249.60K","7.25%"
"2021-01-06","36,793.2","33,999.3","36,934.8","33,408.3","227.56K","8.24%"
"2021-01-05","33,991.5","32,015.4","34,414.7","30,010.5","202.13K","6.15%"
"2021-01-04","32,022.6","33,016.6","33,587.5","28,204.5","255.27K","-2.84%"
"2021-01-03","32,958.9","32,192.9","34,755.9","32,029.6","155.21K","2.38%"
"2021-01-02","32,193.3","29,359.7","33,233.5","29,008.0","240.87K","9.65%"
"2021-01-01","29,359.9","28,951.7","29,627.1","28,712.4","100.90K","1.42%"