"Date","Price","Open","High","Low","Vol.","Change %"
"2025-12-01","2,800.86","2,993.69","2,996.25","2,719.79","912.61K","-6.38%"
"2025-11-30","2,991.73","2,990.70","3,051.75","2,976.76","200.64K","0.09%"
"2025-11-29","2,989.11","3,031.23","3,051.25","2,964.58","248.70K","-1.39%"
"2025-11-28","3,031.22","3,015.23","3,094.14","2,994.85","399.06K","0.51%"
"2025-11-27","3,015.69","3,026.61","3,070.85","2,986.94","307.23K","-0.37%"
"2025-11-26","3,026.95","2,959.41","3,043.76","2,889.86","410.18K","2.26%"
"2025-11-25","2,960.07","2,953.45","2,979.00","2,857.40","476.22K","0.22%"
"2025-11-24","2,953.44","2,802.16","2,983.96","2,764.06","777.93K","5.40%"
"2025-11-23","2,801.99","2,770.16","2,858.10","2,768.39","434.90K","1.14%"
"2025-11-22","2,770.41","2,765.94","2,798.91","2,705.74","285.19K","0.13%"
"2025-11-21","2,766.76","2,834.24","2,885.37","2,630.67","1.27M","-2.34%"
"2025-11-20","2,832.98","3,025.56","3,062.03","2,792.49","979.39K","-6.37%"
"2025-11-19","3,025.72","3,123.73","3,125.00","2,874.32","797.61K","-3.14%"
"2025-11-18","3,123.73","3,031.43","3,169.72","2,953.39","815.01K","3.09%"
"2025-11-17","3,030.18","3,095.98","3,220.71","2,959.66","814.35K","-2.13%"
"2025-11-16","3,096.03","3,167.91","3,248.22","3,018.88","606.01K","-2.27%"
"2025-11-15","3,168.01","3,112.49","3,230.03","3,112.49","358.82K","1.77%"
"2025-11-14","3,113.03","3,231.63","3,255.85","3,070.23","953.75K","-3.71%"
"2025-11-13","3,232.94","3,414.84","3,565.07","3,156.07","1.01M","-5.29%"
"2025-11-12","3,413.60","3,417.80","3,587.25","3,372.67","579.39K","-0.12%"
"2025-11-11","3,417.56","3,565.38","3,645.25","3,406.06","707.00K","-4.21%"
"2025-11-10","3,567.87","3,583.52","3,657.37","3,507.74","652.63K","-0.45%"
"2025-11-09","3,584.18","3,401.71","3,616.74","3,359.62","499.75K","5.37%"
"2025-11-08","3,401.53","3,435.93","3,477.92","3,357.06","318.89K","-1.00%"
"2025-11-07","3,435.78","3,317.07","3,472.38","3,197.44","736.25K","3.66%"
"2025-11-06","3,314.43","3,418.83","3,454.88","3,247.46","600.51K","-3.22%"
"2025-11-05","3,424.74","3,287.27","3,479.37","3,168.99","884.88K","4.12%"
"2025-11-04","3,289.11","3,603.94","3,653.53","3,060.02","1.68M","-8.73%"
"2025-11-03","3,603.63","3,906.73","3,913.85","3,561.69","960.18K","-7.80%"
"2025-11-02","3,908.28","3,874.80","3,916.08","3,841.28","237.53K","0.86%"
"2025-11-01","3,874.80","3,848.00","3,903.85","3,833.34","167.08K","0.70%"
"2025-10-31","3,848.00","3,804.94","3,900.77","3,796.50","516.06K","1.18%"
"2025-10-30","3,803.00","3,904.12","3,948.72","3,680.87","591.22K","-2.55%"
"2025-10-29","3,902.70","3,979.29","4,035.95","3,846.63","525.97K","-1.93%"
"2025-10-28","3,979.45","4,117.85","4,175.19","3,944.14","501.48K","-3.43%"
"2025-10-27","4,120.90","4,158.39","4,251.51","4,098.50","524.27K","-0.90%"
"2025-10-26","4,158.33","3,953.68","4,177.48","3,922.17","367.17K","5.17%"
"2025-10-25","3,953.92","3,934.85","3,968.59","3,914.24","156.18K","0.49%"
"2025-10-24","3,934.75","3,856.73","4,012.48","3,847.03","470.68K","2.02%"
"2025-10-23","3,856.73","3,805.95","3,928.95","3,797.83","518.15K","1.36%"
"2025-10-22","3,805.16","3,873.13","3,888.51","3,716.93","633.26K","-1.78%"
"2025-10-21","3,874.27","3,977.70","4,109.46","3,842.69","640.00K","-2.64%"
"2025-10-20","3,979.43","3,982.68","4,083.67","3,909.40","549.92K","-0.08%"
"2025-10-19","3,982.53","3,889.19","4,028.09","3,844.52","463.11K","2.41%"
"2025-10-18","3,888.87","3,835.39","3,927.37","3,821.16","271.11K","1.49%"
"2025-10-17","3,831.60","3,894.48","3,950.32","3,679.90","880.38K","-1.61%"
"2025-10-16","3,894.48","3,985.52","4,082.07","3,826.32","685.68K","-2.28%"
"2025-10-15","3,985.52","4,122.53","4,209.66","3,934.26","668.99K","-3.32%"
"2025-10-14","4,122.38","4,240.91","4,259.70","3,892.78","1.03M","-2.79%"
"2025-10-13","4,240.91","4,151.91","4,286.97","4,049.46","671.55K","2.10%"
"2025-10-12","4,153.64","3,747.58","4,189.59","3,695.86","867.81K","10.89%"
"2025-10-11","3,745.85","3,828.84","3,876.45","3,649.78","851.73K","-2.19%"
"2025-10-10","3,829.58","4,367.53","4,393.54","3,468.02","1.60M","-12.33%"
"2025-10-09","4,367.94","4,525.24","4,531.11","4,272.72","566.70K","-3.49%"
"2025-10-08","4,525.69","4,447.77","4,556.93","4,413.62","448.53K","1.75%"
"2025-10-07","4,447.77","4,684.04","4,752.44","4,434.04","693.74K","-5.09%"
"2025-10-06","4,686.20","4,512.54","4,733.72","4,489.90","515.68K","3.81%"
"2025-10-05","4,514.27","4,487.10","4,615.62","4,470.43","546.84K","0.60%"
"2025-10-04","4,487.37","4,512.45","4,517.14","4,441.51","225.29K","-0.53%"
"2025-10-03","4,511.06","4,484.32","4,588.61","4,428.18","576.94K","0.60%"
"2025-10-02","4,484.19","4,352.41","4,516.02","4,332.89","563.15K","3.23%"
"2025-10-01","4,343.80","4,145.18","4,350.66","4,123.48","548.55K","4.81%"
"2025-09-30","4,144.60","4,215.09","4,234.27","4,093.38","425.74K","-1.68%"
"2025-09-29","4,215.36","4,142.25","4,235.71","4,085.93","410.79K","1.73%"
"2025-09-28","4,143.72","4,018.54","4,143.74","3,967.03","259.40K","3.13%"
"2025-09-27","4,017.89","4,032.25","4,037.23","3,973.63","192.82K","-0.36%"
"2025-09-26","4,032.30","3,874.18","4,066.01","3,869.64","624.40K","4.13%"
"2025-09-25","3,872.53","4,152.87","4,161.01","3,825.38","1.05M","-6.76%"
"2025-09-24","4,153.21","4,164.35","4,206.02","4,081.77","388.34K","-0.27%"
"2025-09-23","4,164.63","4,200.63","4,226.90","4,120.28","358.41K","-0.82%"
"2025-09-22","4,199.05","4,443.73","4,455.07","4,085.84","791.99K","-5.52%"
"2025-09-21","4,444.51","4,480.39","4,496.92","4,443.96","162.63K","-0.80%"
"2025-09-20","4,480.38","4,468.66","4,508.18","4,454.92","143.44K","0.26%"
"2025-09-19","4,468.66","4,593.28","4,620.57","4,440.89","365.21K","-2.59%"
"2025-09-18","4,587.65","4,590.56","4,643.15","4,554.31","321.00K","-0.06%"
"2025-09-17","4,590.56","4,501.21","4,616.50","4,432.79","517.00K","1.99%"
"2025-09-16","4,501.21","4,523.56","4,536.75","4,425.72","324.49K","-0.49%"
"2025-09-15","4,523.56","4,604.95","4,669.80","4,467.56","442.38K","-1.77%"
"2025-09-14","4,604.95","4,667.07","4,691.03","4,579.29","296.82K","-1.33%"
"2025-09-13","4,667.07","4,711.99","4,764.88","4,606.47","429.56K","-0.95%"
"2025-09-12","4,711.99","4,458.79","4,727.55","4,451.40","557.87K","5.68%"
"2025-09-11","4,458.79","4,348.71","4,468.79","4,338.89","484.91K","2.53%"
"2025-09-10","4,348.70","4,309.63","4,450.30","4,285.25","555.58K","0.91%"
"2025-09-09","4,309.63","4,308.52","4,381.56","4,277.48","448.23K","0.07%"
"2025-09-08","4,306.59","4,306.47","4,382.41","4,279.38","429.46K","0.01%"
"2025-09-07","4,306.25","4,275.92","4,334.56","4,271.62","190.89K","0.78%"
"2025-09-06","4,272.82","4,306.96","4,327.84","4,244.15","223.04K","-0.79%"
"2025-09-05","4,306.96","4,304.72","4,487.19","4,259.12","687.12K","0.22%"
"2025-09-04","4,297.66","4,451.42","4,481.61","4,265.81","517.43K","-3.44%"
"2025-09-03","4,450.68","4,323.76","4,489.97","4,283.52","525.21K","2.90%"
"2025-09-02","4,325.19","4,314.51","4,415.78","4,258.89","571.36K","0.25%"
"2025-09-01","4,314.22","4,392.75","4,491.06","4,233.39","557.96K","-1.75%"
"2025-08-31","4,391.11","4,373.73","4,497.74","4,373.73","380.84K","0.40%"
"2025-08-30","4,373.64","4,360.12","4,413.29","4,260.87","364.72K","0.33%"
"2025-08-29","4,359.20","4,511.55","4,513.67","4,268.98","750.83K","-3.42%"
"2025-08-28","4,513.55","4,505.94","4,632.15","4,438.68","529.90K","0.17%"
"2025-08-27","4,506.05","4,596.53","4,662.09","4,488.02","660.38K","-2.06%"
"2025-08-26","4,600.77","4,376.34","4,631.31","4,320.12","899.03K","5.17%"
"2025-08-25","4,374.73","4,780.14","4,796.61","4,337.83","1.12M","-8.48%"
"2025-08-24","4,779.86","4,778.43","4,955.90","4,717.60","845.37K","0.03%"
"2025-08-23","4,778.43","4,831.22","4,831.22","4,663.42","549.58K","-1.09%"
"2025-08-22","4,831.21","4,225.28","4,886.62","4,209.40","1.38M","14.36%"
"2025-08-21","4,224.52","4,336.16","4,339.33","4,205.98","481.10K","-2.56%"
"2025-08-20","4,335.37","4,075.81","4,375.03","4,069.39","775.52K","6.37%"
"2025-08-19","4,075.57","4,313.46","4,353.58","4,067.90","886.22K","-5.47%"
"2025-08-18","4,311.42","4,472.43","4,480.05","4,227.41","886.81K","-3.60%"
"2025-08-17","4,472.21","4,421.48","4,574.39","4,395.64","471.90K","1.12%"
"2025-08-16","4,422.56","4,439.55","4,489.73","4,375.78","382.87K","-0.39%"
"2025-08-15","4,440.05","4,548.30","4,665.69","4,374.40","940.29K","-2.36%"
"2025-08-14","4,547.35","4,748.71","4,787.25","4,457.23","1.37M","-4.22%"
"2025-08-13","4,747.87","4,585.82","4,782.21","4,566.19","1.01M","3.42%"
"2025-08-12","4,590.71","4,223.41","4,633.48","4,223.41","972.25K","8.70%"
"2025-08-11","4,223.42","4,250.51","4,361.60","4,168.10","791.47K","-0.63%"
"2025-08-10","4,250.18","4,260.74","4,330.30","4,163.41","534.67K","-0.25%"
"2025-08-09","4,260.74","4,010.46","4,323.72","4,007.19","759.17K","6.28%"
"2025-08-08","4,008.96","3,900.74","4,062.74","3,880.25","809.06K","2.53%"
"2025-08-07","3,909.96","3,681.64","3,925.12","3,649.75","688.92K","6.15%"
"2025-08-06","3,683.36","3,609.32","3,697.70","3,565.08","401.22K","1.98%"
"2025-08-05","3,611.69","3,718.66","3,719.30","3,548.52","528.41K","-2.93%"
"2025-08-04","3,720.89","3,499.23","3,734.29","3,491.16","514.08K","6.42%"
"2025-08-03","3,496.26","3,403.62","3,521.19","3,358.01","326.76K","3.02%"
"2025-08-02","3,393.92","3,495.06","3,537.10","3,374.76","546.44K","-2.71%"
"2025-08-01","3,488.36","3,695.36","3,724.02","3,433.97","871.70K","-5.68%"
"2025-07-31","3,698.46","3,807.11","3,877.70","3,685.32","576.38K","-2.90%"
"2025-07-30","3,808.91","3,791.80","3,833.91","3,682.25","586.47K","0.39%"
"2025-07-29","3,793.94","3,793.22","3,884.94","3,717.75","648.34K","-0.08%"
"2025-07-28","3,796.91","3,866.14","3,940.69","3,755.56","684.41K","-1.93%"
"2025-07-27","3,871.74","3,740.60","3,878.07","3,732.33","501.29K","3.50%"
"2025-07-26","3,740.86","3,722.46","3,791.74","3,701.40","442.97K","0.43%"
"2025-07-25","3,725.01","3,704.65","3,744.99","3,577.93","833.98K","0.56%"
"2025-07-24","3,704.21","3,625.33","3,770.91","3,509.40","832.35K","2.13%"
"2025-07-23","3,626.81","3,745.74","3,763.49","3,529.45","870.81K","-3.18%"
"2025-07-22","3,745.84","3,761.58","3,798.65","3,620.83","945.19K","-0.41%"
"2025-07-21","3,761.37","3,756.65","3,855.65","3,702.27","893.14K","0.11%"
"2025-07-20","3,757.32","3,590.40","3,818.91","3,579.26","957.57K","4.60%"
"2025-07-19","3,591.98","3,544.29","3,607.53","3,509.90","455.77K","1.31%"
"2025-07-18","3,545.58","3,473.00","3,672.61","3,462.09","1.30M","2.09%"
"2025-07-17","3,472.90","3,372.74","3,519.86","3,314.38","1.13M","2.94%"
"2025-07-16","3,373.85","3,137.94","3,423.83","3,101.21","1.32M","7.49%"
"2025-07-15","3,138.89","3,010.34","3,141.56","2,935.11","960.31K","4.16%"
"2025-07-14","3,013.63","2,972.35","3,080.84","2,963.41","974.19K","1.41%"
"2025-07-13","2,971.67","2,940.26","3,018.80","2,937.62","447.36K","1.00%"
"2025-07-12","2,942.36","2,958.00","2,979.23","2,904.98","414.19K","-0.52%"
"2025-07-11","2,957.71","2,949.48","3,038.28","2,916.36","1.10M","0.22%"
"2025-07-10","2,951.20","2,768.62","2,998.39","2,755.98","1.09M","6.61%"
"2025-07-09","2,768.27","2,614.22","2,792.73","2,590.33","802.25K","5.89%"
"2025-07-08","2,614.41","2,542.35","2,626.96","2,524.00","443.16K","2.83%"
"2025-07-07","2,542.35","2,570.48","2,589.45","2,517.89","370.52K","-1.10%"
"2025-07-06","2,570.57","2,516.61","2,600.59","2,503.63","338.45K","2.16%"
"2025-07-05","2,516.30","2,508.02","2,529.70","2,487.93","192.73K","0.33%"
"2025-07-04","2,508.02","2,591.20","2,601.01","2,474.68","516.84K","-3.20%"
"2025-07-03","2,590.98","2,570.23","2,633.54","2,557.15","577.47K","0.81%"
"2025-07-02","2,570.23","2,405.07","2,617.88","2,381.67","723.08K","6.86%"
"2025-07-01","2,405.26","2,485.48","2,499.93","2,389.74","405.62K","-3.27%"
"2025-06-30","2,486.52","2,500.27","2,521.92","2,435.73","503.14K","-0.56%"
"2025-06-29","2,500.42","2,436.48","2,522.64","2,414.78","330.66K","2.66%"
"2025-06-28","2,435.58","2,423.13","2,447.58","2,406.29","187.18K","0.53%"
"2025-06-27","2,422.65","2,415.58","2,462.73","2,389.02","443.77K","0.29%"
"2025-06-26","2,415.71","2,418.51","2,519.90","2,394.99","547.43K","-0.11%"
"2025-06-25","2,418.43","2,448.42","2,467.23","2,393.47","497.52K","-1.23%"
"2025-06-24","2,448.66","2,410.64","2,478.98","2,377.26","605.39K","1.58%"
"2025-06-23","2,410.48","2,227.73","2,431.24","2,189.79","847.43K","8.18%"
"2025-06-22","2,228.13","2,295.96","2,313.00","2,115.66","948.76K","-2.92%"
"2025-06-21","2,295.26","2,406.48","2,448.11","2,220.62","559.63K","-4.62%"
"2025-06-20","2,406.51","2,520.66","2,568.58","2,377.42","714.24K","-4.55%"
"2025-06-19","2,521.11","2,525.35","2,546.31","2,485.11","289.13K","-0.17%"
"2025-06-18","2,525.35","2,509.61","2,545.80","2,468.33","564.96K","0.63%"
"2025-06-17","2,509.59","2,530.61","2,616.83","2,455.95","788.11K","-1.16%"
"2025-06-16","2,538.95","2,547.58","2,678.91","2,517.01","743.68K","-0.34%"
"2025-06-15","2,547.58","2,532.33","2,557.76","2,493.21","336.18K","0.64%"
"2025-06-14","2,531.39","2,573.16","2,574.13","2,491.10","367.98K","-1.84%"
"2025-06-13","2,578.83","2,639.50","2,639.50","2,447.78","1.31M","-2.45%"
"2025-06-12","2,643.70","2,771.72","2,784.39","2,621.67","776.74K","-4.63%"
"2025-06-11","2,772.11","2,813.27","2,877.92","2,745.91","932.96K","-1.55%"
"2025-06-10","2,815.73","2,680.07","2,825.63","2,657.28","1.25M","5.06%"
"2025-06-09","2,680.07","2,509.84","2,693.39","2,477.91","617.77K","6.78%"
"2025-06-08","2,509.84","2,524.66","2,545.64","2,492.16","290.34K","-0.59%"
"2025-06-07","2,524.66","2,476.45","2,541.91","2,457.03","286.60K","1.99%"
"2025-06-06","2,475.34","2,414.29","2,528.84","2,385.68","625.00K","2.53%"
"2025-06-05","2,414.36","2,607.10","2,640.14","2,394.08","900.97K","-7.39%"
"2025-06-04","2,607.13","2,591.81","2,675.16","2,583.93","578.93K","0.54%"
"2025-06-03","2,593.03","2,603.71","2,651.52","2,581.28","524.35K","-0.53%"
"2025-06-02","2,606.81","2,537.46","2,614.71","2,476.48","513.95K","2.73%"
"2025-06-01","2,537.51","2,526.39","2,547.03","2,471.06","363.69K","0.37%"
"2025-05-31","2,528.09","2,534.29","2,550.02","2,486.16","427.56K","-0.13%"
"2025-05-30","2,531.29","2,631.31","2,648.56","2,509.60","843.03K","-3.84%"
"2025-05-29","2,632.50","2,681.21","2,784.23","2,622.01","906.21K","-1.82%"
"2025-05-28","2,681.20","2,660.60","2,688.44","2,609.25","632.98K","0.76%"
"2025-05-27","2,660.88","2,562.86","2,711.72","2,512.16","891.74K","3.78%"
"2025-05-26","2,563.84","2,551.13","2,596.93","2,529.71","406.92K","0.50%"
"2025-05-25","2,551.20","2,530.68","2,553.95","2,467.77","394.65K","0.86%"
"2025-05-24","2,529.32","2,524.39","2,575.62","2,516.82","284.44K","0.11%"
"2025-05-23","2,526.46","2,664.62","2,731.76","2,503.87","1.07M","-5.15%"
"2025-05-22","2,663.77","2,545.88","2,692.31","2,545.70","962.37K","4.40%"
"2025-05-21","2,551.42","2,523.42","2,614.54","2,454.72","1.21M","1.09%"
"2025-05-20","2,523.82","2,528.23","2,587.21","2,446.16","751.55K","-0.17%"
"2025-05-19","2,528.21","2,498.79","2,543.42","2,352.64","961.23K","1.17%"
"2025-05-18","2,498.97","2,475.04","2,585.12","2,340.94","905.26K","0.97%"
"2025-05-17","2,475.04","2,537.14","2,537.14","2,449.57","566.93K","-2.44%"
"2025-05-16","2,537.04","2,545.46","2,646.74","2,531.45","680.35K","-0.44%"
"2025-05-15","2,548.16","2,610.78","2,644.57","2,480.73","862.28K","-2.36%"
"2025-05-14","2,609.68","2,680.04","2,719.25","2,549.01","928.09K","-2.63%"
"2025-05-13","2,680.05","2,494.95","2,734.04","2,418.44","1.15M","7.39%"
"2025-05-12","2,495.73","2,515.22","2,621.09","2,413.02","1.19M","-0.77%"
"2025-05-11","2,515.22","2,583.94","2,594.80","2,440.65","924.22K","-2.65%"
"2025-05-10","2,583.78","2,345.27","2,597.68","2,322.81","1.13M","10.17%"
"2025-05-09","2,345.27","2,207.18","2,485.98","2,185.92","1.79M","6.31%"
"2025-05-08","2,206.13","1,811.20","2,225.02","1,809.09","1.61M","21.80%"
"2025-05-07","1,811.20","1,816.71","1,849.05","1,788.76","520.17K","-0.30%"
"2025-05-06","1,816.60","1,820.34","1,820.47","1,754.38","436.53K","-0.21%"
"2025-05-05","1,820.34","1,809.06","1,832.02","1,783.66","382.49K","0.62%"
"2025-05-04","1,809.05","1,833.94","1,849.68","1,803.91","267.55K","-1.36%"
"2025-05-03","1,833.93","1,842.06","1,848.21","1,812.76","251.34K","-0.44%"
"2025-05-02","1,842.06","1,838.09","1,869.96","1,814.42","464.79K","0.20%"
"2025-05-01","1,838.32","1,793.62","1,872.73","1,792.54","606.44K","2.49%"
"2025-04-30","1,793.58","1,798.40","1,816.38","1,736.41","533.70K","-0.27%"
"2025-04-29","1,798.47","1,799.26","1,841.95","1,781.40","537.56K","-0.04%"
"2025-04-28","1,799.24","1,790.21","1,826.35","1,748.24","681.19K","0.44%"
"2025-04-27","1,791.42","1,820.65","1,854.66","1,785.03","378.99K","-1.61%"
"2025-04-26","1,820.65","1,784.58","1,835.72","1,779.80","399.27K","1.94%"
"2025-04-25","1,785.96","1,769.60","1,825.49","1,739.39","664.67K","0.93%"
"2025-04-24","1,769.53","1,795.05","1,802.47","1,725.56","552.53K","-1.42%"
"2025-04-23","1,795.07","1,756.94","1,831.23","1,745.53","987.58K","2.22%"
"2025-04-22","1,756.11","1,578.44","1,767.10","1,545.34","1.22M","11.18%"
"2025-04-21","1,579.59","1,587.00","1,655.82","1,569.22","765.65K","-0.48%"
"2025-04-20","1,587.28","1,613.18","1,618.94","1,566.80","313.17K","-1.57%"
"2025-04-19","1,612.58","1,587.98","1,627.50","1,585.19","254.25K","1.49%"
"2025-04-18","1,588.93","1,584.61","1,600.54","1,573.76","227.75K","0.39%"
"2025-04-17","1,582.73","1,577.85","1,615.99","1,563.87","509.34K","0.35%"
"2025-04-16","1,577.14","1,587.39","1,611.43","1,539.11","687.09K","-0.73%"
"2025-04-15","1,588.80","1,625.32","1,660.34","1,584.81","543.64K","-2.15%"
"2025-04-14","1,623.73","1,596.46","1,690.44","1,596.14","747.30K","1.62%"
"2025-04-13","1,597.77","1,643.09","1,648.38","1,566.77","665.93K","-2.82%"
"2025-04-12","1,644.12","1,566.90","1,666.39","1,546.84","570.51K","4.94%"
"2025-04-11","1,566.77","1,519.63","1,587.87","1,507.56","653.52K","2.93%"
"2025-04-10","1,522.13","1,669.39","1,669.39","1,475.06","1.03M","-8.84%"
"2025-04-09","1,669.74","1,473.05","1,685.53","1,388.12","2.13M","13.33%"
"2025-04-08","1,473.40","1,550.31","1,618.47","1,450.32","990.64K","-5.13%"
"2025-04-07","1,553.01","1,585.21","1,633.22","1,422.80","2.35M","-1.75%"
"2025-04-06","1,580.65","1,805.11","1,816.30","1,539.45","1.08M","-12.50%"
"2025-04-05","1,806.47","1,816.96","1,827.20","1,767.51","224.66K","-0.54%"
"2025-04-04","1,816.36","1,816.86","1,835.30","1,760.71","641.06K","-0.01%"
"2025-04-03","1,816.53","1,795.92","1,844.01","1,752.70","566.79K","1.17%"
"2025-04-02","1,795.59","1,905.00","1,953.57","1,783.01","821.61K","-5.74%"
"2025-04-01","1,904.99","1,822.41","1,925.72","1,818.07","499.06K","4.56%"
"2025-03-31","1,821.95","1,808.04","1,851.59","1,778.51","558.43K","0.83%"
"2025-03-30","1,807.02","1,828.23","1,848.78","1,773.41","371.08K","-1.14%"
"2025-03-29","1,827.84","1,896.93","1,912.79","1,801.47","455.60K","-3.63%"
"2025-03-28","1,896.69","2,002.95","2,015.96","1,864.56","694.86K","-5.34%"
"2025-03-27","2,003.67","2,009.58","2,036.74","1,988.10","396.46K","-0.29%"
"2025-03-26","2,009.59","2,066.19","2,078.19","1,982.60","474.96K","-2.74%"
"2025-03-25","2,066.19","2,081.24","2,094.94","2,038.55","364.91K","-0.60%"
"2025-03-24","2,078.73","2,006.00","2,101.23","1,978.62","528.63K","3.62%"
"2025-03-23","2,006.02","1,980.78","2,019.69","1,977.07","296.95K","1.27%"
"2025-03-22","1,980.80","1,965.74","2,005.80","1,965.45","185.64K","0.77%"
"2025-03-21","1,965.58","1,983.94","1,996.73","1,938.55","291.89K","-0.91%"
"2025-03-20","1,983.57","2,056.11","2,066.45","1,952.95","433.71K","-3.55%"
"2025-03-19","2,056.62","1,931.79","2,069.43","1,927.77","743.84K","6.42%"
"2025-03-18","1,932.61","1,926.94","1,934.56","1,873.19","353.90K","0.32%"
"2025-03-17","1,926.35","1,886.66","1,951.93","1,880.49","362.87K","2.05%"
"2025-03-16","1,887.65","1,936.53","1,940.61","1,863.28","353.24K","-2.56%"
"2025-03-15","1,937.17","1,910.71","1,954.50","1,904.30","225.98K","1.34%"
"2025-03-14","1,911.62","1,863.57","1,945.25","1,861.63","405.34K","2.52%"
"2025-03-13","1,864.69","1,906.05","1,916.35","1,823.72","617.45K","-2.28%"
"2025-03-12","1,908.22","1,923.22","1,955.50","1,833.70","844.66K","-0.73%"
"2025-03-11","1,922.28","1,865.07","1,961.10","1,766.97","1.26M","3.10%"
"2025-03-10","1,864.40","2,019.89","2,144.65","1,821.03","1.34M","-7.70%"
"2025-03-09","2,019.89","2,203.59","2,211.54","1,993.97","645.58K","-8.34%"
"2025-03-08","2,203.59","2,140.49","2,232.28","2,107.01","352.50K","2.92%"
"2025-03-07","2,141.17","2,202.22","2,248.54","2,105.35","844.51K","-2.78%"
"2025-03-06","2,202.39","2,243.09","2,319.82","2,177.78","636.24K","-1.75%"
"2025-03-05","2,241.65","2,170.29","2,272.73","2,156.24","721.81K","3.29%"
"2025-03-04","2,170.29","2,143.02","2,221.61","2,001.50","1.35M","0.99%"
"2025-03-03","2,149.11","2,509.98","2,511.58","2,099.70","1.18M","-14.66%"
"2025-03-02","2,518.17","2,217.53","2,546.39","2,179.67","1.35M","13.56%"
"2025-03-01","2,217.53","2,233.88","2,280.35","2,144.69","480.61K","-0.84%"
"2025-02-28","2,236.41","2,307.32","2,312.79","2,078.68","1.39M","-3.09%"
"2025-02-27","2,307.73","2,337.98","2,379.59","2,232.28","687.34K","-1.29%"
"2025-02-26","2,337.98","2,496.06","2,507.13","2,258.60","933.33K","-6.33%"
"2025-02-25","2,496.06","2,511.04","2,533.18","2,339.46","1.44M","-0.59%"
"2025-02-24","2,510.94","2,819.69","2,838.22","2,493.73","959.09K","-10.95%"
"2025-02-23","2,819.69","2,763.23","2,837.98","2,745.96","655.96K","2.04%"
"2025-02-22","2,763.23","2,662.35","2,795.29","2,654.73","485.01K","3.79%"
"2025-02-21","2,662.35","2,738.05","2,841.56","2,619.06","974.36K","-2.76%"
"2025-02-20","2,738.03","2,716.16","2,767.27","2,707.50","372.95K","0.81%"
"2025-02-19","2,716.16","2,671.36","2,735.99","2,657.15","362.40K","1.68%"
"2025-02-18","2,671.36","2,743.55","2,754.43","2,610.47","648.95K","-2.63%"
"2025-02-17","2,743.47","2,662.78","2,845.96","2,647.51","696.20K","3.03%"
"2025-02-16","2,662.80","2,693.04","2,724.22","2,656.73","207.06K","-1.14%"
"2025-02-15","2,693.40","2,725.51","2,738.17","2,675.51","216.63K","-1.18%"
"2025-02-14","2,725.51","2,675.33","2,789.23","2,665.51","466.76K","1.88%"
"2025-02-13","2,675.30","2,737.86","2,756.21","2,617.39","496.62K","-2.22%"
"2025-02-12","2,735.91","2,603.11","2,789.88","2,553.50","689.45K","5.10%"
"2025-02-11","2,603.11","2,661.00","2,724.50","2,579.93","521.35K","-2.18%"
"2025-02-10","2,661.00","2,628.27","2,691.62","2,563.27","425.46K","1.24%"
"2025-02-09","2,628.27","2,631.61","2,681.93","2,534.86","423.07K","-0.12%"
"2025-02-08","2,631.56","2,622.81","2,666.86","2,590.08","403.82K","0.33%"
"2025-02-07","2,622.81","2,688.28","2,797.10","2,564.79","745.29K","-2.44%"
"2025-02-06","2,688.28","2,785.69","2,854.27","2,666.71","772.85K","-3.49%"
"2025-02-05","2,785.62","2,731.76","2,822.55","2,702.34","731.42K","1.97%"
"2025-02-04","2,731.76","2,881.91","2,884.91","2,636.03","1.33M","-5.21%"
"2025-02-03","2,881.90","2,869.72","2,904.34","2,261.27","3.00M","0.42%"
"2025-02-02","2,869.75","3,116.44","3,163.03","2,788.75","1.17M","-8.00%"
"2025-02-01","3,119.13","3,298.69","3,331.28","3,102.98","377.66K","-5.44%"
"2025-01-31","3,298.69","3,247.22","3,434.27","3,214.07","700.31K","1.59%"
"2025-01-30","3,247.22","3,113.26","3,281.91","3,093.23","386.53K","4.30%"
"2025-01-29","3,113.26","3,077.78","3,171.08","3,055.53","449.52K","1.15%"
"2025-01-28","3,077.83","3,182.86","3,222.96","3,041.05","386.37K","-3.20%"
"2025-01-27","3,179.47","3,234.11","3,253.00","3,030.68","819.62K","-1.69%"
"2025-01-26","3,234.18","3,318.14","3,359.15","3,234.07","288.83K","-2.53%"
"2025-01-25","3,318.14","3,311.05","3,350.22","3,272.14","225.91K","0.21%"
"2025-01-24","3,311.05","3,338.42","3,423.71","3,276.30","497.87K","-0.82%"
"2025-01-23","3,338.37","3,242.60","3,344.36","3,189.50","672.00K","2.95%"
"2025-01-22","3,242.60","3,327.55","3,365.53","3,223.17","373.50K","-2.57%"
"2025-01-21","3,328.30","3,282.74","3,364.90","3,204.77","597.36K","1.39%"
"2025-01-20","3,282.68","3,216.67","3,449.78","3,150.35","1.26M","2.05%"
"2025-01-19","3,216.74","3,308.73","3,445.65","3,133.37","1.44M","-2.78%"
"2025-01-18","3,308.74","3,472.84","3,493.38","3,233.53","677.72K","-4.73%"
"2025-01-17","3,472.84","3,307.10","3,524.96","3,307.10","574.06K","5.01%"
"2025-01-16","3,307.00","3,450.79","3,459.88","3,267.48","536.74K","-4.17%"
"2025-01-15","3,450.79","3,224.16","3,469.81","3,187.66","527.11K","7.03%"
"2025-01-14","3,224.06","3,137.77","3,254.32","3,127.34","413.87K","2.75%"
"2025-01-13","3,137.73","3,267.52","3,337.90","2,943.61","952.50K","-3.97%"
"2025-01-12","3,267.30","3,282.89","3,299.65","3,225.06","187.61K","-0.50%"
"2025-01-11","3,283.57","3,267.08","3,319.41","3,219.02","170.84K","0.50%"
"2025-01-10","3,267.08","3,218.15","3,320.94","3,197.86","500.73K","1.52%"
"2025-01-09","3,218.15","3,327.14","3,356.69","3,160.67","543.60K","-3.28%"
"2025-01-08","3,327.14","3,380.50","3,414.89","3,218.35","638.46K","-1.58%"
"2025-01-07","3,380.56","3,687.71","3,700.71","3,358.95","589.56K","-8.33%"
"2025-01-06","3,687.75","3,635.11","3,742.07","3,611.01","364.63K","1.45%"
"2025-01-05","3,635.11","3,656.94","3,672.41","3,596.63","170.02K","-0.57%"
"2025-01-04","3,656.13","3,608.79","3,669.62","3,574.98","249.81K","1.31%"
"2025-01-03","3,608.79","3,455.21","3,626.10","3,424.79","367.78K","4.45%"
"2025-01-02","3,455.19","3,360.14","3,494.60","3,355.49","362.32K","2.83%"
"2025-01-01","3,360.14","3,337.80","3,373.11","3,315.98","209.22K","0.67%"
"2024-12-31","3,337.80","3,361.99","3,449.27","3,317.39","333.44K","-0.72%"
"2024-12-30","3,361.99","3,355.97","3,436.83","3,306.11","494.99K","0.18%"
"2024-12-29","3,355.97","3,404.53","3,412.32","3,327.45","176.43K","-1.43%"
"2024-12-28","3,404.59","3,334.23","3,427.65","3,322.42","196.38K","2.11%"
"2024-12-27","3,334.19","3,335.96","3,438.85","3,309.03","378.00K","-0.05%"
"2024-12-26","3,335.96","3,496.50","3,512.77","3,305.53","360.40K","-4.59%"
"2024-12-25","3,496.49","3,493.33","3,546.29","3,442.61","259.25K","0.09%"
"2024-12-24","3,493.31","3,422.01","3,539.54","3,359.77","352.36K","2.08%"
"2024-12-23","3,422.01","3,281.58","3,463.58","3,220.10","547.74K","4.28%"
"2024-12-22","3,281.58","3,338.72","3,401.96","3,223.39","400.57K","-1.71%"
"2024-12-21","3,338.66","3,474.05","3,555.05","3,294.00","521.99K","-3.90%"
"2024-12-20","3,474.01","3,418.83","3,496.35","3,103.72","1.45M","1.61%"
"2024-12-19","3,418.84","3,627.82","3,719.52","3,337.46","1.17M","-5.76%"
"2024-12-18","3,627.88","3,892.79","3,902.30","3,620.61","781.62K","-6.81%"
"2024-12-17","3,892.79","3,986.91","4,040.69","3,851.17","493.60K","-2.36%"
"2024-12-16","3,986.91","3,959.89","4,102.90","3,885.84","726.41K","0.68%"
"2024-12-15","3,959.81","3,871.13","3,973.48","3,832.12","272.40K","2.29%"
"2024-12-14","3,871.13","3,906.78","3,943.06","3,828.23","287.75K","-0.98%"
"2024-12-13","3,909.48","3,881.57","3,966.50","3,853.92","417.74K","0.72%"
"2024-12-12","3,881.63","3,831.70","3,985.32","3,797.58","634.18K","1.31%"
"2024-12-11","3,831.41","3,628.97","3,848.02","3,564.79","509.73K","5.58%"
"2024-12-10","3,628.94","3,718.98","3,778.81","3,521.57","1.02M","-2.42%"
"2024-12-09","3,718.98","4,002.91","4,005.08","3,550.21","1.02M","-7.09%"
"2024-12-08","4,002.91","3,996.25","4,015.24","3,924.77","273.27K","0.17%"
"2024-12-07","3,996.24","3,998.92","4,023.96","3,969.39","303.07K","-0.08%"
"2024-12-06","3,999.51","3,785.07","4,084.99","3,780.34","864.64K","5.66%"
"2024-12-05","3,785.10","3,836.23","3,950.67","3,696.83","1.05M","-1.33%"
"2024-12-04","3,836.25","3,615.07","3,885.69","3,615.07","1.06M","6.12%"
"2024-12-03","3,615.07","3,643.50","3,669.40","3,510.19","729.65K","-0.78%"
"2024-12-02","3,643.48","3,707.86","3,756.70","3,561.95","799.75K","-1.75%"
"2024-12-01","3,708.33","3,702.96","3,743.78","3,660.98","465.31K","0.14%"
"2024-11-30","3,702.97","3,592.13","3,733.47","3,572.64","563.91K","3.09%"
"2024-11-29","3,592.13","3,578.42","3,642.95","3,539.02","472.94K","0.38%"
"2024-11-28","3,578.41","3,653.26","3,661.40","3,530.79","613.22K","-2.06%"
"2024-11-27","3,653.79","3,326.30","3,684.68","3,303.79","827.39K","9.85%"
"2024-11-26","3,326.30","3,412.15","3,460.40","3,254.45","729.51K","-2.52%"
"2024-11-25","3,412.18","3,361.47","3,544.71","3,301.68","1.02M","1.51%"
"2024-11-24","3,361.41","3,393.92","3,448.58","3,285.45","525.45K","-0.96%"
"2024-11-23","3,393.91","3,327.68","3,495.09","3,316.84","785.63K","1.99%"
"2024-11-22","3,327.77","3,356.42","3,424.47","3,261.04","661.77K","-0.85%"
"2024-11-21","3,356.43","3,069.96","3,386.41","3,034.44","1.06M","9.34%"
"2024-11-20","3,069.72","3,106.07","3,158.15","3,030.91","550.53K","-1.17%"
"2024-11-19","3,105.97","3,207.54","3,219.80","3,066.26","549.16K","-3.16%"
"2024-11-18","3,207.46","3,075.42","3,220.65","3,052.29","698.67K","4.29%"
"2024-11-17","3,075.42","3,132.04","3,160.10","3,037.49","485.17K","-1.81%"
"2024-11-16","3,132.00","3,089.44","3,215.90","3,072.83","456.29K","1.38%"
"2024-11-15","3,089.45","3,058.15","3,128.59","3,015.75","557.27K","1.02%"
"2024-11-14","3,058.22","3,187.02","3,238.39","3,038.03","661.29K","-4.04%"
"2024-11-13","3,187.02","3,244.57","3,326.89","3,117.79","988.07K","-1.71%"
"2024-11-12","3,242.44","3,372.15","3,440.05","3,209.16","1.04M","-3.85%"
"2024-11-11","3,372.13","3,185.97","3,384.62","3,107.45","1.06M","5.84%"
"2024-11-10","3,186.05","3,126.25","3,247.49","3,076.40","925.65K","1.87%"
"2024-11-09","3,127.69","2,961.62","3,153.38","2,954.56","560.62K","5.62%"
"2024-11-08","2,961.34","2,894.20","2,981.51","2,887.19","598.52K","2.32%"
"2024-11-07","2,894.13","2,721.85","2,914.81","2,700.01","784.35K","6.33%"
"2024-11-06","2,721.85","2,422.50","2,740.34","2,422.03","1.07M","12.36%"
"2024-11-05","2,422.50","2,398.95","2,478.74","2,380.80","365.02K","0.98%"
"2024-11-04","2,398.95","2,457.68","2,490.21","2,362.91","335.81K","-2.39%"
"2024-11-03","2,457.68","2,492.54","2,496.33","2,411.72","305.38K","-1.39%"
"2024-11-02","2,492.45","2,511.96","2,523.41","2,472.02","158.36K","-0.78%"
"2024-11-01","2,511.96","2,519.14","2,584.17","2,471.45","463.34K","-0.28%"
"2024-10-31","2,519.14","2,658.62","2,668.39","2,506.64","432.07K","-5.25%"
"2024-10-30","2,658.62","2,638.64","2,719.90","2,600.61","494.31K","0.76%"
"2024-10-29","2,638.64","2,567.41","2,679.50","2,561.32","486.72K","2.77%"
"2024-10-28","2,567.41","2,507.82","2,587.71","2,473.03","393.16K","2.39%"
"2024-10-27","2,507.39","2,482.52","2,525.37","2,465.72","148.63K","1.00%"
"2024-10-26","2,482.52","2,441.20","2,506.39","2,430.77","265.53K","1.69%"
"2024-10-25","2,441.18","2,535.87","2,564.13","2,386.98","550.79K","-3.73%"
"2024-10-24","2,535.87","2,524.64","2,561.75","2,508.98","312.65K","0.39%"
"2024-10-23","2,526.10","2,622.91","2,625.51","2,463.67","385.15K","-3.65%"
"2024-10-22","2,621.79","2,666.66","2,671.28","2,607.54","293.69K","-1.68%"
"2024-10-21","2,666.66","2,747.28","2,766.10","2,656.65","336.97K","-2.93%"
"2024-10-20","2,747.28","2,647.42","2,757.52","2,635.82","280.67K","3.77%"
"2024-10-19","2,647.39","2,641.72","2,662.63","2,631.27","113.68K","0.21%"
"2024-10-18","2,641.72","2,605.53","2,675.17","2,596.72","315.00K","1.39%"
"2024-10-17","2,605.53","2,611.09","2,646.96","2,578.23","242.98K","-0.21%"
"2024-10-16","2,611.09","2,607.79","2,645.42","2,589.72","280.52K","0.12%"
"2024-10-15","2,607.84","2,630.54","2,682.02","2,540.15","442.58K","-0.86%"
"2024-10-14","2,630.54","2,468.94","2,651.52","2,444.63","474.24K","6.55%"
"2024-10-13","2,468.92","2,476.46","2,484.13","2,437.44","130.46K","-0.31%"
"2024-10-12","2,476.48","2,436.77","2,489.53","2,434.39","150.00K","1.63%"
"2024-10-11","2,436.73","2,385.40","2,470.65","2,382.22","254.87K","2.15%"
"2024-10-10","2,385.40","2,370.10","2,417.90","2,353.08","288.05K","0.64%"
"2024-10-09","2,370.13","2,440.91","2,472.03","2,355.24","268.06K","-2.90%"
"2024-10-08","2,440.93","2,422.73","2,461.96","2,403.20","221.59K","0.75%"
"2024-10-07","2,422.75","2,440.33","2,520.05","2,407.05","324.83K","-0.72%"
"2024-10-06","2,440.33","2,414.98","2,455.95","2,407.13","120.24K","1.05%"
"2024-10-05","2,414.98","2,414.44","2,427.34","2,390.08","114.50K","0.02%"
"2024-10-04","2,414.43","2,349.67","2,440.74","2,339.97","263.74K","2.76%"
"2024-10-03","2,349.67","2,365.53","2,402.68","2,311.68","344.36K","-0.67%"
"2024-10-02","2,365.57","2,449.65","2,498.70","2,355.21","343.59K","-3.43%"
"2024-10-01","2,449.67","2,602.30","2,656.71","2,422.11","535.54K","-5.91%"
"2024-09-30","2,603.48","2,657.67","2,661.71","2,579.32","308.41K","-2.04%"
"2024-09-29","2,657.67","2,675.71","2,683.73","2,634.69","171.03K","-0.67%"
"2024-09-28","2,675.71","2,694.53","2,703.83","2,651.38","145.42K","-0.70%"
"2024-09-27","2,694.53","2,632.05","2,726.69","2,616.01","304.78K","2.37%"
"2024-09-26","2,632.05","2,580.29","2,664.95","2,560.48","311.52K","2.00%"
"2024-09-25","2,580.34","2,652.47","2,672.17","2,557.82","244.76K","-2.72%"
"2024-09-24","2,652.50","2,647.65","2,669.32","2,593.31","330.16K","0.18%"
"2024-09-23","2,647.65","2,581.06","2,701.60","2,544.68","369.37K","2.53%"
"2024-09-22","2,582.35","2,613.25","2,631.37","2,527.75","233.74K","-1.19%"
"2024-09-21","2,613.35","2,561.29","2,619.81","2,530.28","184.26K","2.01%"
"2024-09-20","2,561.79","2,464.52","2,570.58","2,438.98","411.52K","3.95%"
"2024-09-19","2,464.49","2,374.95","2,491.54","2,373.22","383.18K","3.89%"
"2024-09-18","2,372.18","2,341.83","2,372.54","2,278.97","346.21K","1.30%"
"2024-09-17","2,341.82","2,295.72","2,392.33","2,264.52","324.97K","2.01%"
"2024-09-16","2,295.72","2,317.04","2,334.45","2,254.52","385.30K","-0.92%"
"2024-09-15","2,317.04","2,417.56","2,428.91","2,294.55","211.27K","-4.16%"
"2024-09-14","2,417.56","2,439.29","2,440.40","2,384.99","154.06K","-0.92%"
"2024-09-13","2,440.12","2,361.79","2,459.47","2,337.76","302.56K","3.32%"
"2024-09-12","2,361.79","2,340.33","2,387.25","2,316.39","249.29K","0.92%"
"2024-09-11","2,340.19","2,387.98","2,388.40","2,279.00","333.29K","-1.99%"
"2024-09-10","2,387.71","2,359.55","2,397.10","2,323.91","263.70K","1.19%"
"2024-09-09","2,359.60","2,296.24","2,377.64","2,274.51","375.74K","2.76%"
"2024-09-08","2,296.19","2,273.70","2,331.99","2,243.34","233.21K","0.94%"
"2024-09-07","2,274.87","2,225.69","2,310.57","2,222.93","259.55K","2.21%"
"2024-09-06","2,225.72","2,368.86","2,407.07","2,151.80","723.22K","-6.06%"
"2024-09-05","2,369.18","2,450.74","2,465.66","2,351.72","316.78K","-3.31%"
"2024-09-04","2,450.18","2,423.41","2,488.86","2,317.85","422.18K","1.11%"
"2024-09-03","2,423.40","2,538.35","2,551.94","2,419.89","250.97K","-4.53%"
"2024-09-02","2,538.35","2,427.35","2,560.67","2,425.66","299.34K","4.57%"
"2024-09-01","2,427.49","2,513.06","2,515.77","2,403.61","250.52K","-3.42%"
"2024-08-31","2,513.56","2,525.47","2,532.93","2,493.84","115.17K","-0.47%"
"2024-08-30","2,525.45","2,528.49","2,540.79","2,436.95","378.49K","-0.13%"
"2024-08-29","2,528.72","2,527.78","2,594.63","2,509.17","270.41K","0.04%"
"2024-08-28","2,527.73","2,457.92","2,553.02","2,421.79","515.14K","2.84%"
"2024-08-27","2,457.99","2,680.18","2,699.73","2,396.02","477.20K","-8.29%"
"2024-08-26","2,680.30","2,746.10","2,761.69","2,668.63","250.08K","-2.46%"
"2024-08-25","2,747.99","2,768.90","2,792.11","2,734.78","175.38K","-0.74%"
"2024-08-24","2,768.49","2,763.04","2,818.05","2,735.78","296.76K","0.20%"
"2024-08-23","2,762.86","2,623.06","2,794.82","2,622.15","456.21K","5.33%"
"2024-08-22","2,623.06","2,630.67","2,644.06","2,587.15","237.74K","-0.29%"
"2024-08-21","2,630.67","2,572.74","2,659.21","2,541.32","303.58K","2.25%"
"2024-08-20","2,572.90","2,637.10","2,692.61","2,557.87","342.51K","-2.43%"
"2024-08-19","2,637.10","2,612.10","2,647.65","2,565.17","252.46K","0.96%"
"2024-08-18","2,612.10","2,614.35","2,682.09","2,596.76","197.89K","-0.09%"
"2024-08-17","2,614.35","2,592.38","2,626.62","2,588.44","104.83K","0.85%"
"2024-08-16","2,592.38","2,569.90","2,627.47","2,552.92","305.13K","0.89%"
"2024-08-15","2,569.44","2,662.95","2,675.13","2,525.00","387.82K","-3.51%"
"2024-08-14","2,662.95","2,702.44","2,761.71","2,636.00","365.55K","-1.48%"
"2024-08-13","2,702.95","2,722.66","2,737.55","2,612.80","351.28K","-0.72%"
"2024-08-12","2,722.64","2,553.57","2,747.46","2,518.31","516.79K","6.62%"
"2024-08-11","2,553.57","2,609.91","2,713.68","2,545.99","319.79K","-2.17%"
"2024-08-10","2,610.24","2,598.79","2,640.46","2,579.59","186.39K","0.44%"
"2024-08-09","2,598.90","2,682.25","2,703.80","2,556.98","443.65K","-3.16%"
"2024-08-08","2,683.84","2,342.81","2,716.50","2,322.98","626.93K","14.80%"
"2024-08-07","2,337.83","2,461.84","2,550.36","2,311.79","671.86K","-5.04%"
"2024-08-06","2,461.92","2,415.98","2,548.23","2,415.98","691.59K","1.90%"
"2024-08-05","2,415.99","2,688.59","2,696.91","2,166.31","2.81M","-10.14%"
"2024-08-04","2,688.55","2,904.59","2,931.40","2,639.79","543.64K","-7.44%"
"2024-08-03","2,904.59","2,990.32","3,017.57","2,863.44","371.14K","-2.87%"
"2024-08-02","2,990.32","3,203.37","3,217.36","2,967.43","415.57K","-6.70%"
"2024-08-01","3,204.93","3,231.81","3,242.07","3,082.01","350.33K","-0.83%"
"2024-07-31","3,231.84","3,278.94","3,348.63","3,216.48","255.01K","-1.44%"
"2024-07-30","3,278.94","3,318.24","3,366.02","3,237.67","210.28K","-1.18%"
"2024-07-29","3,318.24","3,270.32","3,396.70","3,260.86","340.45K","1.47%"
"2024-07-28","3,270.32","3,248.83","3,282.54","3,201.64","113.09K","0.72%"
"2024-07-27","3,247.06","3,275.12","3,326.91","3,199.80","247.90K","-0.86%"
"2024-07-26","3,275.12","3,175.52","3,285.72","3,173.08","281.13K","3.14%"
"2024-07-25","3,175.52","3,335.33","3,342.15","3,089.07","524.98K","-4.79%"
"2024-07-24","3,335.33","3,482.54","3,487.04","3,311.80","292.51K","-4.23%"
"2024-07-23","3,482.54","3,440.01","3,537.89","3,396.70","521.07K","1.24%"
"2024-07-22","3,440.01","3,535.55","3,559.66","3,424.86","219.41K","-2.70%"
"2024-07-21","3,535.55","3,517.04","3,544.71","3,415.57","230.63K","0.53%"
"2024-07-20","3,517.04","3,504.42","3,538.32","3,480.08","157.77K","0.36%"
"2024-07-19","3,504.42","3,425.95","3,539.42","3,377.94","317.73K","2.29%"
"2024-07-18","3,425.94","3,387.83","3,489.43","3,374.48","256.50K","1.13%"
"2024-07-17","3,387.81","3,443.02","3,514.65","3,378.55","312.39K","-1.60%"
"2024-07-16","3,442.99","3,483.50","3,494.60","3,347.85","392.52K","-1.20%"
"2024-07-15","3,484.78","3,243.50","3,490.89","3,233.77","329.57K","7.44%"
"2024-07-14","3,243.50","3,175.10","3,265.80","3,165.38","171.44K","2.15%"
"2024-07-13","3,175.10","3,134.15","3,200.12","3,113.52","125.08K","1.33%"
"2024-07-12","3,133.33","3,099.82","3,157.43","3,048.61","195.63K","1.08%"
"2024-07-11","3,099.82","3,101.17","3,214.07","3,057.55","299.18K","-0.04%"
"2024-07-10","3,101.17","3,065.11","3,149.76","3,026.42","281.44K","1.18%"
"2024-07-09","3,065.11","3,019.64","3,108.63","3,004.62","292.94K","1.51%"
"2024-07-08","3,019.64","2,930.48","3,084.20","2,826.32","517.87K","3.04%"
"2024-07-07","2,930.48","3,068.79","3,072.32","2,923.63","194.87K","-4.51%"
"2024-07-06","3,068.79","2,981.40","3,080.16","2,955.65","225.18K","2.93%"
"2024-07-05","2,981.40","3,057.85","3,108.66","2,822.44","940.65K","-2.50%"
"2024-07-04","3,057.81","3,295.13","3,313.23","3,052.15","510.41K","-7.20%"
"2024-07-03","3,295.13","3,421.71","3,432.12","3,256.31","356.89K","-3.70%"
"2024-07-02","3,421.71","3,442.66","3,463.90","3,402.98","149.31K","-0.61%"
"2024-07-01","3,442.67","3,437.84","3,522.00","3,426.69","241.71K","0.14%"
"2024-06-30","3,437.84","3,378.60","3,459.12","3,356.74","150.94K","1.75%"
"2024-06-29","3,378.60","3,380.17","3,408.32","3,374.78","95.20K","-0.05%"
"2024-06-28","3,380.15","3,450.45","3,487.12","3,369.65","238.05K","-2.04%"
"2024-06-27","3,450.45","3,370.79","3,472.72","3,364.08","217.37K","2.37%"
"2024-06-26","3,370.72","3,395.03","3,424.75","3,328.42","250.14K","-0.72%"
"2024-06-25","3,395.03","3,352.26","3,424.88","3,337.14","275.47K","1.28%"
"2024-06-24","3,352.29","3,420.83","3,433.89","3,245.76","601.35K","-2.00%"
"2024-06-23","3,420.84","3,495.96","3,520.35","3,410.03","191.03K","-2.15%"
"2024-06-22","3,495.87","3,518.03","3,520.80","3,476.08","158.47K","-0.63%"
"2024-06-21","3,518.03","3,512.95","3,543.69","3,447.50","392.71K","0.15%"
"2024-06-20","3,512.91","3,561.24","3,624.46","3,486.58","371.29K","-1.36%"
"2024-06-19","3,561.30","3,484.57","3,585.80","3,466.82","346.10K","2.20%"
"2024-06-18","3,484.55","3,511.52","3,515.87","3,373.14","480.08K","-0.77%"
"2024-06-17","3,511.52","3,625.11","3,636.99","3,470.65","356.79K","-3.13%"
"2024-06-16","3,625.11","3,568.74","3,650.11","3,541.46","156.55K","1.58%"
"2024-06-15","3,568.72","3,481.75","3,592.84","3,474.26","256.22K","2.50%"
"2024-06-14","3,481.84","3,470.16","3,530.94","3,368.09","339.90K","0.34%"
"2024-06-13","3,470.15","3,559.95","3,561.15","3,433.13","316.98K","-2.52%"
"2024-06-12","3,559.95","3,497.99","3,652.79","3,464.17","418.36K","1.77%"
"2024-06-11","3,498.00","3,667.85","3,672.92","3,433.20","477.11K","-4.63%"
"2024-06-10","3,667.85","3,706.32","3,711.90","3,650.33","165.29K","-1.04%"
"2024-06-09","3,706.32","3,681.59","3,719.02","3,668.45","108.79K","0.67%"
"2024-06-08","3,681.59","3,678.36","3,709.44","3,670.34","147.95K","0.09%"
"2024-06-07","3,678.37","3,812.95","3,840.88","3,608.44","384.78K","-3.53%"
"2024-06-06","3,812.95","3,865.15","3,878.28","3,765.23","251.82K","-1.35%"
"2024-06-05","3,865.14","3,810.35","3,885.15","3,778.13","288.18K","1.44%"
"2024-06-04","3,810.35","3,767.10","3,831.41","3,743.11","247.96K","1.15%"
"2024-06-03","3,767.10","3,782.06","3,849.47","3,759.07","262.39K","-0.40%"
"2024-06-02","3,782.08","3,815.95","3,838.34","3,753.62","219.62K","-0.89%"
"2024-06-01","3,815.95","3,762.63","3,832.35","3,753.32","143.81K","1.42%"
"2024-05-31","3,762.66","3,747.89","3,844.96","3,724.57","294.56K","0.40%"
"2024-05-30","3,747.55","3,767.22","3,824.94","3,703.74","293.81K","-0.58%"
"2024-05-29","3,769.57","3,845.56","3,886.44","3,745.72","353.25K","-1.98%"
"2024-05-28","3,845.56","3,894.33","3,929.21","3,775.08","436.24K","-1.25%"
"2024-05-27","3,894.33","3,825.99","3,976.00","3,824.33","393.85K","1.79%"
"2024-05-26","3,826.02","3,749.28","3,881.62","3,733.77","313.07K","2.05%"
"2024-05-25","3,749.28","3,728.32","3,776.75","3,709.70","170.39K","0.57%"
"2024-05-24","3,728.21","3,785.61","3,829.13","3,635.18","514.00K","-1.52%"
"2024-05-23","3,785.65","3,739.07","3,941.42","3,645.49","1.19M","1.25%"
"2024-05-22","3,739.08","3,790.42","3,810.50","3,654.54","597.46K","-1.36%"
"2024-05-21","3,790.46","3,661.04","3,833.07","3,630.71","1.01M","3.53%"
"2024-05-20","3,661.07","3,072.07","3,679.47","3,048.33","899.51K","19.17%"
"2024-05-19","3,072.08","3,122.87","3,135.99","3,058.31","170.99K","-1.63%"
"2024-05-18","3,122.87","3,092.09","3,145.59","3,084.73","205.74K","0.97%"
"2024-05-17","3,092.75","2,944.99","3,116.65","2,933.39","369.55K","5.02%"
"2024-05-16","2,944.99","3,032.64","3,040.62","2,924.20","306.25K","-2.96%"
"2024-05-15","3,034.71","2,881.99","3,041.11","2,864.50","363.90K","5.30%"
"2024-05-14","2,881.99","2,951.01","2,958.94","2,866.00","279.49K","-2.34%"
"2024-05-13","2,951.01","2,929.36","2,993.23","2,865.08","381.30K","0.74%"
"2024-05-12","2,929.35","2,912.56","2,953.92","2,903.16","111.77K","0.58%"
"2024-05-11","2,912.56","2,909.86","2,943.58","2,889.62","144.62K","0.09%"
"2024-05-10","2,909.86","3,036.32","3,052.94","2,882.82","355.90K","-4.16%"
"2024-05-09","3,036.32","2,974.92","3,057.07","2,953.21","248.78K","2.06%"
"2024-05-08","2,974.94","3,006.32","3,036.79","2,941.71","283.76K","-1.04%"
"2024-05-07","3,006.36","3,062.03","3,128.32","3,004.04","315.01K","-1.82%"
"2024-05-06","3,062.03","3,136.40","3,220.04","3,048.65","377.37K","-2.37%"
"2024-05-05","3,136.40","3,117.14","3,170.63","3,074.55","229.16K","0.62%"
"2024-05-04","3,117.23","3,102.25","3,146.74","3,095.58","205.59K","0.48%"
"2024-05-03","3,102.25","2,987.11","3,125.81","2,958.98","381.95K","3.85%"
"2024-05-02","2,987.12","2,973.30","3,014.55","2,897.11","387.64K","0.47%"
"2024-05-01","2,973.27","3,014.38","3,023.06","2,819.19","672.37K","-1.36%"
"2024-04-30","3,014.41","3,216.85","3,250.44","2,927.77","591.88K","-6.28%"
"2024-04-29","3,216.29","3,261.72","3,286.75","3,119.56","438.13K","-1.39%"
"2024-04-28","3,261.69","3,255.57","3,347.45","3,250.66","318.13K","0.19%"
"2024-04-27","3,255.57","3,131.42","3,282.99","3,073.79","334.66K","3.98%"
"2024-04-26","3,130.90","3,155.83","3,165.94","3,104.77","263.09K","-0.79%"
"2024-04-25","3,155.83","3,141.03","3,189.11","3,078.65","369.13K","0.47%"
"2024-04-24","3,141.03","3,220.11","3,292.31","3,111.91","409.83K","-2.46%"
"2024-04-23","3,220.13","3,200.28","3,262.50","3,153.81","265.42K","0.61%"
"2024-04-22","3,200.62","3,147.84","3,233.84","3,130.24","306.74K","1.68%"
"2024-04-21","3,147.83","3,156.62","3,195.43","3,116.85","234.07K","-0.28%"
"2024-04-20","3,156.63","3,056.51","3,168.90","3,020.82","256.05K","3.29%"
"2024-04-19","3,056.23","3,064.49","3,122.51","2,871.82","645.65K","-0.27%"
"2024-04-18","3,064.48","2,985.82","3,089.53","2,955.31","423.99K","2.63%"
"2024-04-17","2,985.82","3,083.42","3,123.68","2,917.59","524.88K","-3.17%"
"2024-04-16","3,083.43","3,100.98","3,125.19","2,998.17","560.47K","-0.56%"
"2024-04-15","3,100.94","3,152.65","3,273.03","3,030.76","654.92K","-1.64%"
"2024-04-14","3,152.65","3,005.96","3,168.52","2,913.83","799.68K","4.93%"
"2024-04-13","3,004.44","3,237.16","3,296.69","2,863.89","1.06M","-7.27%"
"2024-04-12","3,239.86","3,502.55","3,551.22","3,150.92","739.63K","-7.50%"
"2024-04-11","3,502.55","3,545.16","3,615.24","3,479.15","349.38K","-1.20%"
"2024-04-10","3,545.16","3,506.95","3,560.13","3,419.12","404.41K","1.09%"
"2024-04-09","3,506.96","3,694.92","3,723.75","3,459.79","482.49K","-5.09%"
"2024-04-08","3,694.93","3,454.17","3,727.87","3,409.58","538.85K","6.97%"
"2024-04-07","3,454.17","3,351.99","3,459.43","3,344.89","217.80K","3.05%"
"2024-04-06","3,352.03","3,317.84","3,394.80","3,307.23","190.08K","1.03%"
"2024-04-05","3,317.84","3,327.45","3,344.17","3,212.89","359.70K","-0.29%"
"2024-04-04","3,327.45","3,310.82","3,435.57","3,254.31","371.23K","0.51%"
"2024-04-03","3,310.62","3,278.01","3,366.75","3,203.21","426.57K","1.00%"
"2024-04-02","3,277.99","3,502.84","3,505.39","3,216.48","647.13K","-6.42%"
"2024-04-01","3,502.82","3,647.08","3,647.08","3,421.96","422.72K","-3.96%"
"2024-03-31","3,647.09","3,506.82","3,652.97","3,505.17","252.38K","4.00%"
"2024-03-30","3,506.83","3,509.76","3,564.04","3,487.64","224.95K","-0.08%"
"2024-03-29","3,509.76","3,559.43","3,583.18","3,475.04","334.49K","-1.40%"
"2024-03-28","3,559.43","3,500.43","3,609.66","3,470.62","416.69K","1.69%"
"2024-03-27","3,500.43","3,587.48","3,661.91","3,462.44","460.87K","-2.43%"
"2024-03-26","3,587.50","3,590.62","3,677.24","3,544.55","520.43K","-0.09%"
"2024-03-25","3,590.62","3,455.35","3,651.30","3,421.09","584.66K","3.92%"
"2024-03-24","3,455.33","3,332.87","3,469.66","3,300.74","270.03K","3.67%"
"2024-03-23","3,332.90","3,334.19","3,430.04","3,275.78","334.86K","-0.04%"
"2024-03-22","3,334.12","3,492.89","3,541.65","3,254.56","589.84K","-4.55%"
"2024-03-21","3,493.23","3,514.73","3,583.02","3,413.60","638.79K","-0.61%"
"2024-03-20","3,514.73","3,165.07","3,531.37","3,063.60","1.26M","11.04%"
"2024-03-19","3,165.20","3,520.32","3,546.23","3,151.42","1.11M","-10.09%"
"2024-03-18","3,520.30","3,644.77","3,644.77","3,454.94","588.48K","-3.42%"
"2024-03-17","3,644.78","3,523.66","3,678.07","3,421.42","549.29K","3.44%"
"2024-03-16","3,523.68","3,741.16","3,778.60","3,476.82","567.02K","-5.81%"
"2024-03-15","3,741.12","3,881.70","3,931.33","3,591.51","981.71K","-3.68%"
"2024-03-14","3,883.94","4,004.30","4,009.92","3,729.51","672.52K","-3.01%"
"2024-03-13","4,004.29","3,979.30","4,078.48","3,935.60","503.46K","0.63%"
"2024-03-12","3,979.30","4,065.15","4,091.28","3,843.45","685.77K","-2.11%"
"2024-03-11","4,065.02","3,878.47","4,081.72","3,756.39","767.30K","4.81%"
"2024-03-10","3,878.47","3,905.17","3,961.94","3,793.64","372.52K","-0.68%"
"2024-03-09","3,905.17","3,883.20","3,941.34","3,872.96","265.43K","0.57%"
"2024-03-08","3,883.20","3,868.75","3,991.89","3,825.16","686.06K","0.35%"
"2024-03-07","3,869.69","3,814.56","3,932.77","3,736.33","568.32K","1.45%"
"2024-03-06","3,814.56","3,555.94","3,899.99","3,503.51","1.02M","7.27%"
"2024-03-05","3,556.03","3,626.39","3,819.79","3,237.28","1.48M","-1.94%"
"2024-03-04","3,626.34","3,488.67","3,638.10","3,445.47","769.53K","3.95%"
"2024-03-03","3,488.67","3,420.64","3,491.53","3,364.44","363.55K","1.99%"
"2024-03-02","3,420.64","3,433.51","3,459.96","3,395.03","296.91K","-0.37%"
"2024-03-01","3,433.51","3,339.25","3,449.56","3,339.24","431.98K","2.82%"
"2024-02-29","3,339.26","3,382.98","3,520.80","3,300.42","802.17K","-1.29%"
"2024-02-28","3,383.03","3,242.44","3,482.48","3,183.92","1.01M","4.35%"
"2024-02-27","3,242.14","3,175.94","3,285.01","3,165.91","674.56K","2.08%"
"2024-02-26","3,175.94","3,112.59","3,193.67","3,038.00","582.39K","2.04%"
"2024-02-25","3,112.59","2,992.29","3,117.59","2,984.29","450.78K","4.02%"
"2024-02-24","2,992.29","2,922.24","3,005.95","2,907.23","251.89K","2.40%"
"2024-02-23","2,922.24","2,972.47","2,992.80","2,906.43","441.33K","-1.69%"
"2024-02-22","2,972.46","2,971.18","3,031.76","2,907.22","595.92K","0.04%"
"2024-02-21","2,971.18","3,015.38","3,016.76","2,871.88","620.51K","-1.47%"
"2024-02-20","3,015.38","2,944.79","3,030.61","2,879.82","674.55K","2.40%"
"2024-02-19","2,944.80","2,880.16","2,983.48","2,859.82","478.68K","2.25%"
"2024-02-18","2,880.10","2,785.90","2,892.79","2,765.97","391.11K","3.38%"
"2024-02-17","2,785.90","2,801.80","2,804.17","2,721.21","251.97K","-0.57%"
"2024-02-16","2,801.80","2,822.59","2,856.76","2,759.52","401.19K","-0.74%"
"2024-02-15","2,822.59","2,775.12","2,864.41","2,760.98","520.70K","1.71%"
"2024-02-14","2,775.12","2,640.12","2,785.51","2,619.77","491.97K","5.11%"
"2024-02-13","2,640.10","2,657.91","2,686.14","2,597.15","530.99K","-0.67%"
"2024-02-12","2,657.87","2,506.69","2,663.57","2,473.54","477.42K","6.03%"
"2024-02-11","2,506.69","2,500.28","2,537.85","2,493.83","230.91K","0.26%"
"2024-02-10","2,500.28","2,486.24","2,515.95","2,472.92","194.43K","0.56%"
"2024-02-09","2,486.24","2,419.56","2,522.96","2,419.16","540.92K","2.76%"
"2024-02-08","2,419.56","2,424.66","2,461.00","2,412.01","350.33K","-0.21%"
"2024-02-07","2,424.64","2,372.65","2,443.71","2,354.46","355.40K","2.19%"
"2024-02-06","2,372.65","2,301.83","2,390.53","2,299.24","381.23K","3.08%"
"2024-02-05","2,301.83","2,289.78","2,336.63","2,271.28","244.98K","0.53%"
"2024-02-04","2,289.78","2,296.50","2,310.34","2,272.02","180.39K","-0.29%"
"2024-02-03","2,296.50","2,309.28","2,329.50","2,293.10","137.80K","-0.55%"
"2024-02-02","2,309.28","2,304.28","2,324.57","2,282.87","246.89K","0.22%"
"2024-02-01","2,304.28","2,283.14","2,311.31","2,240.79","323.61K","0.93%"
"2024-01-31","2,283.14","2,343.11","2,350.80","2,266.80","408.79K","-2.56%"
"2024-01-30","2,343.11","2,317.79","2,389.23","2,298.85","387.12K","1.09%"
"2024-01-29","2,317.79","2,256.92","2,320.97","2,237.69","318.84K","2.70%"
"2024-01-28","2,256.92","2,267.91","2,306.43","2,240.14","216.93K","-0.48%"
"2024-01-27","2,267.91","2,267.56","2,282.16","2,252.31","151.26K","0.02%"
"2024-01-26","2,267.55","2,217.71","2,280.83","2,195.88","377.79K","2.25%"
"2024-01-25","2,217.71","2,234.64","2,242.85","2,173.82","344.11K","-0.76%"
"2024-01-24","2,234.64","2,243.72","2,264.66","2,198.89","373.25K","-0.41%"
"2024-01-23","2,243.74","2,313.65","2,351.18","2,169.54","750.52K","-3.02%"
"2024-01-22","2,313.64","2,457.06","2,465.97","2,304.06","560.84K","-5.84%"
"2024-01-21","2,457.06","2,472.04","2,481.63","2,453.48","126.52K","-0.61%"
"2024-01-20","2,472.03","2,491.81","2,491.81","2,455.07","143.98K","-0.79%"
"2024-01-19","2,491.81","2,469.77","2,504.09","2,418.61","443.42K","0.89%"
"2024-01-18","2,469.77","2,531.26","2,548.79","2,430.97","467.22K","-2.43%"
"2024-01-17","2,531.26","2,588.63","2,592.88","2,510.00","380.90K","-2.22%"
"2024-01-16","2,588.64","2,511.95","2,613.71","2,501.00","395.07K","3.05%"
"2024-01-15","2,511.94","2,473.96","2,553.24","2,472.69","332.15K","1.54%"
"2024-01-14","2,473.96","2,578.36","2,578.37","2,470.21","316.45K","-4.05%"
"2024-01-13","2,578.36","2,523.99","2,589.98","2,498.48","436.91K","2.15%"
"2024-01-12","2,523.98","2,618.08","2,712.88","2,462.93","931.96K","-3.59%"
"2024-01-11","2,618.08","2,581.90","2,688.26","2,567.55","889.36K","1.41%"
"2024-01-10","2,581.79","2,344.29","2,629.68","2,342.21","1.12M","10.11%"
"2024-01-09","2,344.67","2,330.99","2,369.60","2,229.25","588.19K","0.59%"
"2024-01-08","2,330.98","2,221.40","2,357.14","2,167.42","565.23K","4.93%"
"2024-01-07","2,221.40","2,240.49","2,254.70","2,209.46","216.41K","-0.85%"
"2024-01-06","2,240.49","2,268.14","2,269.65","2,217.05","202.82K","-1.22%"
"2024-01-05","2,268.12","2,267.29","2,275.25","2,207.40","426.01K","0.04%"
"2024-01-04","2,267.27","2,209.49","2,293.17","2,202.99","467.01K","2.62%"
"2024-01-03","2,209.49","2,355.28","2,383.92","2,122.78","852.01K","-6.19%"
"2024-01-02","2,355.27","2,352.06","2,430.53","2,347.62","491.56K","0.14%"
"2024-01-01","2,352.03","2,281.89","2,352.03","2,266.75","229.28K","3.07%"
"2023-12-31","2,281.90","2,291.70","2,320.91","2,264.67","232.62K","-0.43%"
"2023-12-30","2,291.70","2,299.24","2,322.76","2,269.23","219.92K","-0.33%"
"2023-12-29","2,299.24","2,344.48","2,385.26","2,265.63","475.37K","-1.93%"
"2023-12-28","2,344.47","2,378.63","2,443.59","2,338.46","626.91K","-1.44%"
"2023-12-27","2,378.63","2,230.76","2,391.53","2,213.78","577.27K","6.63%"
"2023-12-26","2,230.74","2,271.38","2,274.71","2,184.60","429.50K","-1.79%"
"2023-12-25","2,271.38","2,263.57","2,303.28","2,253.25","298.17K","0.35%"
"2023-12-24","2,263.57","2,308.60","2,325.08","2,247.73","319.33K","-1.95%"
"2023-12-23","2,308.61","2,324.24","2,330.07","2,267.39","266.30K","-0.67%"
"2023-12-22","2,324.23","2,239.62","2,341.52","2,232.83","620.73K","3.78%"
"2023-12-21","2,239.62","2,202.19","2,277.72","2,183.35","471.46K","1.70%"
"2023-12-20","2,202.19","2,177.45","2,263.30","2,161.76","440.35K","1.14%"
"2023-12-19","2,177.44","2,218.82","2,254.75","2,137.80","400.94K","-1.86%"
"2023-12-18","2,218.80","2,197.01","2,223.30","2,123.06","388.26K","0.99%"
"2023-12-17","2,197.04","2,229.07","2,247.84","2,196.06","233.48K","-1.44%"
"2023-12-16","2,229.07","2,220.41","2,262.68","2,212.80","206.79K","0.39%"
"2023-12-15","2,220.41","2,315.40","2,317.42","2,213.18","349.63K","-4.11%"
"2023-12-14","2,315.64","2,260.18","2,331.63","2,237.39","461.60K","2.45%"
"2023-12-13","2,260.18","2,203.49","2,283.84","2,148.87","436.64K","2.57%"
"2023-12-12","2,203.49","2,225.33","2,243.34","2,168.18","377.05K","-0.98%"
"2023-12-11","2,225.34","2,352.26","2,355.02","2,164.16","678.03K","-5.40%"
"2023-12-10","2,352.26","2,340.55","2,376.57","2,324.18","206.78K","0.50%"
"2023-12-09","2,340.55","2,358.42","2,401.34","2,332.36","304.64K","-0.76%"
"2023-12-08","2,358.42","2,355.78","2,389.36","2,340.88","397.41K","0.11%"
"2023-12-07","2,355.80","2,233.45","2,381.65","2,224.61","518.61K","5.48%"
"2023-12-06","2,233.45","2,293.36","2,310.20","2,223.15","431.57K","-2.61%"
"2023-12-05","2,293.34","2,243.30","2,302.29","2,190.96","561.41K","2.22%"
"2023-12-04","2,243.54","2,192.79","2,272.26","2,191.43","601.45K","2.31%"
"2023-12-03","2,192.79","2,164.79","2,215.46","2,150.58","279.65K","1.29%"
"2023-12-02","2,164.79","2,087.21","2,179.73","2,086.29","344.20K","3.72%"
"2023-12-01","2,087.21","2,051.59","2,109.32","2,045.39","402.51K","1.74%"
"2023-11-30","2,051.56","2,028.99","2,054.33","2,021.44","252.49K","1.11%"
"2023-11-29","2,028.99","2,048.47","2,071.36","2,020.31","269.97K","-0.95%"
"2023-11-28","2,048.47","2,027.51","2,074.79","1,996.19","312.94K","1.03%"
"2023-11-27","2,027.51","2,062.30","2,071.13","1,987.43","354.28K","-1.70%"
"2023-11-26","2,062.64","2,082.91","2,092.80","2,038.28","259.79K","-0.98%"
"2023-11-25","2,083.09","2,080.63","2,089.64","2,065.17","154.35K","0.12%"
"2023-11-24","2,080.62","2,061.92","2,129.20","2,059.23","460.97K","0.91%"
"2023-11-23","2,061.92","2,063.05","2,088.20","2,040.66","264.01K","-0.06%"
"2023-11-22","2,063.05","1,934.62","2,090.01","1,930.66","506.35K","6.64%"
"2023-11-21","1,934.62","2,021.49","2,034.51","1,932.50","527.41K","-4.30%"
"2023-11-20","2,021.49","2,011.02","2,064.05","1,994.89","455.23K","0.52%"
"2023-11-19","2,011.01","1,961.72","2,014.93","1,943.63","269.02K","2.51%"
"2023-11-18","1,961.72","1,960.80","1,971.02","1,920.13","298.88K","0.05%"
"2023-11-17","1,960.80","1,961.77","1,990.24","1,908.24","430.92K","-0.05%"
"2023-11-16","1,961.76","2,058.93","2,089.44","1,940.44","585.12K","-4.72%"
"2023-11-15","2,058.93","1,979.40","2,060.95","1,967.97","455.57K","4.03%"
"2023-11-14","1,979.10","2,054.15","2,064.51","1,943.01","521.22K","-3.66%"
"2023-11-13","2,054.18","2,044.61","2,115.24","2,031.01","578.44K","0.47%"
"2023-11-12","2,044.61","2,053.40","2,065.35","2,020.76","354.64K","-0.43%"
"2023-11-11","2,053.42","2,077.72","2,089.24","2,033.56","405.96K","-1.17%"
"2023-11-10","2,077.78","2,120.16","2,135.91","2,068.79","640.31K","-2.00%"
"2023-11-09","2,120.16","1,888.42","2,131.31","1,882.91","1.21M","12.22%"
"2023-11-08","1,889.29","1,885.95","1,903.67","1,873.47","265.08K","0.18%"
"2023-11-07","1,885.97","1,900.98","1,906.55","1,852.05","370.10K","-0.79%"
"2023-11-06","1,900.98","1,891.81","1,913.13","1,870.00","359.00K","0.46%"
"2023-11-05","1,892.36","1,855.72","1,911.00","1,846.57","418.91K","1.97%"
"2023-11-04","1,855.72","1,832.31","1,868.52","1,824.40","190.18K","1.28%"
"2023-11-03","1,832.29","1,800.28","1,834.16","1,779.79","337.00K","1.78%"
"2023-11-02","1,800.27","1,846.60","1,873.02","1,789.00","398.43K","-2.51%"
"2023-11-01","1,846.60","1,815.12","1,857.00","1,783.98","509.01K","1.73%"
"2023-10-31","1,815.13","1,809.05","1,819.43","1,783.32","279.11K","0.34%"
"2023-10-30","1,809.05","1,794.96","1,829.47","1,778.59","304.47K","0.78%"
"2023-10-29","1,794.96","1,776.21","1,809.98","1,764.08","156.39K","1.06%"
"2023-10-28","1,776.21","1,779.54","1,801.12","1,772.08","134.10K","-0.19%"
"2023-10-27","1,779.54","1,803.38","1,803.63","1,751.77","298.24K","-1.31%"
"2023-10-26","1,803.13","1,787.00","1,864.81","1,764.43","471.17K","0.90%"
"2023-10-25","1,787.00","1,784.88","1,814.21","1,761.39","389.39K","0.12%"
"2023-10-24","1,784.88","1,763.79","1,853.31","1,757.32","750.21K","1.20%"
"2023-10-23","1,763.75","1,663.35","1,791.99","1,657.57","672.28K","6.04%"
"2023-10-22","1,663.35","1,628.94","1,667.50","1,623.29","246.68K","2.11%"
"2023-10-21","1,628.94","1,603.89","1,642.33","1,592.41","188.94K","1.56%"
"2023-10-20","1,603.89","1,566.78","1,629.26","1,561.62","343.61K","2.37%"
"2023-10-19","1,566.79","1,563.43","1,573.48","1,543.87","238.42K","0.21%"
"2023-10-18","1,563.43","1,564.99","1,583.77","1,556.15","199.43K","-0.10%"
"2023-10-17","1,564.99","1,599.48","1,600.49","1,553.63","250.22K","-2.16%"
"2023-10-16","1,599.48","1,557.79","1,635.46","1,555.13","452.69K","2.69%"
"2023-10-15","1,557.66","1,554.96","1,565.80","1,550.05","128.70K","0.17%"
"2023-10-14","1,554.96","1,552.17","1,559.94","1,545.32","107.26K","0.18%"
"2023-10-13","1,552.17","1,539.70","1,574.08","1,538.07","208.91K","0.81%"
"2023-10-12","1,539.70","1,566.88","1,568.47","1,523.78","260.59K","-1.73%"
"2023-10-11","1,566.88","1,567.62","1,578.16","1,549.16","279.01K","-0.05%"
"2023-10-10","1,567.60","1,579.77","1,593.73","1,552.34","255.41K","-0.77%"
"2023-10-09","1,579.74","1,632.85","1,635.13","1,550.10","372.11K","-3.25%"
"2023-10-08","1,632.85","1,633.58","1,641.30","1,616.80","159.27K","-0.04%"
"2023-10-07","1,633.58","1,640.59","1,643.25","1,630.18","107.55K","-0.73%"
"2023-10-06","1,645.62","1,611.58","1,659.99","1,611.58","238.24K","2.11%"
"2023-10-05","1,611.58","1,646.61","1,654.03","1,609.54","253.05K","-2.15%"
"2023-10-04","1,647.05","1,656.88","1,657.61","1,630.48","243.08K","-0.59%"
"2023-10-03","1,656.88","1,662.79","1,670.45","1,644.05","216.11K","-0.36%"
"2023-10-02","1,662.79","1,732.90","1,742.42","1,638.04","412.81K","-4.05%"
"2023-10-01","1,732.89","1,670.92","1,741.94","1,668.94","245.32K","3.71%"
"2023-09-30","1,670.92","1,667.71","1,693.68","1,666.25","147.60K","0.19%"
"2023-09-29","1,667.72","1,652.89","1,686.63","1,648.47","273.45K","0.90%"
"2023-09-28","1,652.89","1,598.53","1,667.61","1,598.16","354.03K","3.40%"
"2023-09-27","1,598.49","1,594.05","1,633.50","1,585.28","307.59K","0.28%"
"2023-09-26","1,594.04","1,588.62","1,597.67","1,580.60","141.61K","0.34%"
"2023-09-25","1,588.62","1,580.55","1,596.57","1,564.70","191.41K","0.51%"
"2023-09-24","1,580.55","1,593.89","1,600.37","1,573.94","144.30K","-0.84%"
"2023-09-23","1,593.89","1,593.10","1,597.96","1,587.79","69.31K","0.05%"
"2023-09-22","1,593.10","1,584.03","1,601.79","1,578.78","135.12K","0.57%"
"2023-09-21","1,584.03","1,622.28","1,625.31","1,569.03","264.25K","-2.36%"
"2023-09-20","1,622.28","1,643.14","1,649.17","1,610.14","253.88K","-1.27%"
"2023-09-19","1,643.08","1,636.88","1,659.53","1,627.31","201.84K","0.38%"
"2023-09-18","1,636.92","1,622.63","1,668.87","1,609.69","302.35K","0.88%"
"2023-09-17","1,622.65","1,634.41","1,635.00","1,612.87","127.49K","-0.72%"
"2023-09-16","1,634.41","1,641.31","1,650.04","1,631.74","107.11K","-0.42%"
"2023-09-15","1,641.31","1,626.49","1,652.40","1,612.25","194.29K","0.91%"
"2023-09-14","1,626.49","1,607.63","1,639.23","1,607.08","293.64K","1.17%"
"2023-09-13","1,607.63","1,592.50","1,614.43","1,582.03","238.31K","0.95%"
"2023-09-12","1,592.50","1,551.89","1,617.39","1,549.71","354.59K","2.62%"
"2023-09-11","1,551.89","1,617.44","1,618.80","1,533.95","444.95K","-4.05%"
"2023-09-10","1,617.44","1,635.56","1,635.72","1,604.26","220.97K","-1.11%"
"2023-09-09","1,635.56","1,636.45","1,637.21","1,630.12","63.97K","-0.05%"
"2023-09-08","1,636.45","1,648.09","1,657.53","1,618.39","236.38K","-0.71%"
"2023-09-07","1,648.09","1,633.18","1,658.04","1,624.07","243.55K","0.91%"
"2023-09-06","1,633.18","1,634.46","1,667.08","1,610.49","240.73K","-0.08%"
"2023-09-05","1,634.46","1,630.53","1,647.67","1,610.02","219.79K","0.24%"
"2023-09-04","1,630.51","1,635.86","1,643.31","1,618.49","178.25K","-0.33%"
"2023-09-03","1,635.85","1,637.05","1,645.16","1,625.61","124.14K","-0.07%"
"2023-09-02","1,637.05","1,629.00","1,644.63","1,628.11","109.03K","0.49%"
"2023-09-01","1,629.00","1,645.82","1,654.39","1,603.67","319.19K","-1.02%"
"2023-08-31","1,645.82","1,705.23","1,723.95","1,634.74","355.27K","-3.48%"
"2023-08-30","1,705.22","1,729.69","1,730.71","1,696.99","218.44K","-1.41%"
"2023-08-29","1,729.69","1,653.22","1,742.83","1,640.29","528.63K","4.63%"
"2023-08-28","1,653.22","1,658.34","1,660.80","1,628.79","229.39K","-0.31%"
"2023-08-27","1,658.33","1,647.05","1,660.11","1,646.35","94.20K","0.68%"
"2023-08-26","1,647.05","1,653.74","1,655.58","1,644.04","84.34K","-0.40%"
"2023-08-25","1,653.74","1,661.18","1,676.13","1,636.77","250.86K","-0.43%"
"2023-08-24","1,660.89","1,679.93","1,683.03","1,642.45","246.62K","-1.13%"
"2023-08-23","1,679.93","1,634.30","1,697.63","1,629.86","399.71K","2.79%"
"2023-08-22","1,634.29","1,667.60","1,669.22","1,588.36","424.51K","-2.00%"
"2023-08-21","1,667.60","1,685.24","1,686.11","1,651.77","265.91K","-1.05%"
"2023-08-20","1,685.24","1,669.68","1,692.47","1,662.82","205.82K","0.93%"
"2023-08-19","1,669.67","1,661.27","1,693.88","1,654.35","243.31K","0.51%"
"2023-08-18","1,661.26","1,681.51","1,698.77","1,646.32","572.90K","-1.34%"
"2023-08-17","1,683.89","1,807.81","1,809.81","1,560.88","876.70K","-6.85%"
"2023-08-16","1,807.81","1,828.98","1,831.52","1,803.31","217.47K","-1.16%"
"2023-08-15","1,828.98","1,845.51","1,847.35","1,816.32","196.60K","-0.90%"
"2023-08-14","1,845.51","1,840.73","1,856.48","1,835.90","158.11K","0.26%"
"2023-08-13","1,840.73","1,849.94","1,861.50","1,835.51","126.51K","-0.50%"
"2023-08-12","1,849.94","1,848.88","1,853.54","1,846.13","66.93K","0.06%"
"2023-08-11","1,848.88","1,852.46","1,857.17","1,840.65","120.55K","-0.19%"
"2023-08-10","1,852.46","1,855.36","1,865.94","1,847.34","134.21K","-0.16%"
"2023-08-09","1,855.36","1,856.24","1,870.48","1,846.76","203.58K","-0.05%"
"2023-08-08","1,856.24","1,829.10","1,871.77","1,826.40","253.39K","1.48%"
"2023-08-07","1,829.11","1,830.28","1,846.41","1,805.30","243.92K","-0.06%"
"2023-08-06","1,830.28","1,836.48","1,838.08","1,826.12","100.32K","-0.34%"
"2023-08-05","1,836.48","1,830.24","1,838.62","1,827.52","103.08K","0.34%"
"2023-08-04","1,830.24","1,835.98","1,849.13","1,819.65","199.60K","-0.31%"
"2023-08-03","1,835.98","1,839.76","1,858.62","1,828.34","182.56K","-0.23%"
"2023-08-02","1,840.21","1,874.21","1,879.32","1,822.94","272.70K","-1.81%"
"2023-08-01","1,874.21","1,856.17","1,875.00","1,818.06","386.29K","0.97%"
"2023-07-31","1,856.17","1,861.81","1,876.03","1,851.42","177.97K","-0.30%"
"2023-07-30","1,861.81","1,880.55","1,884.33","1,851.63","167.77K","-1.00%"
"2023-07-29","1,880.55","1,874.23","1,886.26","1,869.74","79.76K","0.34%"
"2023-07-28","1,874.23","1,861.32","1,882.23","1,856.90","148.92K","0.69%"
"2023-07-27","1,861.32","1,872.00","1,885.87","1,855.40","176.21K","-0.57%"
"2023-07-26","1,872.00","1,857.67","1,886.92","1,849.43","286.61K","0.77%"
"2023-07-25","1,857.67","1,850.05","1,867.36","1,845.68","161.06K","0.41%"
"2023-07-24","1,850.04","1,888.85","1,890.78","1,835.14","297.13K","-2.05%"
"2023-07-23","1,888.85","1,866.26","1,903.95","1,858.12","164.31K","1.21%"
"2023-07-22","1,866.25","1,891.75","1,897.03","1,854.09","143.13K","-1.35%"
"2023-07-21","1,891.75","1,891.68","1,905.57","1,884.95","176.39K","0.03%"
"2023-07-20","1,891.23","1,888.64","1,928.36","1,879.39","321.92K","0.14%"
"2023-07-19","1,888.65","1,897.58","1,920.48","1,882.18","244.92K","-0.47%"
"2023-07-18","1,897.58","1,911.24","1,917.21","1,877.52","233.00K","-0.71%"
"2023-07-17","1,911.24","1,922.45","1,935.99","1,876.00","293.54K","-0.58%"
"2023-07-16","1,922.45","1,931.43","1,942.55","1,918.01","158.59K","-0.46%"
"2023-07-15","1,931.42","1,938.05","1,946.10","1,926.83","145.89K","-0.34%"
"2023-07-14","1,938.05","2,004.77","2,025.56","1,900.22","530.86K","-3.33%"
"2023-07-13","2,004.77","1,871.86","2,010.75","1,863.22","588.53K","7.10%"
"2023-07-12","1,871.86","1,878.33","1,901.45","1,865.11","280.91K","-0.34%"
"2023-07-11","1,878.33","1,880.42","1,889.83","1,863.93","191.47K","-0.11%"
"2023-07-10","1,880.42","1,862.91","1,903.82","1,846.71","264.83K","0.94%"
"2023-07-09","1,862.91","1,865.28","1,878.22","1,856.97","145.47K","-0.13%"
"2023-07-08","1,865.28","1,870.92","1,873.16","1,843.82","136.69K","-0.30%"
"2023-07-07","1,870.92","1,848.29","1,877.51","1,827.35","249.82K","1.22%"
"2023-07-06","1,848.36","1,910.43","1,957.58","1,847.01","483.00K","-3.25%"
"2023-07-05","1,910.43","1,936.21","1,942.15","1,896.43","284.34K","-1.33%"
"2023-07-04","1,936.19","1,955.56","1,966.03","1,931.64","226.10K","-0.99%"
"2023-07-03","1,955.56","1,937.57","1,974.61","1,934.51","346.33K","0.93%"
"2023-07-02","1,937.57","1,924.53","1,958.36","1,893.68","283.61K","0.68%"
"2023-07-01","1,924.53","1,933.80","1,943.20","1,909.92","189.41K","-0.48%"
"2023-06-30","1,933.80","1,851.92","1,943.65","1,837.49","765.42K","4.42%"
"2023-06-29","1,851.92","1,827.95","1,878.86","1,827.95","256.22K","1.31%"
"2023-06-28","1,827.95","1,889.51","1,890.11","1,821.94","356.71K","-3.26%"
"2023-06-27","1,889.51","1,859.00","1,911.73","1,856.19","386.05K","1.64%"
"2023-06-26","1,859.00","1,898.80","1,906.07","1,840.63","479.76K","-2.10%"
"2023-06-25","1,898.80","1,875.00","1,929.61","1,869.28","356.99K","1.27%"
"2023-06-24","1,875.00","1,891.98","1,904.04","1,865.77","239.37K","-0.90%"
"2023-06-23","1,891.97","1,872.29","1,932.23","1,864.60","428.03K","1.05%"
"2023-06-22","1,872.32","1,889.87","1,931.60","1,866.66","438.75K","-0.93%"
"2023-06-21","1,889.87","1,791.64","1,899.11","1,787.59","653.63K","5.48%"
"2023-06-20","1,791.61","1,737.06","1,793.35","1,715.20","359.77K","3.14%"
"2023-06-19","1,737.06","1,720.98","1,748.05","1,706.40","263.64K","0.93%"
"2023-06-18","1,720.98","1,727.79","1,746.40","1,715.90","167.46K","-0.39%"
"2023-06-17","1,727.79","1,717.92","1,764.06","1,714.30","227.93K","0.57%"
"2023-06-16","1,717.92","1,666.96","1,728.35","1,653.68","333.35K","3.06%"
"2023-06-15","1,666.96","1,650.96","1,678.94","1,632.50","397.40K","0.97%"
"2023-06-14","1,650.96","1,739.60","1,749.90","1,636.49","451.13K","-5.10%"
"2023-06-13","1,739.60","1,742.60","1,763.15","1,727.64","303.23K","-0.17%"
"2023-06-12","1,742.60","1,752.80","1,757.79","1,722.92","320.47K","-0.58%"
"2023-06-11","1,752.80","1,751.56","1,775.87","1,740.02","232.04K","0.07%"
"2023-06-10","1,751.56","1,840.41","1,844.23","1,719.16","696.59K","-4.83%"
"2023-06-09","1,840.41","1,845.68","1,854.72","1,828.66","215.71K","-0.29%"
"2023-06-08","1,845.68","1,832.10","1,860.53","1,829.38","202.78K","0.74%"
"2023-06-07","1,832.10","1,884.63","1,893.73","1,823.42","454.83K","-2.76%"
"2023-06-06","1,884.17","1,811.19","1,895.79","1,800.75","518.57K","4.03%"
"2023-06-05","1,811.20","1,890.00","1,890.53","1,782.82","588.61K","-4.17%"
"2023-06-04","1,890.04","1,892.05","1,914.12","1,884.54","183.07K","-0.11%"
"2023-06-03","1,892.05","1,907.10","1,907.90","1,884.17","157.10K","-0.79%"
"2023-06-02","1,907.10","1,861.77","1,910.01","1,847.84","329.16K","2.43%"
"2023-06-01","1,861.77","1,873.62","1,888.07","1,846.23","286.98K","-0.63%"
"2023-05-31","1,873.63","1,900.59","1,906.21","1,852.00","337.87K","-1.42%"
"2023-05-30","1,900.59","1,892.61","1,915.91","1,882.97","288.67K","0.42%"
"2023-05-29","1,892.61","1,908.37","1,925.74","1,878.33","338.07K","-0.83%"
"2023-05-28","1,908.35","1,829.91","1,914.92","1,824.70","401.09K","4.29%"
"2023-05-27","1,829.91","1,827.80","1,835.94","1,817.35","147.46K","0.12%"
"2023-05-26","1,827.80","1,805.62","1,837.39","1,798.10","290.89K","1.22%"
"2023-05-25","1,805.69","1,799.91","1,817.05","1,764.92","370.60K","0.32%"
"2023-05-24","1,799.91","1,854.08","1,854.08","1,781.70","441.64K","-2.92%"
"2023-05-23","1,854.08","1,817.19","1,868.89","1,815.41","428.05K","2.03%"
"2023-05-22","1,817.19","1,804.89","1,827.38","1,792.35","250.27K","0.68%"
"2023-05-21","1,804.89","1,819.66","1,827.47","1,799.03","170.05K","-0.81%"
"2023-05-20","1,819.68","1,812.32","1,828.06","1,807.08","134.46K","0.41%"
"2023-05-19","1,812.32","1,800.95","1,829.33","1,796.99","253.50K","0.63%"
"2023-05-18","1,800.99","1,822.12","1,831.51","1,774.77","311.24K","-1.14%"
"2023-05-17","1,821.73","1,823.98","1,834.44","1,785.78","376.26K","-0.12%"
"2023-05-16","1,823.98","1,817.11","1,830.01","1,797.60","325.77K","0.38%"
"2023-05-15","1,817.11","1,799.36","1,845.27","1,786.61","405.84K","0.99%"
"2023-05-14","1,799.36","1,795.11","1,822.93","1,791.86","229.74K","0.25%"
"2023-05-13","1,794.95","1,807.31","1,814.55","1,786.23","223.65K","-0.68%"
"2023-05-12","1,807.31","1,794.71","1,812.46","1,741.48","598.87K","0.70%"
"2023-05-11","1,794.71","1,840.92","1,841.04","1,774.30","548.42K","-2.51%"
"2023-05-10","1,840.92","1,846.56","1,886.83","1,797.07","685.11K","-0.31%"
"2023-05-09","1,846.56","1,847.48","1,858.57","1,832.05","318.79K","-0.05%"
"2023-05-08","1,847.48","1,871.03","1,883.54","1,813.63","667.82K","-1.26%"
"2023-05-07","1,870.99","1,896.48","1,931.39","1,870.94","441.65K","-1.34%"
"2023-05-06","1,896.48","1,993.33","2,013.10","1,868.09","658.63K","-4.86%"
"2023-05-05","1,993.33","1,877.06","1,996.64","1,875.66","589.05K","6.19%"
"2023-05-04","1,877.06","1,904.76","1,915.15","1,868.18","372.69K","-1.45%"
"2023-05-03","1,904.74","1,869.74","1,915.00","1,844.72","489.66K","1.87%"
"2023-05-02","1,869.74","1,830.75","1,878.70","1,823.25","391.27K","2.13%"
"2023-05-01","1,830.75","1,869.05","1,885.70","1,807.30","475.92K","-2.04%"
"2023-04-30","1,868.88","1,907.80","1,937.86","1,868.88","377.71K","-2.04%"
"2023-04-29","1,907.80","1,890.93","1,915.90","1,886.27","193.47K","0.88%"
"2023-04-28","1,891.14","1,908.79","1,922.85","1,875.03","408.45K","-0.93%"
"2023-04-27","1,908.81","1,866.05","1,937.55","1,862.37","771.48K","2.29%"
"2023-04-26","1,866.05","1,865.95","1,963.46","1,793.76","958.23K","0.01%"
"2023-04-25","1,865.95","1,841.88","1,877.54","1,804.20","491.98K","1.31%"
"2023-04-24","1,841.88","1,862.04","1,889.09","1,809.80","480.28K","-1.08%"
"2023-04-23","1,862.05","1,873.96","1,881.92","1,839.05","368.77K","-0.63%"
"2023-04-22","1,873.95","1,848.88","1,886.22","1,845.73","351.72K","1.30%"
"2023-04-21","1,849.81","1,942.72","1,955.35","1,831.47","769.94K","-4.78%"
"2023-04-20","1,942.72","1,935.97","1,977.95","1,917.71","665.65K","0.35%"
"2023-04-19","1,935.97","2,103.36","2,104.31","1,925.00","855.36K","-7.96%"
"2023-04-18","2,103.34","2,074.74","2,121.27","2,056.86","437.10K","1.38%"
"2023-04-17","2,074.74","2,118.61","2,119.18","2,062.17","448.14K","-2.10%"
"2023-04-16","2,119.29","2,090.59","2,137.56","2,073.26","342.43K","1.37%"
"2023-04-15","2,090.59","2,099.98","2,110.30","2,074.33","340.60K","-0.45%"
"2023-04-14","2,099.98","2,012.12","2,127.56","2,009.53","957.03K","4.37%"
"2023-04-13","2,012.11","1,916.59","2,018.73","1,899.96","721.56K","4.98%"
"2023-04-12","1,916.58","1,889.86","1,930.46","1,857.35","669.43K","1.41%"
"2023-04-11","1,889.86","1,910.35","1,935.75","1,884.64","428.26K","-1.07%"
"2023-04-10","1,910.36","1,858.90","1,916.53","1,847.39","457.41K","2.77%"
"2023-04-09","1,858.90","1,848.93","1,871.87","1,825.60","306.40K","0.54%"
"2023-04-08","1,848.93","1,863.45","1,879.11","1,847.72","207.67K","-0.78%"
"2023-04-07","1,863.46","1,872.35","1,882.56","1,844.43","298.77K","-0.47%"
"2023-04-06","1,872.35","1,908.95","1,908.95","1,855.89","420.80K","-1.92%"
"2023-04-05","1,908.96","1,870.52","1,936.10","1,864.64","583.84K","2.05%"
"2023-04-04","1,870.52","1,810.77","1,887.33","1,802.51","658.37K","3.30%"
"2023-04-03","1,810.77","1,795.01","1,838.71","1,764.26","657.58K","0.88%"
"2023-04-02","1,795.01","1,820.78","1,824.32","1,775.81","334.84K","-1.42%"
"2023-04-01","1,820.78","1,821.62","1,840.27","1,811.67","283.39K","-0.05%"
"2023-03-31","1,821.62","1,793.59","1,845.54","1,782.26","579.01K","1.56%"
"2023-03-30","1,793.59","1,793.16","1,828.91","1,766.90","607.74K","0.02%"
"2023-03-29","1,793.27","1,772.64","1,825.01","1,772.64","564.93K","1.16%"
"2023-03-28","1,772.63","1,714.65","1,792.38","1,702.95","561.33K","3.38%"
"2023-03-27","1,714.65","1,773.91","1,780.06","1,691.38","607.00K","-3.35%"
"2023-03-26","1,774.06","1,742.32","1,796.77","1,739.39","371.97K","1.82%"
"2023-03-25","1,742.34","1,749.28","1,761.66","1,714.43","368.84K","-0.40%"
"2023-03-24","1,749.26","1,813.62","1,818.53","1,728.69","602.30K","-3.57%"
"2023-03-23","1,814.08","1,734.32","1,852.48","1,729.38","767.73K","4.59%"
"2023-03-22","1,734.48","1,801.58","1,818.47","1,711.05","933.24K","-3.83%"
"2023-03-21","1,803.54","1,732.32","1,833.12","1,719.55","779.81K","4.11%"
"2023-03-20","1,732.31","1,780.12","1,802.76","1,723.90","716.26K","-2.65%"
"2023-03-19","1,779.47","1,758.70","1,838.84","1,758.66","574.73K","1.18%"
"2023-03-18","1,758.70","1,789.38","1,833.82","1,751.14","763.06K","-1.71%"
"2023-03-17","1,789.38","1,673.76","1,796.74","1,663.67","975.13K","6.90%"
"2023-03-16","1,673.85","1,649.66","1,689.09","1,634.21","660.14K","1.47%"
"2023-03-15","1,649.65","1,700.14","1,716.56","1,614.93","1.02M","-2.97%"
"2023-03-14","1,700.15","1,673.83","1,776.65","1,655.74","1.36M","1.57%"
"2023-03-13","1,673.93","1,580.28","1,690.18","1,565.83","1.30M","5.93%"
"2023-03-12","1,580.24","1,472.08","1,585.09","1,452.33","1.06M","7.42%"
"2023-03-11","1,471.15","1,426.74","1,475.92","1,408.58","1.43M","3.11%"
"2023-03-10","1,426.75","1,437.49","1,437.49","1,371.47","1.01M","-0.82%"
"2023-03-09","1,438.50","1,533.04","1,545.98","1,413.17","764.77K","-6.17%"
"2023-03-08","1,533.04","1,561.79","1,569.70","1,531.28","478.44K","-1.84%"
"2023-03-07","1,561.78","1,565.84","1,580.95","1,536.31","460.10K","-0.26%"
"2023-03-06","1,565.84","1,564.36","1,581.13","1,555.43","322.16K","0.09%"
"2023-03-05","1,564.37","1,566.73","1,587.95","1,556.84","313.01K","-0.15%"
"2023-03-04","1,566.73","1,569.45","1,577.02","1,550.10","247.02K","-0.14%"
"2023-03-03","1,568.89","1,647.86","1,649.19","1,547.61","783.74K","-4.76%"
"2023-03-02","1,647.38","1,666.09","1,677.45","1,620.20","440.63K","-1.12%"
"2023-03-01","1,666.09","1,604.69","1,668.55","1,595.40","497.12K","3.83%"
"2023-02-28","1,604.69","1,633.66","1,646.33","1,598.67","411.49K","-1.77%"
"2023-02-27","1,633.66","1,641.59","1,664.98","1,609.82","458.53K","-0.48%"
"2023-02-26","1,641.60","1,594.66","1,648.77","1,588.65","326.58K","2.94%"
"2023-02-25","1,594.66","1,608.24","1,608.62","1,562.10","309.29K","-0.84%"
"2023-02-24","1,608.24","1,650.52","1,663.82","1,579.68","548.07K","-2.56%"
"2023-02-23","1,650.52","1,643.39","1,678.20","1,630.94","529.75K","0.43%"
"2023-02-22","1,643.39","1,659.41","1,666.39","1,600.79","560.40K","-0.97%"
"2023-02-21","1,659.41","1,703.29","1,716.35","1,637.16","554.52K","-2.58%"
"2023-02-20","1,703.27","1,681.49","1,719.10","1,651.54","478.59K","1.29%"
"2023-02-19","1,681.52","1,691.62","1,722.28","1,670.97","427.00K","-0.60%"
"2023-02-18","1,691.62","1,693.96","1,708.87","1,681.17","283.51K","-0.14%"
"2023-02-17","1,693.96","1,640.66","1,720.06","1,631.92","617.21K","3.25%"
"2023-02-16","1,640.66","1,675.43","1,738.87","1,634.97","894.27K","-2.08%"
"2023-02-15","1,675.43","1,555.45","1,676.94","1,542.80","627.07K","7.71%"
"2023-02-14","1,555.46","1,505.85","1,565.20","1,494.30","705.28K","3.29%"
"2023-02-13","1,505.84","1,515.44","1,525.56","1,464.10","681.85K","-0.63%"
"2023-02-12","1,515.44","1,538.34","1,547.30","1,495.05","302.73K","-1.49%"
"2023-02-11","1,538.34","1,513.12","1,542.64","1,508.07","306.24K","1.62%"
"2023-02-10","1,513.82","1,545.35","1,554.19","1,499.49","523.33K","-2.04%"
"2023-02-09","1,545.35","1,650.97","1,655.96","1,530.98","702.21K","-6.40%"
"2023-02-08","1,650.99","1,671.39","1,694.28","1,631.15","447.57K","-1.22%"
"2023-02-07","1,671.40","1,613.72","1,676.83","1,613.20","481.91K","3.57%"
"2023-02-06","1,613.72","1,629.44","1,657.75","1,606.59","401.03K","-0.96%"
"2023-02-05","1,629.44","1,666.90","1,671.88","1,612.70","435.14K","-2.25%"
"2023-02-04","1,666.90","1,663.78","1,694.58","1,646.11","328.66K","0.19%"
"2023-02-03","1,663.79","1,641.70","1,673.59","1,628.73","489.79K","1.34%"
"2023-02-02","1,641.71","1,642.10","1,710.27","1,632.39","685.27K","-0.02%"
"2023-02-01","1,642.10","1,585.27","1,647.27","1,560.18","505.44K","3.59%"
"2023-01-31","1,585.27","1,566.50","1,602.03","1,562.04","368.94K","1.20%"
"2023-01-30","1,566.50","1,645.97","1,647.25","1,540.25","630.55K","-4.83%"
"2023-01-29","1,645.97","1,572.13","1,657.19","1,566.90","595.67K","4.63%"
"2023-01-28","1,573.07","1,597.61","1,605.96","1,561.24","332.62K","-1.54%"
"2023-01-27","1,597.60","1,602.54","1,620.15","1,560.21","533.75K","-0.31%"
"2023-01-26","1,602.55","1,611.20","1,629.89","1,581.76","552.26K","-0.54%"
"2023-01-25","1,611.20","1,555.97","1,638.97","1,523.71","681.59K","3.54%"
"2023-01-24","1,556.15","1,626.52","1,641.17","1,539.51","493.47K","-4.33%"
"2023-01-23","1,626.53","1,627.04","1,643.82","1,591.90","436.57K","-0.03%"
"2023-01-22","1,627.03","1,626.66","1,662.13","1,609.32","456.36K","0.09%"
"2023-01-21","1,625.53","1,659.96","1,678.27","1,622.89","523.34K","-2.08%"
"2023-01-20","1,659.98","1,551.12","1,662.26","1,543.21","472.15K","6.98%"
"2023-01-19","1,551.62","1,511.35","1,560.70","1,510.65","329.04K","2.67%"
"2023-01-18","1,511.31","1,564.66","1,604.74","1,505.37","801.71K","-3.41%"
"2023-01-17","1,564.67","1,576.94","1,603.32","1,544.45","536.73K","-0.78%"
"2023-01-16","1,576.94","1,552.69","1,598.18","1,526.40","617.00K","1.56%"
"2023-01-15","1,552.69","1,550.05","1,564.34","1,517.40","411.43K","0.17%"
"2023-01-14","1,550.02","1,450.86","1,576.83","1,449.47","1.03M","6.83%"
"2023-01-13","1,450.86","1,416.08","1,463.53","1,401.98","552.05K","2.46%"
"2023-01-12","1,416.08","1,389.84","1,435.95","1,365.78","960.62K","1.89%"
"2023-01-11","1,389.84","1,335.14","1,392.40","1,322.10","509.99K","4.10%"
"2023-01-10","1,335.13","1,320.51","1,344.42","1,316.95","487.24K","1.11%"
"2023-01-09","1,320.51","1,288.39","1,344.39","1,285.97","629.22K","2.49%"
"2023-01-08","1,288.38","1,263.91","1,289.13","1,259.15","231.75K","1.94%"
"2023-01-07","1,263.90","1,269.14","1,270.95","1,261.46","141.94K","-0.41%"
"2023-01-06","1,269.14","1,250.95","1,274.85","1,240.38","369.54K","1.45%"
"2023-01-05","1,250.95","1,256.92","1,259.08","1,242.93","289.49K","-0.47%"
"2023-01-04","1,256.92","1,214.57","1,266.97","1,212.91","504.28K","3.49%"
"2023-01-03","1,214.57","1,213.93","1,219.75","1,206.83","219.98K","0.05%"
"2023-01-02","1,213.93","1,200.52","1,220.76","1,193.77","270.72K","1.12%"
"2023-01-01","1,200.52","1,195.69","1,204.12","1,191.67","126.62K","0.41%"
"2022-12-31","1,195.67","1,200.00","1,207.71","1,193.16","150.20K","-0.34%"
"2022-12-30","1,199.80","1,200.84","1,202.13","1,186.10","285.77K","-0.09%"
"2022-12-29","1,200.84","1,189.99","1,205.34","1,187.19","272.59K","0.91%"
"2022-12-28","1,189.98","1,211.60","1,214.32","1,184.22","407.45K","-1.78%"
"2022-12-27","1,211.60","1,228.22","1,233.15","1,202.02","290.02K","-1.31%"
"2022-12-26","1,227.65","1,218.69","1,230.37","1,213.08","177.66K","0.73%"
"2022-12-25","1,218.69","1,220.46","1,223.82","1,201.20","256.52K","-0.15%"
"2022-12-24","1,220.46","1,220.03","1,226.20","1,214.76","131.51K","0.04%"
"2022-12-23","1,220.03","1,217.59","1,228.46","1,212.97","301.17K","0.20%"
"2022-12-22","1,217.57","1,213.99","1,229.47","1,185.27","383.63K","0.31%"
"2022-12-21","1,213.85","1,217.19","1,218.69","1,205.48","269.18K","-0.28%"
"2022-12-20","1,217.20","1,167.80","1,228.97","1,163.57","497.61K","4.23%"
"2022-12-19","1,167.80","1,182.70","1,194.47","1,152.54","337.02K","-1.26%"
"2022-12-18","1,182.70","1,187.19","1,196.55","1,172.82","272.63K","-0.38%"
"2022-12-17","1,187.18","1,166.70","1,189.21","1,162.76","363.23K","1.75%"
"2022-12-16","1,166.70","1,266.32","1,279.27","1,156.91","829.23K","-7.87%"
"2022-12-15","1,266.32","1,307.29","1,311.07","1,260.89","446.34K","-3.13%"
"2022-12-14","1,307.30","1,320.76","1,348.43","1,302.76","614.31K","-1.02%"
"2022-12-13","1,320.76","1,275.49","1,345.07","1,255.82","717.71K","3.59%"
"2022-12-12","1,275.02","1,263.42","1,278.37","1,241.45","395.62K","0.92%"
"2022-12-11","1,263.42","1,266.36","1,282.86","1,258.53","192.46K","-0.25%"
"2022-12-10","1,266.62","1,262.88","1,281.24","1,260.05","193.32K","0.30%"
"2022-12-09","1,262.86","1,280.29","1,291.11","1,257.00","437.55K","-1.36%"
"2022-12-08","1,280.29","1,231.04","1,289.87","1,223.27","447.07K","4.00%"
"2022-12-07","1,231.04","1,271.24","1,275.30","1,221.10","422.12K","-3.16%"
"2022-12-06","1,271.26","1,259.56","1,273.92","1,243.66","342.16K","0.93%"
"2022-12-05","1,259.56","1,279.21","1,303.92","1,248.69","430.54K","-1.58%"
"2022-12-04","1,279.74","1,240.46","1,284.24","1,240.14","344.96K","3.17%"
"2022-12-03","1,240.46","1,295.69","1,302.61","1,237.81","373.79K","-4.26%"
"2022-12-02","1,295.69","1,276.05","1,295.80","1,266.16","393.37K","1.54%"
"2022-12-01","1,276.05","1,294.40","1,295.82","1,263.58","453.59K","-1.42%"
"2022-11-30","1,294.41","1,216.54","1,304.97","1,213.44","858.51K","6.40%"
"2022-11-29","1,216.55","1,167.73","1,226.35","1,159.72","549.93K","4.18%"
"2022-11-28","1,167.73","1,193.38","1,199.06","1,151.98","518.17K","-2.15%"
"2022-11-27","1,193.38","1,205.17","1,222.83","1,191.09","306.64K","-0.98%"
"2022-11-26","1,205.15","1,198.12","1,229.20","1,196.93","413.09K","0.59%"
"2022-11-25","1,198.12","1,203.77","1,204.75","1,172.63","426.96K","-0.47%"
"2022-11-24","1,203.77","1,185.70","1,217.38","1,180.91","544.83K","1.52%"
"2022-11-23","1,185.79","1,139.74","1,189.17","1,128.53","688.96K","4.04%"
"2022-11-22","1,139.74","1,107.46","1,141.58","1,077.85","815.18K","2.91%"
"2022-11-21","1,107.46","1,142.88","1,143.96","1,081.96","981.81K","-3.10%"
"2022-11-20","1,142.88","1,217.65","1,226.14","1,135.57","564.89K","-6.14%"
"2022-11-19","1,217.65","1,208.92","1,231.15","1,207.34","225.46K","0.86%"
"2022-11-18","1,207.31","1,206.99","1,225.39","1,201.47","388.69K","0.18%"
"2022-11-17","1,205.17","1,206.16","1,227.73","1,185.58","567.61K","-0.08%"
"2022-11-16","1,206.16","1,253.45","1,267.62","1,188.76","705.31K","-3.77%"
"2022-11-15","1,253.45","1,242.64","1,289.21","1,235.39","686.18K","0.87%"
"2022-11-14","1,242.64","1,221.47","1,289.01","1,175.42","1.01M","1.73%"
"2022-11-13","1,221.47","1,256.29","1,274.24","1,205.61","597.25K","-2.77%"
"2022-11-12","1,256.29","1,288.71","1,291.39","1,239.34","602.58K","-2.51%"
"2022-11-11","1,288.63","1,299.21","1,307.16","1,203.04","1.45M","-0.81%"
"2022-11-10","1,299.15","1,100.86","1,346.92","1,089.01","2.19M","18.01%"
"2022-11-09","1,100.84","1,335.26","1,337.19","1,076.29","2.92M","-17.56%"
"2022-11-08","1,335.25","1,567.54","1,576.10","1,241.18","2.87M","-14.82%"
"2022-11-07","1,567.57","1,570.71","1,608.06","1,547.29","719.30K","-0.21%"
"2022-11-06","1,570.86","1,626.86","1,637.44","1,565.79","464.26K","-3.45%"
"2022-11-05","1,627.07","1,645.03","1,664.42","1,623.48","404.02K","-1.09%"
"2022-11-04","1,645.01","1,531.06","1,666.17","1,528.60","1.07M","7.44%"
"2022-11-03","1,531.08","1,518.99","1,558.75","1,515.75","631.90K","0.79%"
"2022-11-02","1,519.04","1,579.59","1,618.82","1,503.29","1.14M","-3.84%"
"2022-11-01","1,579.64","1,572.89","1,609.10","1,564.69","593.31K","0.43%"
"2022-10-31","1,572.89","1,590.47","1,634.17","1,550.72","938.65K","-1.11%"
"2022-10-30","1,590.47","1,619.67","1,638.60","1,577.35","542.49K","-1.80%"
"2022-10-29","1,619.69","1,554.47","1,660.13","1,548.83","1.05M","4.20%"
"2022-10-28","1,554.47","1,514.14","1,572.66","1,489.99","966.35K","2.66%"
"2022-10-27","1,514.19","1,566.18","1,575.90","1,508.24","1.02M","-3.32%"
"2022-10-26","1,566.16","1,459.60","1,590.23","1,458.61","1.43M","7.30%"
"2022-10-25","1,459.60","1,343.88","1,522.06","1,335.38","1.28M","8.61%"
"2022-10-24","1,343.88","1,364.19","1,369.35","1,324.25","665.58K","-1.47%"
"2022-10-23","1,363.92","1,313.64","1,370.91","1,301.80","473.61K","3.83%"
"2022-10-22","1,313.64","1,299.76","1,318.84","1,294.61","244.20K","1.07%"
"2022-10-21","1,299.76","1,282.87","1,306.27","1,257.83","525.54K","1.32%"
"2022-10-20","1,282.87","1,285.33","1,310.47","1,272.79","483.19K","-0.19%"
"2022-10-19","1,285.32","1,310.81","1,313.46","1,282.44","406.74K","-1.94%"
"2022-10-18","1,310.81","1,331.40","1,341.21","1,287.58","625.85K","-1.53%"
"2022-10-17","1,331.12","1,305.95","1,338.39","1,296.45","498.15K","1.93%"
"2022-10-16","1,305.95","1,274.93","1,314.52","1,274.66","333.15K","2.46%"
"2022-10-15","1,274.57","1,296.74","1,301.48","1,264.86","321.11K","-1.71%"
"2022-10-14","1,296.74","1,287.33","1,342.01","1,284.08","734.03K","0.73%"
"2022-10-13","1,287.34","1,294.56","1,299.74","1,196.63","1.09M","-0.56%"
"2022-10-12","1,294.57","1,279.97","1,304.45","1,275.77","418.57K","1.14%"
"2022-10-11","1,279.97","1,290.00","1,297.59","1,269.35","498.63K","-0.78%"
"2022-10-10","1,290.04","1,323.17","1,337.58","1,288.68","451.44K","-2.52%"
"2022-10-09","1,323.41","1,315.08","1,328.55","1,308.15","210.50K","0.64%"
"2022-10-08","1,315.05","1,331.07","1,336.69","1,304.08","227.70K","-1.20%"
"2022-10-07","1,330.99","1,352.17","1,361.26","1,319.17","574.76K","-1.57%"
"2022-10-06","1,352.27","1,352.07","1,383.02","1,347.78","680.65K","0.01%"
"2022-10-05","1,352.07","1,361.51","1,364.03","1,317.58","564.42K","-0.69%"
"2022-10-04","1,361.48","1,323.37","1,367.30","1,318.87","550.05K","2.88%"
"2022-10-03","1,323.41","1,277.02","1,329.16","1,266.86","604.19K","3.74%"
"2022-10-02","1,275.74","1,311.80","1,317.41","1,272.38","432.45K","-2.75%"
"2022-10-01","1,311.80","1,328.73","1,333.61","1,303.22","293.02K","-1.27%"
"2022-09-30","1,328.73","1,336.05","1,372.44","1,316.62","866.63K","-0.55%"
"2022-09-29","1,336.08","1,337.34","1,351.61","1,289.66","871.66K","-0.10%"
"2022-09-28","1,337.37","1,328.23","1,354.75","1,261.29","1.08M","0.69%"
"2022-09-27","1,328.23","1,337.07","1,399.67","1,305.49","1.00M","-0.66%"
"2022-09-26","1,337.06","1,294.24","1,339.17","1,279.71","1.05M","3.31%"
"2022-09-25","1,294.26","1,317.01","1,335.73","1,271.87","579.09K","-1.73%"
"2022-09-24","1,317.00","1,327.91","1,348.91","1,307.96","559.42K","-0.83%"
"2022-09-23","1,327.96","1,326.12","1,356.74","1,264.91","1.16M","0.11%"
"2022-09-22","1,326.44","1,247.64","1,346.38","1,237.96","1.11M","6.31%"
"2022-09-21","1,247.74","1,323.34","1,388.38","1,222.29","1.39M","-5.71%"
"2022-09-20","1,323.33","1,375.96","1,384.39","1,315.03","765.14K","-3.83%"
"2022-09-19","1,376.00","1,334.82","1,391.50","1,284.50","1.11M","3.07%"
"2022-09-18","1,335.01","1,468.76","1,469.21","1,327.21","934.28K","-9.11%"
"2022-09-17","1,468.79","1,434.01","1,475.05","1,409.65","483.78K","2.43%"
"2022-09-16","1,434.01","1,472.63","1,483.43","1,410.90","829.01K","-2.62%"
"2022-09-15","1,472.64","1,637.89","1,653.55","1,461.16","1.66M","-10.09%"
"2022-09-14","1,637.92","1,574.41","1,646.09","1,556.97","858.28K","4.03%"
"2022-09-13","1,574.47","1,716.45","1,751.50","1,562.30","1.30M","-8.27%"
"2022-09-12","1,716.42","1,766.99","1,782.74","1,694.08","727.78K","-2.86%"
"2022-09-11","1,766.93","1,774.38","1,786.73","1,722.62","467.42K","-0.42%"
"2022-09-10","1,774.38","1,718.84","1,788.10","1,707.81","470.19K","3.23%"
"2022-09-09","1,718.81","1,635.33","1,743.47","1,631.17","969.87K","5.14%"
"2022-09-08","1,634.85","1,629.63","1,660.56","1,595.90","772.84K","0.33%"
"2022-09-07","1,629.51","1,557.85","1,657.05","1,493.19","976.59K","4.60%"
"2022-09-06","1,557.85","1,617.40","1,686.23","1,556.09","1.18M","-3.66%"
"2022-09-05","1,617.07","1,578.90","1,628.77","1,557.66","571.75K","2.42%"
"2022-09-04","1,578.89","1,557.35","1,580.81","1,541.16","339.06K","1.37%"
"2022-09-03","1,557.55","1,575.31","1,581.37","1,535.98","378.79K","-1.13%"
"2022-09-02","1,575.34","1,585.55","1,647.50","1,547.68","1.04M","-0.64%"
"2022-09-01","1,585.48","1,554.57","1,597.48","1,514.75","823.90K","1.95%"
"2022-08-31","1,555.12","1,523.39","1,617.09","1,523.39","1.07M","2.09%"
"2022-08-30","1,523.34","1,552.56","1,605.30","1,475.68","1.14M","-1.88%"
"2022-08-29","1,552.60","1,426.25","1,559.46","1,424.33","931.76K","8.86%"
"2022-08-28","1,426.25","1,490.88","1,507.92","1,424.69","633.35K","-4.33%"
"2022-08-27","1,490.83","1,508.32","1,518.14","1,449.31","866.82K","-1.14%"
"2022-08-26","1,508.08","1,695.38","1,703.32","1,490.67","1.34M","-11.05%"
"2022-08-25","1,695.37","1,656.64","1,720.84","1,654.77","677.67K","2.34%"
"2022-08-24","1,656.64","1,665.30","1,691.25","1,606.06","827.20K","-0.50%"
"2022-08-23","1,664.89","1,626.70","1,672.63","1,564.37","1.05M","2.34%"
"2022-08-22","1,626.75","1,618.21","1,627.13","1,531.91","1.04M","0.53%"
"2022-08-21","1,618.25","1,575.61","1,644.88","1,563.92","852.07K","2.71%"
"2022-08-20","1,575.60","1,609.01","1,654.84","1,525.51","1.01M","-2.11%"
"2022-08-19","1,609.48","1,846.52","1,846.97","1,607.60","1.59M","-12.84%"
"2022-08-18","1,846.51","1,834.19","1,880.22","1,822.04","675.27K","0.67%"
"2022-08-17","1,834.18","1,876.69","1,956.54","1,821.00","1.10M","-2.27%"
"2022-08-16","1,876.70","1,900.08","1,914.06","1,856.44","725.78K","-1.24%"
"2022-08-15","1,900.25","1,935.10","2,012.02","1,873.70","1.09M","-1.80%"
"2022-08-14","1,935.10","1,983.52","2,028.40","1,909.19","662.15K","-2.44%"
"2022-08-13","1,983.50","1,957.62","2,018.97","1,946.65","798.08K","1.32%"
"2022-08-12","1,957.63","1,880.30","1,961.83","1,856.64","834.69K","4.11%"
"2022-08-11","1,880.28","1,853.50","1,931.06","1,850.72","1.31M","1.45%"
"2022-08-10","1,853.46","1,702.80","1,881.39","1,657.78","1.52M","8.85%"
"2022-08-09","1,702.80","1,778.15","1,789.55","1,668.79","960.58K","-4.25%"
"2022-08-08","1,778.42","1,700.26","1,813.45","1,694.69","951.02K","4.59%"
"2022-08-07","1,700.29","1,690.29","1,728.97","1,669.39","530.48K","0.59%"
"2022-08-06","1,690.27","1,737.66","1,749.33","1,687.74","696.11K","-2.73%"
"2022-08-05","1,737.71","1,607.00","1,740.33","1,605.71","1.21M","8.14%"
"2022-08-04","1,606.94","1,618.07","1,661.15","1,581.18","881.56K","-0.69%"
"2022-08-03","1,618.08","1,631.46","1,682.23","1,591.60","906.08K","-0.82%"
"2022-08-02","1,631.48","1,630.07","1,675.51","1,560.17","1.25M","0.08%"
"2022-08-01","1,630.10","1,679.98","1,702.81","1,607.29","959.53K","-2.97%"
"2022-07-31","1,680.00","1,695.99","1,752.94","1,667.41","822.23K","-0.94%"
"2022-07-30","1,695.97","1,720.80","1,741.34","1,674.42","891.42K","-1.44%"
"2022-07-29","1,720.77","1,725.97","1,764.74","1,658.26","1.44M","-0.30%"
"2022-07-28","1,726.01","1,635.99","1,781.39","1,597.67","1.87M","5.50%"
"2022-07-27","1,636.01","1,449.65","1,643.70","1,421.17","1.80M","12.77%"
"2022-07-26","1,450.70","1,438.76","1,451.46","1,357.70","1.42M","0.85%"
"2022-07-25","1,438.52","1,598.19","1,608.06","1,438.50","1.65M","-9.99%"
"2022-07-24","1,598.19","1,549.61","1,659.93","1,547.70","1.18M","3.14%"
"2022-07-23","1,549.61","1,534.85","1,596.02","1,490.35","1.03M","0.96%"
"2022-07-22","1,534.85","1,575.68","1,644.99","1,520.36","1.43M","-2.59%"
"2022-07-21","1,575.68","1,520.66","1,600.35","1,465.93","1.55M","3.62%"
"2022-07-20","1,520.64","1,543.45","1,618.43","1,488.73","1.65M","-1.48%"
"2022-07-19","1,543.50","1,584.33","1,620.35","1,494.88","2.18M","-2.60%"
"2022-07-18","1,584.77","1,337.92","1,590.95","1,336.75","2.37M","18.46%"
"2022-07-17","1,337.85","1,356.00","1,385.23","1,323.23","1.41M","-1.34%"
"2022-07-16","1,356.08","1,231.03","1,399.16","1,192.18","1.77M","10.16%"
"2022-07-15","1,231.03","1,192.83","1,284.76","1,182.22","1.74M","3.21%"
"2022-07-14","1,192.75","1,115.80","1,210.17","1,072.58","1.86M","6.89%"
"2022-07-13","1,115.83","1,038.60","1,116.51","1,012.29","2.48M","7.44%"
"2022-07-12","1,038.56","1,096.41","1,097.75","1,035.82","1.49M","-5.28%"
"2022-07-11","1,096.43","1,167.35","1,170.63","1,093.28","1.34M","-6.08%"
"2022-07-10","1,167.35","1,216.94","1,219.26","1,155.25","1.12M","-4.07%"
"2022-07-09","1,216.94","1,216.26","1,232.69","1,205.26","644.47K","0.05%"
"2022-07-08","1,216.33","1,238.10","1,275.69","1,194.15","1.45M","-1.76%"
"2022-07-07","1,238.15","1,186.48","1,252.69","1,163.85","1.18M","4.36%"
"2022-07-06","1,186.45","1,133.87","1,202.09","1,112.02","1.42M","4.63%"
"2022-07-05","1,133.90","1,151.19","1,170.97","1,079.36","1.59M","-1.50%"
"2022-07-04","1,151.19","1,074.07","1,159.76","1,045.97","1.35M","7.18%"
"2022-07-03","1,074.08","1,066.60","1,086.90","1,041.82","755.27K","0.70%"
"2022-07-02","1,066.60","1,059.05","1,077.66","1,029.03","865.06K","0.72%"
"2022-07-01","1,058.94","1,069.13","1,110.25","1,035.79","1.89M","-0.95%"
"2022-06-30","1,069.05","1,099.51","1,105.88","1,000.77","1.71M","-2.77%"
"2022-06-29","1,099.51","1,143.95","1,155.02","1,088.10","1.54M","-3.89%"
"2022-06-28","1,143.97","1,191.02","1,234.96","1,137.57","1.32M","-3.94%"
"2022-06-27","1,190.84","1,198.03","1,237.14","1,176.77","1.07M","-0.60%"
"2022-06-26","1,198.03","1,241.80","1,276.81","1,196.20","1.13M","-3.52%"
"2022-06-25","1,241.76","1,224.96","1,255.55","1,181.11","1.03M","1.37%"
"2022-06-24","1,225.03","1,144.33","1,244.82","1,132.87","1.66M","7.07%"
"2022-06-23","1,144.19","1,049.02","1,152.97","1,046.57","1.57M","9.07%"
"2022-06-22","1,049.02","1,125.96","1,127.06","1,045.37","1.58M","-6.83%"
"2022-06-21","1,125.96","1,128.29","1,192.27","1,110.63","1.60M","-0.21%"
"2022-06-20","1,128.32","1,128.39","1,165.62","1,056.58","2.04M","-0.01%"
"2022-06-19","1,128.39","995.49","1,152.07","938.24","2.42M","13.34%"
"2022-06-18","995.61","1,086.47","1,096.93","883.35","2.77M","-8.36%"
"2022-06-17","1,086.47","1,068.49","1,116.46","1,052.17","1.45M","1.68%"
"2022-06-16","1,068.49","1,237.92","1,254.28","1,052.65","1.76M","-13.69%"
"2022-06-15","1,237.92","1,208.82","1,244.80","1,016.99","3.73M","2.24%"
"2022-06-14","1,210.84","1,206.67","1,261.39","1,078.11","3.27M","0.35%"
"2022-06-13","1,206.67","1,434.43","1,454.07","1,168.68","4.39M","-15.94%"
"2022-06-12","1,435.46","1,531.50","1,542.01","1,430.93","1.82M","-6.27%"
"2022-06-11","1,531.42","1,663.04","1,681.58","1,503.15","1.44M","-7.91%"
"2022-06-10","1,663.02","1,788.15","1,803.54","1,657.30","1.13M","-6.99%"
"2022-06-09","1,788.06","1,792.81","1,832.70","1,778.00","625.76K","-0.28%"
"2022-06-08","1,793.00","1,813.05","1,837.41","1,766.94","1.09M","-1.14%"
"2022-06-07","1,813.72","1,859.99","1,870.99","1,727.77","1.64M","-2.49%"
"2022-06-06","1,859.99","1,806.11","1,919.40","1,804.77","939.37K","2.95%"
"2022-06-05","1,806.71","1,804.60","1,829.25","1,773.65","437.73K","0.13%"
"2022-06-04","1,804.37","1,775.28","1,815.19","1,748.89","442.10K","1.64%"
"2022-06-03","1,775.29","1,834.66","1,843.31","1,740.83","884.53K","-3.24%"
"2022-06-02","1,834.64","1,817.98","1,851.25","1,784.23","975.53K","0.91%"
"2022-06-01","1,818.07","1,941.81","1,971.22","1,770.85","1.29M","-6.37%"
"2022-05-31","1,941.79","1,998.46","2,015.02","1,928.93","933.24K","-2.84%"
"2022-05-30","1,998.46","1,813.56","2,009.95","1,804.33","1.04M","10.20%"
"2022-05-29","1,813.56","1,792.25","1,824.81","1,764.72","554.58K","1.16%"
"2022-05-28","1,792.68","1,724.67","1,807.79","1,722.88","658.23K","3.97%"
"2022-05-27","1,724.30","1,793.19","1,820.82","1,708.62","1.57M","-3.85%"
"2022-05-26","1,793.42","1,942.89","1,964.91","1,744.12","1.42M","-7.69%"
"2022-05-25","1,942.91","1,979.40","2,020.64","1,937.52","639.93K","-1.84%"
"2022-05-24","1,979.35","1,973.01","1,992.60","1,914.48","620.41K","0.33%"
"2022-05-23","1,972.93","2,043.19","2,086.21","1,959.57","738.09K","-3.44%"
"2022-05-22","2,043.19","1,975.12","2,055.15","1,966.34","425.98K","3.45%"
"2022-05-21","1,975.12","1,959.79","1,989.44","1,940.59","292.47K","0.78%"
"2022-05-20","1,959.85","2,019.36","2,061.08","1,923.86","699.69K","-2.95%"
"2022-05-19","2,019.34","1,913.99","2,039.71","1,903.67","858.97K","5.61%"
"2022-05-18","1,912.12","2,091.05","2,108.84","1,909.56","751.82K","-8.56%"
"2022-05-17","2,091.14","2,023.00","2,120.03","2,008.84","736.63K","3.37%"
"2022-05-16","2,022.93","2,145.86","2,145.86","1,979.93","950.85K","-5.73%"
"2022-05-15","2,145.86","2,056.33","2,161.78","2,001.74","589.77K","4.36%"
"2022-05-14","2,056.30","2,009.55","2,068.66","1,952.07","656.94K","2.33%"
"2022-05-13","2,009.53","1,955.59","2,146.22","1,941.53","1.34M","2.77%"
"2022-05-12","1,955.36","2,087.17","2,190.51","1,796.24","2.84M","-6.03%"
"2022-05-11","2,080.79","2,342.27","2,451.33","2,007.57","2.70M","-11.16%"
"2022-05-10","2,342.30","2,229.69","2,455.19","2,202.02","1.95M","5.08%"
"2022-05-09","2,229.10","2,519.98","2,529.35","2,228.90","1.93M","-11.54%"
"2022-05-08","2,519.98","2,636.03","2,641.84","2,492.59","925.40K","-4.40%"
"2022-05-07","2,636.03","2,692.92","2,703.11","2,589.29","458.05K","-2.11%"
"2022-05-06","2,692.88","2,747.60","2,757.14","2,635.85","881.18K","-1.99%"
"2022-05-05","2,747.46","2,940.70","2,952.84","2,730.95","899.82K","-6.57%"
"2022-05-04","2,940.70","2,781.47","2,963.54","2,773.90","662.07K","5.72%"
"2022-05-03","2,781.47","2,856.01","2,861.42","2,757.36","447.80K","-2.61%"
"2022-05-02","2,856.01","2,825.65","2,879.99","2,780.08","617.74K","1.07%"
"2022-05-01","2,825.80","2,727.20","2,847.02","2,720.57","512.01K","3.62%"
"2022-04-30","2,727.18","2,817.14","2,841.16","2,716.31","430.98K","-3.18%"
"2022-04-29","2,816.66","2,937.01","2,946.18","2,778.33","629.56K","-4.10%"
"2022-04-28","2,937.01","2,889.01","2,977.78","2,856.42","726.03K","1.66%"
"2022-04-27","2,888.99","2,810.42","2,916.39","2,795.58","602.24K","2.80%"
"2022-04-26","2,810.42","3,006.04","3,032.70","2,768.38","694.46K","-6.51%"
"2022-04-25","3,006.04","2,922.03","3,023.23","2,800.21","807.69K","2.88%"
"2022-04-24","2,922.03","2,931.90","2,966.94","2,915.66","269.29K","-0.34%"
"2022-04-23","2,931.90","2,963.00","2,977.45","2,917.84","227.07K","-1.05%"
"2022-04-22","2,963.00","2,983.91","3,029.14","2,937.47","544.89K","-0.70%"
"2022-04-21","2,983.95","3,076.06","3,176.69","2,950.97","675.44K","-3.00%"
"2022-04-20","3,076.38","3,101.79","3,161.90","3,037.67","512.72K","-0.83%"
"2022-04-19","3,102.01","3,055.86","3,128.86","3,030.32","427.14K","1.52%"
"2022-04-18","3,055.64","2,989.05","3,069.07","2,887.25","681.76K","2.23%"
"2022-04-17","2,989.05","3,058.96","3,081.14","2,983.17","311.54K","-2.29%"
"2022-04-16","3,058.96","3,042.01","3,084.84","3,011.47","245.47K","0.56%"
"2022-04-15","3,042.01","3,021.93","3,056.84","2,996.62","309.95K","0.66%"
"2022-04-14","3,021.93","3,117.21","3,143.18","2,980.84","546.54K","-3.05%"
"2022-04-13","3,116.92","3,027.64","3,128.20","2,999.66","563.89K","2.96%"
"2022-04-12","3,027.25","2,978.45","3,082.02","2,951.80","790.54K","1.64%"
"2022-04-11","2,978.29","3,201.99","3,213.52","2,953.66","876.67K","-6.98%"
"2022-04-10","3,201.84","3,259.59","3,306.14","3,198.10","327.86K","-1.76%"
"2022-04-09","3,259.35","3,193.54","3,268.18","3,182.10","283.24K","2.05%"
"2022-04-08","3,193.93","3,228.83","3,311.42","3,174.14","654.82K","-1.08%"
"2022-04-07","3,228.84","3,169.58","3,268.56","3,143.96","569.39K","1.87%"
"2022-04-06","3,169.58","3,406.83","3,406.87","3,164.24","950.59K","-6.96%"
"2022-04-05","3,406.78","3,520.35","3,554.54","3,400.74","500.27K","-3.23%"
"2022-04-04","3,520.41","3,521.16","3,544.92","3,412.01","547.68K","-0.02%"
"2022-04-03","3,521.10","3,442.34","3,579.82","3,414.40","473.54K","2.29%"
"2022-04-02","3,442.34","3,456.18","3,529.63","3,436.79","629.29K","-0.40%"
"2022-04-01","3,456.18","3,282.33","3,478.74","3,215.33","649.92K","5.30%"
"2022-03-31","3,282.35","3,385.60","3,444.43","3,263.36","545.44K","-3.05%"
"2022-03-30","3,385.64","3,401.86","3,445.98","3,333.50","425.38K","-0.48%"
"2022-03-29","3,401.89","3,329.67","3,481.23","3,329.67","570.03K","2.18%"
"2022-03-28","3,329.38","3,295.73","3,428.41","3,275.32","628.91K","0.98%"
"2022-03-27","3,297.04","3,145.95","3,297.40","3,126.46","402.02K","4.80%"
"2022-03-26","3,146.01","3,103.43","3,150.09","3,085.80","244.28K","1.37%"
"2022-03-25","3,103.51","3,110.80","3,192.73","3,081.71","583.25K","-0.18%"
"2022-03-24","3,109.25","3,036.18","3,126.37","3,005.99","699.58K","2.41%"
"2022-03-23","3,036.12","2,969.64","3,042.28","2,925.78","536.63K","2.24%"
"2022-03-22","2,969.64","2,891.41","3,048.32","2,887.69","716.47K","2.70%"
"2022-03-21","2,891.63","2,861.66","2,960.42","2,830.38","546.61K","1.05%"
"2022-03-20","2,861.69","2,950.03","2,962.19","2,819.27","436.11K","-2.99%"
"2022-03-19","2,949.92","2,939.76","2,984.00","2,895.30","392.64K","0.35%"
"2022-03-18","2,939.76","2,812.29","2,983.11","2,768.65","1.59B","4.53%"
"2022-03-17","2,812.29","2,773.80","2,832.61","2,747.06","1.06B","1.38%"
"2022-03-16","2,773.94","2,617.43","2,787.12","2,603.80","1.79B","5.98%"
"2022-03-15","2,617.43","2,589.54","2,667.61","2,510.75","1.19B","1.09%"
"2022-03-14","2,589.30","2,516.75","2,608.68","2,500.12","991.82M","2.88%"
"2022-03-13","2,516.75","2,569.80","2,600.65","2,494.59","811.55M","-2.06%"
"2022-03-12","2,569.80","2,556.96","2,612.33","2,555.85","567.25M","0.50%"
"2022-03-11","2,556.96","2,606.50","2,670.05","2,525.20","1.28B","-1.90%"
"2022-03-10","2,606.50","2,726.94","2,731.37","2,559.90","1.46B","-4.42%"
"2022-03-09","2,726.94","2,577.21","2,772.09","2,569.13","1.52B","5.81%"
"2022-03-08","2,577.21","2,492.53","2,623.99","2,483.29","1.44B","3.40%"
"2022-03-07","2,492.53","2,549.40","2,645.41","2,447.74","1.58B","-2.23%"
"2022-03-06","2,549.40","2,665.42","2,673.19","2,542.19","881.09M","-4.35%"
"2022-03-05","2,665.42","2,622.15","2,684.50","2,592.07","709.87M","1.65%"
"2022-03-04","2,622.15","2,834.78","2,835.94","2,575.63","1.50B","-7.50%"
"2022-03-03","2,834.91","2,947.03","2,967.90","2,789.87","521.36K","-3.81%"
"2022-03-02","2,947.14","2,975.80","3,041.84","2,914.70","740.37K","-0.96%"
"2022-03-01","2,975.81","2,922.44","3,036.59","2,858.54","828.62K","1.82%"
"2022-02-28","2,922.50","2,616.34","2,949.44","2,574.12","899.19K","11.70%"
"2022-02-27","2,616.34","2,779.55","2,834.61","2,562.94","804.74K","-5.78%"
"2022-02-26","2,776.96","2,767.58","2,856.01","2,734.56","520.44K","0.34%"
"2022-02-25","2,767.53","2,596.52","2,830.31","2,573.39","828.87K","6.59%"
"2022-02-24","2,596.52","2,578.54","2,732.02","2,303.07","1.85M","0.71%"
"2022-02-23","2,578.15","2,637.38","2,749.80","2,578.15","636.50K","-2.20%"
"2022-02-22","2,636.13","2,569.19","2,663.01","2,501.40","841.13K","2.58%"
"2022-02-21","2,569.87","2,619.32","2,755.58","2,560.24","996.71K","-1.89%"
"2022-02-20","2,619.32","2,763.97","2,764.46","2,577.52","508.49K","-5.23%"
"2022-02-19","2,763.81","2,779.44","2,829.20","2,699.70","377.08K","-0.57%"
"2022-02-18","2,779.56","2,893.78","2,943.14","2,754.15","623.19K","-3.96%"
"2022-02-17","2,894.03","3,122.33","3,159.83","2,855.66","661.98K","-7.21%"
"2022-02-16","3,118.90","3,182.32","3,184.88","3,045.92","416.70K","-1.99%"
"2022-02-15","3,182.27","2,929.29","3,193.18","2,912.61","540.04K","8.64%"
"2022-02-14","2,929.31","2,871.06","2,963.70","2,834.13","477.24K","2.06%"
"2022-02-13","2,870.25","2,917.16","2,952.94","2,838.29","303.12K","-1.61%"
"2022-02-12","2,917.10","2,927.64","2,984.72","2,858.85","433.29K","-0.36%"
"2022-02-11","2,927.63","3,071.80","3,136.33","2,880.60","607.93K","-4.69%"
"2022-02-10","3,071.83","3,243.73","3,277.36","3,058.59","742.54K","-5.30%"
"2022-02-09","3,243.62","3,115.91","3,266.41","3,055.95","477.82K","4.10%"
"2022-02-08","3,115.88","3,139.65","3,228.86","3,029.70","664.45K","-0.77%"
"2022-02-07","3,140.18","3,056.29","3,185.77","2,995.59","568.42K","2.75%"
"2022-02-06","3,056.20","3,013.75","3,073.23","2,957.16","316.58K","1.41%"
"2022-02-05","3,013.81","2,994.74","3,058.88","2,963.11","473.62K","0.63%"
"2022-02-04","2,994.99","2,692.80","2,994.99","2,671.72","908.75K","11.22%"
"2022-02-03","2,692.80","2,680.66","2,723.97","2,579.80","549.27K","0.44%"
"2022-02-02","2,681.00","2,787.16","2,809.57","2,618.07","602.40K","-3.81%"
"2022-02-01","2,787.16","2,686.82","2,808.60","2,676.32","521.74K","3.73%"
"2022-01-31","2,686.82","2,602.71","2,704.64","2,478.85","601.73K","3.23%"
"2022-01-30","2,602.77","2,600.12","2,636.04","2,543.99","381.84K","0.11%"
"2022-01-29","2,600.02","2,545.95","2,632.51","2,520.14","484.18K","2.12%"
"2022-01-28","2,545.95","2,424.66","2,556.34","2,362.53","634.50K","5.00%"
"2022-01-27","2,424.66","2,462.25","2,515.19","2,317.30","774.54K","-1.49%"
"2022-01-26","2,461.41","2,458.07","2,719.32","2,405.66","1.05M","0.14%"
"2022-01-25","2,458.07","2,441.01","2,504.32","2,352.36","656.03K","0.70%"
"2022-01-24","2,441.01","2,540.81","2,540.81","2,161.55","1.56M","-3.93%"
"2022-01-23","2,540.81","2,412.52","2,547.19","2,373.85","766.83K","5.32%"
"2022-01-22","2,412.52","2,570.67","2,621.21","2,311.80","1.48M","-6.17%"
"2022-01-21","2,571.29","3,000.21","3,032.69","2,471.80","1.42M","-14.43%"
"2022-01-20","3,004.72","3,084.48","3,270.71","2,989.19","481.08K","-2.56%"
"2022-01-19","3,083.65","3,160.15","3,173.63","3,049.30","459.81K","-2.42%"
"2022-01-18","3,160.15","3,209.43","3,242.47","3,084.48","399.19K","-1.53%"
"2022-01-17","3,209.35","3,346.63","3,356.45","3,142.40","375.28K","-4.10%"
"2022-01-16","3,346.59","3,326.50","3,388.22","3,276.44","295.68K","0.57%"
"2022-01-15","3,327.74","3,307.84","3,369.95","3,265.41","292.10K","0.60%"
"2022-01-14","3,307.90","3,241.95","3,341.24","3,195.65","415.18K","2.16%"
"2022-01-13","3,238.03","3,370.87","3,407.98","3,234.97","462.81K","-3.94%"
"2022-01-12","3,370.89","3,238.22","3,406.79","3,208.00","530.96K","4.11%"
"2022-01-11","3,237.89","3,084.64","3,262.78","3,053.40","505.21K","4.94%"
"2022-01-10","3,085.43","3,150.27","3,179.96","2,931.68","804.38K","-2.06%"
"2022-01-09","3,150.30","3,079.89","3,210.34","3,060.47","415.87K","2.28%"
"2022-01-08","3,080.02","3,198.14","3,244.46","3,001.76","566.06K","-3.61%"
"2022-01-07","3,195.31","3,407.22","3,413.26","3,077.30","979.25K","-6.23%"
"2022-01-06","3,407.77","3,536.15","3,550.19","3,306.14","701.89K","-3.62%"
"2022-01-05","3,535.86","3,784.47","3,846.44","3,418.46","582.71K","-6.69%"
"2022-01-04","3,789.52","3,764.62","3,889.07","3,715.24","415.81K","0.67%"
"2022-01-03","3,764.24","3,830.70","3,849.50","3,682.48","338.51K","-1.73%"
"2022-01-02","3,830.67","3,765.67","3,851.16","3,718.33","242.55K","1.73%"
"2022-01-01","3,765.67","3,677.69","3,775.20","3,675.75","239.54K","2.39%"
"2021-12-31","3,677.85","3,709.38","3,812.01","3,623.74","405.65K","-0.85%"
"2021-12-30","3,709.57","3,629.33","3,767.93","3,589.64","355.72K","2.25%"
"2021-12-29","3,627.93","3,792.95","3,825.97","3,607.20","456.03K","-4.32%"
"2021-12-28","3,791.69","4,036.86","4,036.86","3,760.86","527.23K","-6.06%"
"2021-12-27","4,036.24","4,062.02","4,125.22","4,033.04","313.32K","-0.62%"
"2021-12-26","4,061.27","4,093.38","4,104.23","4,005.38","283.58K","-0.78%"
"2021-12-25","4,093.14","4,043.60","4,136.03","4,024.87","308.53K","1.23%"
"2021-12-24","4,043.39","4,110.20","4,133.77","4,024.24","353.85K","-1.62%"
"2021-12-23","4,110.14","3,979.57","4,149.17","3,895.89","573.18K","3.28%"
"2021-12-22","3,979.54","4,016.25","4,072.40","3,944.15","426.43K","-0.92%"
"2021-12-21","4,016.59","3,944.03","4,058.76","3,915.56","496.71K","1.98%"
"2021-12-20","3,938.80","3,925.46","3,978.66","3,757.42","531.11K","0.34%"
"2021-12-19","3,925.34","3,959.90","4,025.36","3,890.90","442.49K","-0.87%"
"2021-12-18","3,959.83","3,878.20","3,993.05","3,769.91","475.86K","2.10%"
"2021-12-17","3,878.29","3,957.12","3,993.87","3,702.33","654.90K","-1.98%"
"2021-12-16","3,956.62","4,019.57","4,108.24","3,955.46","512.12K","-1.56%"
"2021-12-15","4,019.24","3,860.51","4,090.15","3,649.69","821.22K","4.08%"
"2021-12-14","3,861.55","3,782.12","3,879.43","3,690.06","577.61K","2.11%"
"2021-12-13","3,781.94","4,131.47","4,141.27","3,673.19","891.67K","-8.47%"
"2021-12-12","4,131.78","4,078.17","4,173.21","3,988.29","360.45K","1.38%"
"2021-12-11","4,075.66","3,903.52","4,094.92","3,836.92","581.26K","4.41%"
"2021-12-10","3,903.48","4,107.20","4,226.79","3,894.03","798.12K","-4.97%"
"2021-12-09","4,107.69","4,435.74","4,482.89","4,078.14","642.17K","-7.40%"
"2021-12-08","4,435.74","4,307.08","4,449.69","4,229.63","574.33K","2.99%"
"2021-12-07","4,307.08","4,351.36","4,424.20","4,259.45","550.78K","-1.06%"
"2021-12-06","4,353.31","4,194.95","4,373.23","3,922.65","993.79K","3.78%"
"2021-12-05","4,194.80","4,118.27","4,247.38","4,036.00","707.69K","1.73%"
"2021-12-04","4,123.46","4,219.30","4,237.56","3,533.02","1.52M","-2.27%"
"2021-12-03","4,219.30","4,512.90","4,646.73","4,047.07","942.77K","-6.51%"
"2021-12-02","4,512.90","4,583.28","4,629.75","4,437.53","608.07K","-1.54%"
"2021-12-01","4,583.28","4,628.72","4,778.14","4,525.33","669.18K","-0.99%"
"2021-11-30","4,628.90","4,443.22","4,749.12","4,349.21","973.46K","4.18%"
"2021-11-29","4,443.22","4,296.98","4,456.82","4,280.18","532.66K","3.40%"
"2021-11-28","4,296.98","4,095.16","4,297.63","3,980.24","487.53K","4.94%"
"2021-11-27","4,094.80","4,037.06","4,183.02","4,029.06","370.73K","1.49%"
"2021-11-26","4,034.53","4,520.30","4,548.10","3,917.43","1.00M","-10.75%"
"2021-11-25","4,520.30","4,270.73","4,549.74","4,248.90","578.65K","5.77%"
"2021-11-24","4,273.54","4,340.23","4,372.83","4,172.19","595.96K","-1.54%"
"2021-11-23","4,340.23","4,086.73","4,384.75","4,064.17","684.35K","6.20%"
"2021-11-22","4,086.95","4,268.07","4,311.46","4,026.75","717.08K","-4.24%"
"2021-11-21","4,268.08","4,409.02","4,422.60","4,246.20","446.23K","-3.19%"
"2021-11-20","4,408.85","4,295.27","4,434.27","4,206.75","462.99K","2.64%"
"2021-11-19","4,295.43","3,996.29","4,305.41","3,978.08","571.96K","7.34%"
"2021-11-18","4,001.87","4,290.31","4,342.74","3,958.44","792.38K","-6.74%"
"2021-11-17","4,290.88","4,208.29","4,298.30","4,071.01","664.94K","1.97%"
"2021-11-16","4,208.16","4,562.97","4,562.97","4,115.31","1.12M","-7.78%"
"2021-11-15","4,562.98","4,625.71","4,769.38","4,543.47","495.96K","-1.35%"
"2021-11-14","4,625.59","4,644.40","4,692.76","4,514.95","340.96K","-0.41%"
"2021-11-13","4,644.61","4,665.76","4,705.02","4,585.37","290.27K","-0.49%"
"2021-11-12","4,667.31","4,720.50","4,807.16","4,511.96","634.59K","-1.13%"
"2021-11-11","4,720.87","4,633.98","4,778.17","4,578.66","418.61K","1.87%"
"2021-11-10","4,634.03","4,731.83","4,864.06","4,498.78","761.90K","-2.07%"
"2021-11-09","4,731.83","4,808.34","4,836.69","4,715.43","437.41K","-1.59%"
"2021-11-08","4,808.38","4,612.05","4,822.97","4,612.05","673.21K","4.26%"
"2021-11-07","4,612.06","4,517.27","4,634.39","4,502.70","337.81K","2.10%"
"2021-11-06","4,517.36","4,475.00","4,526.75","4,330.29","442.60K","0.95%"
"2021-11-05","4,475.00","4,534.96","4,569.31","4,439.67","409.75K","-1.33%"
"2021-11-04","4,535.11","4,601.93","4,604.83","4,421.87","495.86K","-1.46%"
"2021-11-03","4,602.21","4,586.96","4,661.88","4,458.87","634.68K","0.35%"
"2021-11-02","4,586.06","4,320.85","4,598.38","4,287.36","630.26K","6.14%"
"2021-11-01","4,320.85","4,287.41","4,376.94","4,157.51","574.26K","0.78%"
"2021-10-31","4,287.56","4,322.00","4,393.61","4,169.48","555.32K","-0.77%"
"2021-10-30","4,320.65","4,413.70","4,428.41","4,250.24","494.87K","-2.11%"
"2021-10-29","4,413.70","4,284.90","4,458.30","4,268.21","781.57K","3.01%"
"2021-10-28","4,284.90","3,921.54","4,289.80","3,896.33","865.80K","9.25%"
"2021-10-27","3,921.93","4,130.06","4,299.61","3,914.06","1.07M","-5.03%"
"2021-10-26","4,129.51","4,219.92","4,291.98","4,098.19","559.29K","-2.14%"
"2021-10-25","4,219.92","4,082.68","4,234.76","4,069.94","481.41K","3.36%"
"2021-10-24","4,082.80","4,168.80","4,184.00","3,965.84","507.63K","-2.06%"
"2021-10-23","4,168.85","3,970.94","4,169.33","3,938.79","487.03K","4.98%"
"2021-10-22","3,970.94","4,053.89","4,164.11","3,896.40","654.77K","-2.05%"
"2021-10-21","4,054.16","4,160.51","4,366.91","4,029.48","1.14M","-2.54%"
"2021-10-20","4,159.89","3,876.76","4,168.12","3,830.26","752.03K","7.30%"
"2021-10-19","3,876.78","3,745.46","3,884.34","3,733.78","488.60K","3.45%"
"2021-10-18","3,747.60","3,848.64","3,892.01","3,685.82","578.21K","-2.55%"
"2021-10-17","3,845.47","3,827.55","3,917.56","3,664.63","543.52K","0.47%"
"2021-10-16","3,827.55","3,869.05","3,967.43","3,804.55","527.61K","-1.02%"
"2021-10-15","3,866.90","3,790.34","3,904.91","3,735.21","721.14K","2.02%"
"2021-10-14","3,790.41","3,607.36","3,820.47","3,588.24","697.09K","5.08%"
"2021-10-13","3,607.28","3,491.08","3,612.04","3,416.00","557.18K","3.36%"
"2021-10-12","3,489.90","3,541.49","3,545.35","3,404.49","609.89K","-1.56%"
"2021-10-11","3,545.06","3,414.93","3,622.53","3,381.43","683.24K","3.81%"
"2021-10-10","3,415.03","3,574.52","3,599.18","3,409.22","767.49K","-4.45%"
"2021-10-09","3,574.20","3,559.96","3,626.11","3,541.40","464.11K","0.42%"
"2021-10-08","3,559.42","3,586.91","3,668.35","3,537.24","681.74K","-0.74%"
"2021-10-07","3,586.00","3,575.43","3,650.18","3,473.47","826.29K","0.30%"
"2021-10-06","3,575.41","3,515.35","3,627.19","3,345.56","1.05M","1.65%"
"2021-10-05","3,517.26","3,383.32","3,540.83","3,365.28","663.88K","3.97%"
"2021-10-04","3,382.90","3,417.26","3,436.34","3,273.22","826.83K","-1.01%"
"2021-10-03","3,417.34","3,388.83","3,485.48","3,346.63","642.59K","0.84%"
"2021-10-02","3,388.97","3,309.14","3,467.95","3,265.97","778.15K","2.41%"
"2021-10-01","3,309.13","2,999.86","3,329.32","2,972.75","1.14M","10.28%"
"2021-09-30","3,000.59","2,851.06","3,047.08","2,837.68","968.23K","5.23%"
"2021-09-29","2,851.50","2,807.15","2,948.50","2,784.66","728.86K","1.57%"
"2021-09-28","2,807.28","2,926.04","2,969.18","2,791.42","896.28K","-4.07%"
"2021-09-27","2,926.24","3,061.86","3,163.86","2,926.24","865.30K","-4.48%"
"2021-09-26","3,063.51","2,922.47","3,113.65","2,740.12","1.33M","4.82%"
"2021-09-25","2,922.55","2,928.59","2,965.48","2,812.70","975.49K","-0.21%"
"2021-09-24","2,928.57","3,152.92","3,158.38","2,740.06","1.74M","-7.12%"
"2021-09-23","3,152.92","3,077.80","3,173.00","3,035.96","841.54K","2.44%"
"2021-09-22","3,077.78","2,764.71","3,087.97","2,740.58","1.19M","11.45%"
"2021-09-21","2,761.52","2,976.70","3,101.88","2,659.71","1.79M","-7.21%"
"2021-09-20","2,976.05","3,328.49","3,344.04","2,931.64","1.72M","-10.61%"
"2021-09-19","3,329.12","3,435.92","3,455.67","3,282.85","614.00K","-3.11%"
"2021-09-18","3,435.97","3,398.55","3,539.50","3,371.33","600.19K","1.10%"
"2021-09-17","3,398.65","3,569.92","3,592.20","3,352.32","748.10K","-4.78%"
"2021-09-16","3,569.43","3,612.23","3,672.68","3,488.53","195.79K","-1.18%"
"2021-09-15","3,611.90","3,430.36","3,612.29","3,361.63","790.27K","5.34%"
"2021-09-14","3,428.87","3,284.65","3,428.87","3,270.91","720.34K","4.39%"
"2021-09-13","3,284.52","3,408.17","3,429.24","3,118.66","1.34M","-3.63%"
"2021-09-12","3,408.28","3,267.33","3,469.50","3,231.87","805.97K","4.31%"
"2021-09-11","3,267.33","3,209.37","3,345.37","3,202.41","732.95K","1.87%"
"2021-09-10","3,207.27","3,423.87","3,512.90","3,156.28","1.21M","-6.32%"
"2021-09-09","3,423.51","3,498.92","3,564.30","3,395.94","1.09M","-2.05%"
"2021-09-08","3,495.10","3,424.35","3,557.67","3,221.60","780.68K","2.10%"
"2021-09-07","3,423.12","3,926.84","3,945.79","3,061.30","2.47M","-12.84%"
"2021-09-06","3,927.21","3,950.20","3,968.20","3,867.55","764.56K","-0.59%"
"2021-09-05","3,950.62","3,885.40","3,981.22","3,834.74","714.16K","1.69%"
"2021-09-04","3,884.97","3,938.45","3,968.33","3,844.07","672.53K","-1.30%"
"2021-09-03","3,936.29","3,785.85","4,024.89","3,715.97","1.20M","3.96%"
"2021-09-02","3,786.19","3,826.90","3,833.89","3,723.42","928.70K","-1.21%"
"2021-09-01","3,832.73","3,429.65","3,839.91","3,384.82","1.48M","11.72%"
"2021-08-31","3,430.74","3,228.23","3,467.42","3,191.34","1.52M","6.36%"
"2021-08-30","3,225.67","3,222.43","3,345.72","3,145.53","966.58K","0.11%"
"2021-08-29","3,222.16","3,243.96","3,282.21","3,155.31","643.73K","-0.67%"
"2021-08-28","3,243.90","3,273.78","3,284.58","3,212.24","466.21K","-0.91%"
"2021-08-27","3,273.58","3,093.78","3,279.93","3,063.37","839.54K","5.82%"
"2021-08-26","3,093.54","3,228.03","3,249.62","3,057.48","118.44K","-4.17%"
"2021-08-25","3,228.15","3,172.12","3,247.43","3,080.70","923.13K","1.73%"
"2021-08-24","3,173.26","3,322.60","3,357.99","3,150.75","988.82K","-4.41%"
"2021-08-23","3,319.49","3,238.41","3,375.42","3,231.96","1.09M","2.49%"
"2021-08-22","3,238.70","3,224.17","3,271.94","3,128.98","747.65K","0.46%"
"2021-08-21","3,223.96","3,285.12","3,307.33","3,200.19","768.74K","-1.83%"
"2021-08-20","3,284.21","3,184.83","3,300.36","3,179.18","739.32K","3.12%"
"2021-08-19","3,184.82","3,016.92","3,185.51","2,962.04","844.13K","5.57%"
"2021-08-18","3,016.91","3,012.62","3,124.51","2,951.04","750.74K","0.08%"
"2021-08-17","3,014.58","3,147.67","3,290.03","2,993.63","1.06M","-4.23%"
"2021-08-16","3,147.65","3,307.96","3,334.22","3,138.37","859.09K","-4.87%"
"2021-08-15","3,308.87","3,264.56","3,318.61","3,115.34","782.81K","1.35%"
"2021-08-14","3,264.69","3,322.25","3,328.38","3,209.45","658.60K","-1.74%"
"2021-08-13","3,322.43","3,043.20","3,324.53","3,035.52","795.54K","9.16%"
"2021-08-12","3,043.61","3,160.17","3,236.28","2,981.35","965.63K","-3.79%"
"2021-08-11","3,163.66","3,140.86","3,269.70","3,122.67","950.12K","0.73%"
"2021-08-10","3,140.71","3,162.81","3,232.02","3,057.84","1.12M","-0.70%"
"2021-08-09","3,162.93","3,011.88","3,184.84","2,899.24","1.44M","5.01%"
"2021-08-08","3,012.07","3,158.30","3,188.49","2,949.66","1.25M","-4.62%"
"2021-08-07","3,158.00","2,889.58","3,169.74","2,867.58","64.84K","9.29%"
"2021-08-06","2,889.43","2,827.23","2,946.62","2,726.04","1.06M","2.20%"
"2021-08-05","2,827.21","2,725.28","2,842.95","2,533.51","1.65M","3.74%"
"2021-08-04","2,725.29","2,506.50","2,766.46","2,462.32","1.23M","8.72%"
"2021-08-03","2,506.65","2,608.01","2,631.43","2,445.49","158.45K","-3.89%"
"2021-08-02","2,608.04","2,556.07","2,664.73","2,513.51","970.67K","2.03%"
"2021-08-01","2,556.23","2,530.94","2,696.38","2,515.26","1.20M","0.95%"
"2021-07-31","2,532.19","2,461.08","2,551.68","2,421.70","507.08K","2.89%"
"2021-07-30","2,460.95","2,380.59","2,467.40","2,320.80","1.03M","3.36%"
"2021-07-29","2,380.93","2,299.46","2,397.71","2,269.15","642.75K","3.56%"
"2021-07-28","2,299.11","2,300.21","2,343.49","2,246.23","968.94K","-0.05%"
"2021-07-27","2,300.22","2,230.24","2,318.68","2,152.92","1.25M","3.17%"
"2021-07-26","2,229.53","2,189.74","2,430.01","2,174.44","1.89M","1.81%"
"2021-07-25","2,189.79","2,166.98","2,195.03","2,108.74","786.94K","1.76%"
"2021-07-24","2,151.85","2,124.00","2,162.29","2,106.71","907.11K","1.33%"
"2021-07-23","2,123.61","2,024.51","2,129.66","2,000.27","961.67K","4.89%"
"2021-07-22","2,024.58","1,994.61","2,043.26","1,952.31","1.02M","1.51%"
"2021-07-21","1,994.49","1,786.18","2,029.51","1,758.64","1.51M","11.67%"
"2021-07-20","1,786.07","1,818.07","1,840.36","1,720.70","1.20M","-1.76%"
"2021-07-19","1,818.07","1,891.43","1,915.15","1,807.19","802.78K","-3.93%"
"2021-07-18","1,892.42","1,898.01","1,988.24","1,881.60","829.77K","-0.29%"
"2021-07-17","1,897.98","1,877.00","1,917.80","1,851.97","623.52K","1.05%"
"2021-07-16","1,878.20","1,917.21","1,960.21","1,852.42","619.62K","-2.03%"
"2021-07-15","1,917.21","1,994.73","2,038.91","1,884.81","645.06K","-3.88%"
"2021-07-14","1,994.64","1,940.48","2,017.99","1,868.45","1.05M","2.78%"
"2021-07-13","1,940.72","2,035.09","2,042.61","1,920.62","717.85K","-4.64%"
"2021-07-12","2,035.09","2,139.44","2,167.60","2,008.66","540.10K","-4.87%"
"2021-07-11","2,139.35","2,110.90","2,173.34","2,081.62","724.84K","1.34%"
"2021-07-10","2,111.12","2,146.15","2,191.30","2,078.43","929.32K","-1.62%"
"2021-07-09","2,145.89","2,120.05","2,185.62","2,066.09","1.42M","1.21%"
"2021-07-08","2,120.22","2,316.21","2,322.47","2,095.92","1.82M","-8.48%"
"2021-07-07","2,316.57","2,322.74","2,402.68","2,296.43","1.32M","-0.26%"
"2021-07-06","2,322.72","2,196.25","2,347.47","2,194.20","1.78M","5.76%"
"2021-07-05","2,196.16","2,322.60","2,322.60","2,163.09","822.95K","-5.47%"
"2021-07-04","2,323.22","2,224.70","2,386.20","2,222.95","1.39M","4.43%"
"2021-07-03","2,224.70","2,154.53","2,236.97","2,115.80","1.28M","3.25%"
"2021-07-02","2,154.78","2,108.58","2,158.70","2,019.75","1.39M","2.17%"
"2021-07-01","2,109.11","2,274.50","2,274.63","2,077.56","1.71M","-7.24%"
"2021-06-30","2,273.84","2,158.32","2,281.55","2,090.61","1.90M","5.33%"
"2021-06-29","2,158.71","2,083.48","2,241.86","2,076.17","898.06K","3.63%"
"2021-06-28","2,083.09","1,981.24","2,142.84","1,962.89","2.19M","5.21%"
"2021-06-27","1,979.88","1,830.42","1,980.70","1,808.59","1.87M","8.15%"
"2021-06-26","1,830.62","1,810.53","1,850.40","1,719.32","1.99M","1.11%"
"2021-06-25","1,810.57","1,989.77","2,017.47","1,793.47","1.65M","-8.98%"
"2021-06-24","1,989.14","1,968.76","2,033.96","1,886.74","1.64M","1.05%"
"2021-06-23","1,968.39","1,877.28","2,043.10","1,823.57","1.77M","4.89%"
"2021-06-22","1,876.66","1,890.95","1,994.32","1,707.24","2.84M","-0.77%"
"2021-06-21","1,891.18","2,244.25","2,257.86","1,868.32","2.69M","-15.72%"
"2021-06-20","2,243.86","2,166.30","2,276.83","2,045.03","1.42M","3.55%"
"2021-06-19","2,166.91","2,229.53","2,276.70","2,164.14","1.08M","-2.81%"
"2021-06-18","2,229.53","2,372.10","2,376.62","2,142.74","778.79K","-5.99%"
"2021-06-17","2,371.62","2,367.78","2,459.11","2,309.08","1.06M","0.18%"
"2021-06-16","2,367.28","2,544.35","2,552.12","2,353.24","1.37M","-6.94%"
"2021-06-15","2,543.83","2,581.42","2,637.90","2,512.39","1.95M","-1.46%"
"2021-06-14","2,581.48","2,508.49","2,606.91","2,467.61","1.79M","2.92%"
"2021-06-13","2,508.27","2,368.68","2,547.90","2,311.96","1.62M","5.90%"
"2021-06-12","2,368.47","2,351.45","2,448.04","2,260.80","1.80M","0.72%"
"2021-06-11","2,351.45","2,470.04","2,493.48","2,324.21","587.18K","-4.80%"
"2021-06-10","2,469.97","2,607.45","2,615.46","2,432.41","1.29M","-5.23%"
"2021-06-09","2,606.23","2,507.86","2,620.74","2,408.37","2.32M","3.81%"
"2021-06-08","2,510.65","2,592.12","2,618.70","2,320.64","75.18K","-3.16%"
"2021-06-07","2,592.63","2,713.52","2,842.88","2,581.24","3.01M","-4.46%"
"2021-06-06","2,713.66","2,628.43","2,743.53","2,614.48","756.36K","3.22%"
"2021-06-05","2,628.98","2,688.75","2,814.02","2,555.98","2.55M","-2.14%"
"2021-06-04","2,686.50","2,856.63","2,856.63","2,557.71","2.47M","-5.85%"
"2021-06-03","2,853.35","2,705.05","2,889.19","2,666.39","1.09M","5.44%"
"2021-06-02","2,706.10","2,633.74","2,801.00","2,554.88","2.60M","2.75%"
"2021-06-01","2,633.67","2,707.94","2,738.23","2,529.73","2.45M","-2.76%"
"2021-05-31","2,708.47","2,386.93","2,713.98","2,279.42","2.83M","13.51%"
"2021-05-30","2,386.10","2,276.97","2,465.84","2,181.93","2.80M","4.83%"
"2021-05-29","2,276.07","2,411.68","2,567.42","2,207.21","2.94M","-5.73%"
"2021-05-28","2,414.29","2,742.39","2,760.17","2,332.43","3.26M","-11.75%"
"2021-05-27","2,735.88","2,885.02","2,885.87","2,638.62","2.39M","-5.16%"
"2021-05-26","2,884.66","2,705.69","2,908.37","2,648.10","2.66M","6.64%"
"2021-05-25","2,705.09","2,647.27","2,747.49","2,388.81","3.28M","2.20%"
"2021-05-24","2,646.79","2,101.30","2,667.20","2,080.87","3.24M","25.96%"
"2021-05-23","2,101.34","2,292.68","2,379.89","1,739.91","3.52M","-8.30%"
"2021-05-22","2,291.60","2,433.09","2,481.06","2,162.84","2.82M","-5.82%"
"2021-05-21","2,433.11","2,766.88","2,931.66","2,111.42","4.23M","-12.40%"
"2021-05-20","2,777.55","2,436.59","2,988.52","2,163.40","4.33M","14.04%"
"2021-05-19","2,435.69","3,376.22","3,434.01","1,922.25","6.42M","-27.89%"
"2021-05-18","3,377.55","3,280.50","3,558.57","3,244.93","2.30M","2.98%"
"2021-05-17","3,279.68","3,582.19","3,582.27","3,130.12","2.85M","-8.44%"
"2021-05-16","3,582.12","3,643.67","3,877.20","3,351.92","2.28M","-1.63%"
"2021-05-15","3,641.65","4,074.57","4,129.99","3,639.12","1.94M","-10.64%"
"2021-05-14","4,075.38","3,719.46","4,171.76","3,694.54","2.06M","9.56%"
"2021-05-13","3,719.62","3,807.50","4,031.99","3,539.96","3.21M","-2.42%"
"2021-05-12","3,811.77","4,173.61","4,366.10","3,794.15","2.78M","-8.54%"
"2021-05-11","4,167.78","3,948.66","4,177.53","3,781.86","1.27M","5.57%"
"2021-05-10","3,947.90","3,923.48","4,203.98","3,669.84","2.70M","0.65%"
"2021-05-09","3,922.23","3,905.69","3,979.77","3,734.44","1.94M","0.43%"
"2021-05-08","3,905.55","3,479.81","3,952.88","3,453.37","1.34M","12.19%"
"2021-05-07","3,481.22","3,490.83","3,583.34","3,363.56","1.35M","-0.24%"
"2021-05-06","3,489.52","3,522.74","3,601.59","3,380.60","1.51M","-0.94%"
"2021-05-05","3,522.76","3,284.31","3,540.78","3,228.86","1.87M","7.18%"
"2021-05-04","3,286.71","3,429.48","3,516.34","3,188.90","2.74M","-4.16%"
"2021-05-03","3,429.37","2,950.07","3,451.44","2,950.07","2.32M","16.24%"
"2021-05-02","2,950.33","2,945.04","2,984.52","2,854.12","1.30M","0.19%"
"2021-05-01","2,944.66","2,772.27","2,951.74","2,753.60","1.51M","6.20%"
"2021-04-30","2,772.78","2,757.02","2,797.61","2,726.03","1.52M","0.56%"
"2021-04-29","2,757.36","2,746.51","2,797.52","2,670.35","1.65M","0.39%"
"2021-04-28","2,746.54","2,665.83","2,759.03","2,562.74","1.74M","3.05%"
"2021-04-27","2,665.24","2,531.07","2,677.95","2,484.44","1.45M","5.22%"
"2021-04-26","2,533.12","2,320.63","2,539.80","2,305.97","1.79M","9.35%"
"2021-04-25","2,316.48","2,217.23","2,355.20","2,169.91","1.02M","4.54%"
"2021-04-24","2,215.93","2,367.35","2,367.46","2,159.60","1.61M","-6.39%"
"2021-04-23","2,367.31","2,398.95","2,440.21","2,119.26","3.46M","-1.41%"
"2021-04-22","2,401.10","2,360.32","2,642.99","2,313.46","3.17M","1.71%"
"2021-04-21","2,360.81","2,331.84","2,467.51","2,238.15","2.10M","1.23%"
"2021-04-20","2,332.14","2,161.06","2,345.18","2,058.00","1.86M","7.94%"
"2021-04-19","2,160.63","2,236.10","2,275.87","2,081.30","1.90M","-3.42%"
"2021-04-18","2,237.17","2,317.88","2,338.53","1,948.93","2.76M","-3.50%"
"2021-04-17","2,318.33","2,424.12","2,493.93","2,314.12","1.73M","-4.33%"
"2021-04-16","2,423.18","2,514.55","2,544.54","2,302.30","2.08M","-3.62%"
"2021-04-15","2,514.22","2,432.90","2,541.90","2,402.75","1.91M","3.40%"
"2021-04-14","2,431.56","2,299.25","2,445.40","2,281.49","2.11M","5.72%"
"2021-04-13","2,299.93","2,137.55","2,315.47","2,136.49","2.38M","7.58%"
"2021-04-12","2,137.81","2,150.79","2,199.52","2,103.73","2.16M","-0.63%"
"2021-04-11","2,151.42","2,133.89","2,164.76","2,114.55","1.97M","0.83%"
"2021-04-10","2,133.79","2,067.26","2,197.73","2,058.23","2.09M","3.23%"
"2021-04-09","2,066.93","2,080.20","2,101.07","2,050.39","2.47M","-0.62%"
"2021-04-08","2,079.92","1,962.44","2,084.08","1,951.83","1.73M","6.04%"
"2021-04-07","1,961.46","2,112.41","2,128.25","1,939.64","2.30M","-7.11%"
"2021-04-06","2,111.53","2,108.81","2,150.78","2,047.48","1.93M","0.24%"
"2021-04-05","2,106.41","2,076.14","2,127.89","2,004.05","2.31M","1.47%"
"2021-04-04","2,075.94","2,007.82","2,091.31","1,982.00","1.59M","3.35%"
"2021-04-03","2,008.59","2,134.66","2,137.68","2,004.40","2.01M","-5.90%"
"2021-04-02","2,134.55","1,968.12","2,144.11","1,949.99","2.47M","8.47%"
"2021-04-01","1,967.96","1,918.82","1,983.84","1,897.38","2.08M","2.61%"
"2021-03-31","1,917.99","1,841.01","1,945.40","1,774.66","2.59M","4.18%"
"2021-03-30","1,841.01","1,816.92","1,857.65","1,788.60","3.03M","1.34%"
"2021-03-29","1,816.69","1,686.88","1,839.41","1,678.38","1.94M","7.70%"
"2021-03-28","1,686.80","1,712.89","1,724.74","1,661.92","1.31M","-1.53%"
"2021-03-27","1,713.01","1,698.68","1,731.73","1,667.12","1.40M","0.85%"
"2021-03-26","1,698.60","1,586.36","1,699.27","1,586.28","1.64M","7.06%"
"2021-03-25","1,586.54","1,582.23","1,621.32","1,550.11","1.54M","0.26%"
"2021-03-24","1,582.38","1,668.42","1,739.82","1,546.48","1.88M","-5.13%"
"2021-03-23","1,667.90","1,681.50","1,720.01","1,654.14","1.46M","-0.86%"
"2021-03-22","1,682.37","1,783.58","1,806.62","1,659.28","1.58M","-5.68%"
"2021-03-21","1,783.72","1,804.60","1,815.85","1,748.47","1.43M","-1.16%"
"2021-03-20","1,804.60","1,809.09","1,868.09","1,801.60","27.03K","-0.28%"
"2021-03-19","1,809.64","1,775.87","1,848.88","1,735.42","1.20M","1.89%"
"2021-03-18","1,776.08","1,823.72","1,849.23","1,760.83","1.53M","-2.59%"
"2021-03-17","1,823.35","1,804.56","1,837.88","1,743.62","1.50M","1.03%"
"2021-03-16","1,804.85","1,792.08","1,817.35","1,715.97","1.81M","0.70%"
"2021-03-15","1,792.38","1,848.18","1,890.59","1,745.04","1.70M","-3.07%"
"2021-03-14","1,849.06","1,921.29","1,932.36","1,836.78","671.56K","-3.75%"
"2021-03-13","1,921.13","1,767.05","1,943.36","1,730.46","1.79M","8.73%"
"2021-03-12","1,766.90","1,827.44","1,841.19","1,723.18","1.52M","-3.23%"
"2021-03-11","1,825.79","1,794.28","1,845.32","1,729.05","1.58M","1.76%"
"2021-03-10","1,794.14","1,869.32","1,875.98","1,759.50","1.66M","-4.01%"
"2021-03-09","1,869.10","1,831.57","1,869.10","1,801.29","1.58M","2.05%"
"2021-03-08","1,831.49","1,727.17","1,841.05","1,665.54","1.97M","5.98%"
"2021-03-07","1,728.10","1,650.94","1,732.84","1,634.73","1.69M","4.78%"
"2021-03-06","1,649.19","1,530.24","1,670.01","1,514.62","2.07M","7.77%"
"2021-03-05","1,530.29","1,539.73","1,548.71","1,443.32","1.67M","-0.54%"
"2021-03-04","1,538.61","1,567.84","1,623.73","1,506.86","1.70M","-2.06%"
"2021-03-03","1,571.05","1,488.80","1,653.04","1,477.72","1.17M","5.54%"
"2021-03-02","1,488.62","1,570.00","1,602.13","1,457.22","1.74M","-5.18%"
"2021-03-01","1,570.03","1,418.91","1,571.15","1,411.55","1.92M","10.66%"
"2021-02-28","1,418.76","1,458.84","1,467.76","1,294.79","2.07M","-2.75%"
"2021-02-27","1,458.93","1,445.69","1,527.69","1,427.15","1.56M","0.93%"
"2021-02-26","1,445.44","1,476.77","1,561.66","1,403.30","2.13M","-2.08%"
"2021-02-25","1,476.15","1,623.76","1,669.24","1,460.92","1.75M","-9.09%"
"2021-02-24","1,623.71","1,578.27","1,711.16","1,505.79","2.19M","2.89%"
"2021-02-23","1,578.11","1,777.25","1,781.44","1,370.45","3.60M","-11.21%"
"2021-02-22","1,777.28","1,933.52","1,935.04","1,561.68","2.68M","-8.08%"
"2021-02-21","1,933.45","1,912.97","1,974.99","1,885.70","1.47M","1.02%"
"2021-02-20","1,913.88","1,955.54","2,040.79","1,800.00","2.29M","-2.13%"
"2021-02-19","1,955.59","1,934.17","1,968.93","1,892.70","1.78M","1.11%"
"2021-02-18","1,934.16","1,849.95","1,950.04","1,849.05","881.87K","4.66%"
"2021-02-17","1,847.95","1,781.44","1,854.03","1,734.15","1.69M","3.72%"
"2021-02-16","1,781.69","1,778.63","1,827.07","1,726.78","1.48M","0.16%"
"2021-02-15","1,778.82","1,800.60","1,835.51","1,661.09","1.94M","-1.27%"
"2021-02-14","1,801.78","1,815.44","1,850.00","1,787.11","1.43M","-0.76%"
"2021-02-13","1,815.49","1,840.90","1,871.36","1,766.05","1.44M","-1.39%"
"2021-02-12","1,841.02","1,786.74","1,862.17","1,741.04","1.75M","3.06%"
"2021-02-11","1,786.35","1,742.11","1,817.68","1,704.97","1.56M","2.54%"
"2021-02-10","1,742.09","1,770.81","1,835.40","1,683.52","2.01M","-1.61%"
"2021-02-09","1,770.63","1,750.19","1,818.94","1,711.40","1.94M","1.17%"
"2021-02-08","1,750.18","1,612.98","1,775.12","1,566.43","2.17M","8.50%"
"2021-02-07","1,612.99","1,676.62","1,692.29","1,491.68","1.94M","-3.80%"
"2021-02-06","1,676.63","1,719.11","1,742.90","1,648.03","1.78M","-2.48%"
"2021-02-05","1,719.20","1,593.91","1,760.09","1,589.28","1.80M","7.85%"
"2021-02-04","1,594.00","1,664.19","1,693.64","1,570.45","2.34M","-4.23%"
"2021-02-03","1,664.34","1,511.96","1,667.93","1,510.27","2.27M","10.12%"
"2021-02-02","1,511.36","1,373.31","1,546.88","1,361.63","2.73M","10.04%"
"2021-02-01","1,373.40","1,312.69","1,376.44","1,272.09","1.65M","4.62%"
"2021-01-31","1,312.73","1,377.05","1,380.04","1,282.41","1.54M","-4.67%"
"2021-01-30","1,376.96","1,379.78","1,405.78","1,327.66","1.59M","-0.17%"
"2021-01-29","1,379.30","1,329.16","1,436.27","1,288.26","3.33M","3.83%"
"2021-01-28","1,328.47","1,247.67","1,359.51","1,221.15","814.31K","6.48%"
"2021-01-27","1,247.62","1,366.14","1,372.31","1,210.40","2.90M","-8.68%"
"2021-01-26","1,366.27","1,317.67","1,377.94","1,246.45","2.56M","3.67%"
"2021-01-25","1,317.90","1,390.69","1,474.68","1,298.13","2.77M","-5.21%"
"2021-01-24","1,390.28","1,233.41","1,398.00","1,222.14","2.30M","12.72%"
"2021-01-23","1,233.40","1,234.34","1,271.65","1,196.94","1.46M","-0.10%"
"2021-01-22","1,234.58","1,118.01","1,272.85","1,045.02","2.94M","10.49%"
"2021-01-21","1,117.33","1,377.63","1,387.39","1,095.26","2.76M","-18.89%"
"2021-01-20","1,377.53","1,372.00","1,406.56","1,237.27","3.05M","0.40%"
"2021-01-19","1,372.00","1,258.10","1,437.42","1,252.36","2.27M","9.06%"
"2021-01-18","1,258.06","1,233.93","1,260.30","1,184.15","1.73M","2.06%"
"2021-01-17","1,232.64","1,228.33","1,269.01","1,168.39","2.15M","0.36%"
"2021-01-16","1,228.27","1,172.12","1,290.92","1,154.04","2.29M","4.83%"
"2021-01-15","1,171.68","1,233.34","1,256.13","1,079.19","2.85M","-4.44%"
"2021-01-14","1,226.17","1,128.80","1,246.52","1,088.52","1.55M","8.66%"
"2021-01-13","1,128.46","1,050.20","1,134.66","990.96","2.25M","7.45%"
"2021-01-12","1,050.19","1,086.96","1,149.19","1,008.28","3.09M","-3.78%"
"2021-01-11","1,091.47","1,255.84","1,257.30","917.96","4.19M","-13.10%"
"2021-01-10","1,256.04","1,275.87","1,347.98","1,180.45","2.65M","-1.53%"
"2021-01-09","1,275.58","1,215.92","1,301.75","1,172.39","1.99M","4.92%"
"2021-01-08","1,215.73","1,224.33","1,271.08","1,069.25","2.71M","-0.70%"
"2021-01-07","1,224.35","1,208.71","1,286.81","1,153.09","2.71M","1.37%"
"2021-01-06","1,207.77","1,099.77","1,210.78","1,060.67","3.75M","9.85%"
"2021-01-05","1,099.52","1,042.48","1,131.56","976.91","3.25M","5.48%"
"2021-01-04","1,042.40","977.76","1,158.27","894.24","5.19M","6.92%"
"2021-01-03","974.97","774.54","1,008.49","769.57","4.02M","25.88%"
"2021-01-02","774.50","729.00","787.26","715.15","2.25M","6.22%"
"2021-01-01","729.12","735.87","748.96","715.74","1.64M","-0.93%"