asset_symbol,price_date,close_price
BTC-USD,2021-01-01,29359.9
BTC-USD,2021-01-02,32193.3
BTC-USD,2021-01-03,32958.9
BTC-USD,2021-01-04,32022.6
BTC-USD,2021-01-05,33991.5
BTC-USD,2021-01-06,36793.2
BTC-USD,2021-01-07,39460.2
BTC-USD,2021-01-08,40599.3
BTC-USD,2021-01-09,40151.9
BTC-USD,2021-01-10,38192.2
BTC-USD,2021-01-11,35544.3
BTC-USD,2021-01-12,34076.1
BTC-USD,2021-01-13,37382.2
BTC-USD,2021-01-14,39175.7
BTC-USD,2021-01-15,36845.8
BTC-USD,2021-01-16,36019.5
BTC-USD,2021-01-17,35839.6
BTC-USD,2021-01-18,36613.2
BTC-USD,2021-01-19,36002.9
BTC-USD,2021-01-20,35476.3
BTC-USD,2021-01-21,30842.1
BTC-USD,2021-01-22,33000.5
BTC-USD,2021-01-23,32088.9
BTC-USD,2021-01-24,32241.3
BTC-USD,2021-01-25,32252.3
BTC-USD,2021-01-26,32502.1
BTC-USD,2021-01-27,30404.0
BTC-USD,2021-01-28,33374.8
BTC-USD,2021-01-29,34301.8
BTC-USD,2021-01-30,34283.1
BTC-USD,2021-01-31,33108.1
BTC-USD,2021-02-01,33515.7
BTC-USD,2021-02-02,35485.2
BTC-USD,2021-02-03,37646.8
BTC-USD,2021-02-04,36982.1
BTC-USD,2021-02-05,38297.6
BTC-USD,2021-02-06,39256.6
BTC-USD,2021-02-07,38852.9
BTC-USD,2021-02-08,46395.7
BTC-USD,2021-02-09,46508.6
BTC-USD,2021-02-10,44836.0
BTC-USD,2021-02-11,47990.7
BTC-USD,2021-02-12,47371.7
BTC-USD,2021-02-13,47168.7
BTC-USD,2021-02-14,48643.4
BTC-USD,2021-02-15,47936.3
BTC-USD,2021-02-16,49169.7
BTC-USD,2021-02-17,52079.2
BTC-USD,2021-02-18,51582.2
BTC-USD,2021-02-19,55906.6
BTC-USD,2021-02-20,55923.7
BTC-USD,2021-02-21,57433.8
BTC-USD,2021-02-22,54111.8
BTC-USD,2021-02-23,48911.2
BTC-USD,2021-02-24,49697.5
BTC-USD,2021-02-25,46928.5
BTC-USD,2021-02-26,46345.6
BTC-USD,2021-02-27,46136.7
BTC-USD,2021-02-28,45164.0
BTC-USD,2021-03-01,49595.5
BTC-USD,2021-03-02,48424.2
BTC-USD,2021-03-03,50395.1
BTC-USD,2021-03-04,48428.0
BTC-USD,2021-03-05,48792.5
BTC-USD,2021-03-06,48855.6
BTC-USD,2021-03-07,50982.3
BTC-USD,2021-03-08,52311.0
BTC-USD,2021-03-09,54879.0
BTC-USD,2021-03-10,55851.9
BTC-USD,2021-03-11,57799.5
BTC-USD,2021-03-12,57265.1
BTC-USD,2021-03-13,61195.3
BTC-USD,2021-03-14,59113.7
BTC-USD,2021-03-15,55791.3
BTC-USD,2021-03-16,56889.7
BTC-USD,2021-03-17,58913.5
BTC-USD,2021-03-18,57656.0
BTC-USD,2021-03-19,58088.0
BTC-USD,2021-03-20,58093.4
BTC-USD,2021-03-21,57383.8
BTC-USD,2021-03-22,54158.3
BTC-USD,2021-03-23,54452.5
BTC-USD,2021-03-24,52325.4
BTC-USD,2021-03-25,51322.3
BTC-USD,2021-03-26,55036.1
BTC-USD,2021-03-27,55862.9
BTC-USD,2021-03-28,55765.2
BTC-USD,2021-03-29,57616.2
BTC-USD,2021-03-30,58771.3
BTC-USD,2021-03-31,58763.7
BTC-USD,2021-04-01,58718.3
BTC-USD,2021-04-02,58977.3
BTC-USD,2021-04-03,57059.9
BTC-USD,2021-04-04,58199.9
BTC-USD,2021-04-05,58993.4
BTC-USD,2021-04-06,57996.3
BTC-USD,2021-04-07,55948.7
BTC-USD,2021-04-08,58077.4
BTC-USD,2021-04-09,58118.7
BTC-USD,2021-04-10,59748.4
BTC-USD,2021-04-11,59978.7
BTC-USD,2021-04-12,59863.8
BTC-USD,2021-04-13,63540.9
BTC-USD,2021-04-14,62980.4
BTC-USD,2021-04-15,63216.0
BTC-USD,2021-04-16,61379.7
BTC-USD,2021-04-17,60041.9
BTC-USD,2021-04-18,56207.1
BTC-USD,2021-04-19,55646.1
BTC-USD,2021-04-20,56483.2
BTC-USD,2021-04-21,53820.2
BTC-USD,2021-04-22,51729.5
BTC-USD,2021-04-23,51143.6
BTC-USD,2021-04-24,50088.9
BTC-USD,2021-04-25,48963.6
BTC-USD,2021-04-26,54020.5
BTC-USD,2021-04-27,55036.5
BTC-USD,2021-04-28,54841.4
BTC-USD,2021-04-29,53560.8
BTC-USD,2021-04-30,57720.3
BTC-USD,2021-05-01,57807.1
BTC-USD,2021-05-02,56603.8
BTC-USD,2021-05-03,57169.8
BTC-USD,2021-05-04,53741.5
BTC-USD,2021-05-05,57441.3
BTC-USD,2021-05-06,56405.4
BTC-USD,2021-05-07,57337.2
BTC-USD,2021-05-08,58840.1
BTC-USD,2021-05-09,58238.3
BTC-USD,2021-05-10,55848.9
BTC-USD,2021-05-11,56695.7
BTC-USD,2021-05-12,49384.2
BTC-USD,2021-05-13,49704.6
BTC-USD,2021-05-14,49839.8
BTC-USD,2021-05-15,46708.8
BTC-USD,2021-05-16,46426.4
BTC-USD,2021-05-17,43541.3
BTC-USD,2021-05-18,42897.3
BTC-USD,2021-05-19,36720.5
BTC-USD,2021-05-20,40717.2
BTC-USD,2021-05-21,37297.4
BTC-USD,2021-05-22,37448.3
BTC-USD,2021-05-23,34679.7
BTC-USD,2021-05-24,38750.6
BTC-USD,2021-05-25,38378.3
BTC-USD,2021-05-26,39249.2
BTC-USD,2021-05-27,38417.3
BTC-USD,2021-05-28,35662.5
BTC-USD,2021-05-29,34584.6
BTC-USD,2021-05-30,35652.8
BTC-USD,2021-05-31,37298.6
BTC-USD,2021-06-01,36687.6
BTC-USD,2021-06-02,37555.8
BTC-USD,2021-06-03,39187.3
BTC-USD,2021-06-04,36851.3
BTC-USD,2021-06-05,35520.0
BTC-USD,2021-06-06,35815.4
BTC-USD,2021-06-07,33578.0
BTC-USD,2021-06-08,33382.9
BTC-USD,2021-06-09,37332.2
BTC-USD,2021-06-10,36649.4
BTC-USD,2021-06-11,37314.6
BTC-USD,2021-06-12,35467.5
BTC-USD,2021-06-13,39022.9
BTC-USD,2021-06-14,40529.4
BTC-USD,2021-06-15,40156.1
BTC-USD,2021-06-16,38336.0
BTC-USD,2021-06-17,38052.0
BTC-USD,2021-06-18,35749.4
BTC-USD,2021-06-19,35513.4
BTC-USD,2021-06-20,35595.8
BTC-USD,2021-06-21,31692.0
BTC-USD,2021-06-22,32496.4
BTC-USD,2021-06-23,33674.3
BTC-USD,2021-06-24,34665.8
BTC-USD,2021-06-25,31594.0
BTC-USD,2021-06-26,32243.4
BTC-USD,2021-06-27,34678.5
BTC-USD,2021-06-28,34475.9
BTC-USD,2021-06-29,35834.7
BTC-USD,2021-06-30,35026.9
BTC-USD,2021-07-01,33543.6
BTC-USD,2021-07-02,33813.4
BTC-USD,2021-07-03,34742.8
BTC-USD,2021-07-04,35298.2
BTC-USD,2021-07-05,33687.8
BTC-USD,2021-07-06,34225.6
BTC-USD,2021-07-07,33867.8
BTC-USD,2021-07-08,32866.3
BTC-USD,2021-07-09,33797.4
BTC-USD,2021-07-10,33510.6
BTC-USD,2021-07-11,34227.7
BTC-USD,2021-07-12,33113.0
BTC-USD,2021-07-13,32728.1
BTC-USD,2021-07-14,32820.7
BTC-USD,2021-07-15,31840.5
BTC-USD,2021-07-16,31394.0
BTC-USD,2021-07-17,31518.6
BTC-USD,2021-07-18,31785.4
BTC-USD,2021-07-19,30837.2
BTC-USD,2021-07-20,29793.8
BTC-USD,2021-07-21,32131.4
BTC-USD,2021-07-22,32298.9
BTC-USD,2021-07-23,33603.3
BTC-USD,2021-07-24,33824.8
BTC-USD,2021-07-25,35391.1
BTC-USD,2021-07-26,37276.6
BTC-USD,2021-07-27,39452.0
BTC-USD,2021-07-28,40003.2
BTC-USD,2021-07-29,40001.4
BTC-USD,2021-07-30,42203.4
BTC-USD,2021-07-31,41553.7
BTC-USD,2021-08-01,39878.3
BTC-USD,2021-08-02,39168.4
BTC-USD,2021-08-03,38130.3
BTC-USD,2021-08-04,39736.9
BTC-USD,2021-08-05,40867.2
BTC-USD,2021-08-06,42795.4
BTC-USD,2021-08-07,44614.2
BTC-USD,2021-08-08,43792.8
BTC-USD,2021-08-09,46284.3
BTC-USD,2021-08-10,45593.8
BTC-USD,2021-08-11,45564.3
BTC-USD,2021-08-12,44403.4
BTC-USD,2021-08-13,47809.1
BTC-USD,2021-08-14,47081.5
BTC-USD,2021-08-15,46991.3
BTC-USD,2021-08-16,45996.3
BTC-USD,2021-08-17,44691.6
BTC-USD,2021-08-18,44723.8
BTC-USD,2021-08-19,46755.9
BTC-USD,2021-08-20,49324.0
BTC-USD,2021-08-21,48875.8
BTC-USD,2021-08-22,49254.5
BTC-USD,2021-08-23,49539.7
BTC-USD,2021-08-24,47714.7
BTC-USD,2021-08-25,48994.5
BTC-USD,2021-08-26,46831.6
BTC-USD,2021-08-27,49064.3
BTC-USD,2021-08-28,48897.1
BTC-USD,2021-08-29,48777.4
BTC-USD,2021-08-30,46992.7
BTC-USD,2021-08-31,47130.4
BTC-USD,2021-09-01,48819.4
BTC-USD,2021-09-02,49274.3
BTC-USD,2021-09-03,49999.0
BTC-USD,2021-09-04,49918.4
BTC-USD,2021-09-05,51768.6
BTC-USD,2021-09-06,52672.1
BTC-USD,2021-09-07,46779.6
BTC-USD,2021-09-08,46061.4
BTC-USD,2021-09-09,46385.6
BTC-USD,2021-09-10,44842.8
BTC-USD,2021-09-11,45161.9
BTC-USD,2021-09-12,46062.3
BTC-USD,2021-09-13,44949.5
BTC-USD,2021-09-14,47077.5
BTC-USD,2021-09-15,48130.6
BTC-USD,2021-09-16,47748.0
BTC-USD,2021-09-17,47282.8
BTC-USD,2021-09-18,48306.7
BTC-USD,2021-09-19,47238.7
BTC-USD,2021-09-20,42870.6
BTC-USD,2021-09-21,40651.3
BTC-USD,2021-09-22,43551.6
BTC-USD,2021-09-23,44869.2
BTC-USD,2021-09-24,42819.9
BTC-USD,2021-09-25,42686.8
BTC-USD,2021-09-26,43203.4
BTC-USD,2021-09-27,42172.6
BTC-USD,2021-09-28,41022.3
BTC-USD,2021-09-29,41536.8
BTC-USD,2021-09-30,43823.3
BTC-USD,2021-10-01,48146.0
BTC-USD,2021-10-02,47666.9
BTC-USD,2021-10-03,48200.1
BTC-USD,2021-10-04,49227.3
BTC-USD,2021-10-05,51469.3
BTC-USD,2021-10-06,55323.2
BTC-USD,2021-10-07,53783.9
BTC-USD,2021-10-08,53914.7
BTC-USD,2021-10-09,54942.5
BTC-USD,2021-10-10,54687.7
BTC-USD,2021-10-11,57477.3
BTC-USD,2021-10-12,56015.9
BTC-USD,2021-10-13,57380.1
BTC-USD,2021-10-14,57345.8
BTC-USD,2021-10-15,61672.5
BTC-USD,2021-10-16,60861.1
BTC-USD,2021-10-17,61527.5
BTC-USD,2021-10-18,62056.3
BTC-USD,2021-10-19,64278.5
BTC-USD,2021-10-20,65979.1
BTC-USD,2021-10-21,62210.2
BTC-USD,2021-10-22,60690.3
BTC-USD,2021-10-23,61312.5
BTC-USD,2021-10-24,60866.5
BTC-USD,2021-10-25,63067.0
BTC-USD,2021-10-26,60310.8
BTC-USD,2021-10-27,58438.1
BTC-USD,2021-10-28,60582.5
BTC-USD,2021-10-29,62242.8
BTC-USD,2021-10-30,61840.1
BTC-USD,2021-10-31,61309.6
BTC-USD,2021-11-01,60915.3
BTC-USD,2021-11-02,63221.7
BTC-USD,2021-11-03,62918.5
BTC-USD,2021-11-04,61412.6
BTC-USD,2021-11-05,60974.3
BTC-USD,2021-11-06,61483.9
BTC-USD,2021-11-07,63273.2
BTC-USD,2021-11-08,67527.9
BTC-USD,2021-11-09,66904.4
BTC-USD,2021-11-10,64932.6
BTC-USD,2021-11-11,64806.7
BTC-USD,2021-11-12,64134.5
BTC-USD,2021-11-13,64398.6
BTC-USD,2021-11-14,65508.2
BTC-USD,2021-11-15,63597.9
BTC-USD,2021-11-16,60089.1
BTC-USD,2021-11-17,60367.8
BTC-USD,2021-11-18,56955.3
BTC-USD,2021-11-19,58083.4
BTC-USD,2021-11-20,59717.6
BTC-USD,2021-11-21,58714.3
BTC-USD,2021-11-22,56308.8
BTC-USD,2021-11-23,57573.2
BTC-USD,2021-11-24,57171.7
BTC-USD,2021-11-25,58935.1
BTC-USD,2021-11-26,53730.9
BTC-USD,2021-11-27,54765.9
BTC-USD,2021-11-28,57291.5
BTC-USD,2021-11-29,57794.8
BTC-USD,2021-11-30,56882.9
BTC-USD,2021-12-01,57210.3
BTC-USD,2021-12-02,56496.0
BTC-USD,2021-12-03,53631.5
BTC-USD,2021-12-04,49195.2
BTC-USD,2021-12-05,49405.5
BTC-USD,2021-12-06,50562.1
BTC-USD,2021-12-07,50595.2
BTC-USD,2021-12-08,50473.9
BTC-USD,2021-12-09,47596.6
BTC-USD,2021-12-10,47137.2
BTC-USD,2021-12-11,49314.5
BTC-USD,2021-12-12,50081.0
BTC-USD,2021-12-13,46703.6
BTC-USD,2021-12-14,48366.5
BTC-USD,2021-12-15,48871.5
BTC-USD,2021-12-16,47628.2
BTC-USD,2021-12-17,46172.2
BTC-USD,2021-12-18,46856.2
BTC-USD,2021-12-19,46704.5
BTC-USD,2021-12-20,46895.2
BTC-USD,2021-12-21,48902.0
BTC-USD,2021-12-22,48599.7
BTC-USD,2021-12-23,50801.0
BTC-USD,2021-12-24,50786.1
BTC-USD,2021-12-25,50406.4
BTC-USD,2021-12-26,50779.9
BTC-USD,2021-12-27,50678.2
BTC-USD,2021-12-28,47545.2
BTC-USD,2021-12-29,46461.7
BTC-USD,2021-12-30,47123.3
BTC-USD,2021-12-31,46219.5
BTC-USD,2022-01-01,47738.0
BTC-USD,2022-01-02,47311.8
BTC-USD,2022-01-03,46430.2
BTC-USD,2022-01-04,45837.3
BTC-USD,2022-01-05,43425.9
BTC-USD,2022-01-06,43097.5
BTC-USD,2022-01-07,41546.7
BTC-USD,2022-01-08,41672.0
BTC-USD,2022-01-09,41848.3
BTC-USD,2022-01-10,41832.2
BTC-USD,2022-01-11,42733.2
BTC-USD,2022-01-12,43901.0
BTC-USD,2022-01-13,42560.0
BTC-USD,2022-01-14,43073.3
BTC-USD,2022-01-15,43097.0
BTC-USD,2022-01-16,43079.1
BTC-USD,2022-01-17,42209.3
BTC-USD,2022-01-18,42364.6
BTC-USD,2022-01-19,41677.8
BTC-USD,2022-01-20,40715.9
BTC-USD,2022-01-21,36475.5
BTC-USD,2022-01-22,35075.2
BTC-USD,2022-01-23,36269.5
BTC-USD,2022-01-24,36686.3
BTC-USD,2022-01-25,36950.6
BTC-USD,2022-01-26,36800.4
BTC-USD,2022-01-27,37164.3
BTC-USD,2022-01-28,37745.1
BTC-USD,2022-01-29,38170.8
BTC-USD,2022-01-30,37917.7
BTC-USD,2022-01-31,38498.6
BTC-USD,2022-02-01,38709.7
BTC-USD,2022-02-02,36890.2
BTC-USD,2022-02-03,37287.8
BTC-USD,2022-02-04,41567.6
BTC-USD,2022-02-05,41412.1
BTC-USD,2022-02-06,42392.2
BTC-USD,2022-02-07,43833.9
BTC-USD,2022-02-08,44038.2
BTC-USD,2022-02-09,44388.9
BTC-USD,2022-02-10,43521.0
BTC-USD,2022-02-11,42388.4
BTC-USD,2022-02-12,42205.2
BTC-USD,2022-02-13,42061.1
BTC-USD,2022-02-14,42550.3
BTC-USD,2022-02-15,44544.4
BTC-USD,2022-02-16,43883.6
BTC-USD,2022-02-17,40552.8
BTC-USD,2022-02-18,40000.1
BTC-USD,2022-02-19,40090.3
BTC-USD,2022-02-20,38355.0
BTC-USD,2022-02-21,37017.7
BTC-USD,2022-02-22,38248.2
BTC-USD,2022-02-23,37224.6
BTC-USD,2022-02-24,38339.2
BTC-USD,2022-02-25,39209.6
BTC-USD,2022-02-26,39115.5
BTC-USD,2022-02-27,37689.1
BTC-USD,2022-02-28,43188.2
BTC-USD,2022-03-01,44420.3
BTC-USD,2022-03-02,43912.8
BTC-USD,2022-03-03,42463.0
BTC-USD,2022-03-04,39142.7
BTC-USD,2022-03-05,39395.8
BTC-USD,2022-03-06,38403.1
BTC-USD,2022-03-07,38024.8
BTC-USD,2022-03-08,38744.8
BTC-USD,2022-03-09,41929.0
BTC-USD,2022-03-10,39416.3
BTC-USD,2022-03-11,38730.2
BTC-USD,2022-03-12,38814.3
BTC-USD,2022-03-13,37792.4
BTC-USD,2022-03-14,39671.1
BTC-USD,2022-03-15,39285.7
BTC-USD,2022-03-16,41118.7
BTC-USD,2022-03-17,40914.8
BTC-USD,2022-03-18,41767.8
BTC-USD,2022-03-19,42233.0
BTC-USD,2022-03-20,41276.0
BTC-USD,2022-03-21,41022.0
BTC-USD,2022-03-22,42373.0
BTC-USD,2022-03-23,42912.0
BTC-USD,2022-03-24,44013.0
BTC-USD,2022-03-25,44331.0
BTC-USD,2022-03-26,44548.0
BTC-USD,2022-03-27,46859.0
BTC-USD,2022-03-28,47105.0
BTC-USD,2022-03-29,47449.0
BTC-USD,2022-03-30,47075.0
BTC-USD,2022-03-31,45525.0
BTC-USD,2022-04-01,46297.0
BTC-USD,2022-04-02,45811.0
BTC-USD,2022-04-03,46407.0
BTC-USD,2022-04-04,46629.0
BTC-USD,2022-04-05,45506.0
BTC-USD,2022-04-06,43173.0
BTC-USD,2022-04-07,43448.0
BTC-USD,2022-04-08,42275.0
BTC-USD,2022-04-09,42767.0
BTC-USD,2022-04-10,42138.0
BTC-USD,2022-04-11,39497.0
BTC-USD,2022-04-12,40078.0
BTC-USD,2022-04-13,41133.0
BTC-USD,2022-04-14,39936.0
BTC-USD,2022-04-15,40560.0
BTC-USD,2022-04-16,40382.0
BTC-USD,2022-04-17,39703.0
BTC-USD,2022-04-18,40803.0
BTC-USD,2022-04-19,41503.0
BTC-USD,2022-04-20,41368.0
BTC-USD,2022-04-21,40482.0
BTC-USD,2022-04-22,39709.0
BTC-USD,2022-04-23,39418.0
BTC-USD,2022-04-24,39464.0
BTC-USD,2022-04-25,40427.0
BTC-USD,2022-04-26,38113.0
BTC-USD,2022-04-27,39243.0
BTC-USD,2022-04-28,39748.0
BTC-USD,2022-04-29,38581.0
BTC-USD,2022-04-30,37650.0
BTC-USD,2022-05-01,38461.0
BTC-USD,2022-05-02,38514.0
BTC-USD,2022-05-03,37718.0
BTC-USD,2022-05-04,39688.0
BTC-USD,2022-05-05,36544.0
BTC-USD,2022-05-06,36009.0
BTC-USD,2022-05-07,35468.0
BTC-USD,2022-05-08,34060.0
BTC-USD,2022-05-09,30095.0
BTC-USD,2022-05-10,31007.5
BTC-USD,2022-05-11,29068.2
BTC-USD,2022-05-12,28976.0
BTC-USD,2022-05-13,29284.4
BTC-USD,2022-05-14,30080.4
BTC-USD,2022-05-15,31308.7
BTC-USD,2022-05-16,29849.0
BTC-USD,2022-05-17,30437.5
BTC-USD,2022-05-18,28683.7
BTC-USD,2022-05-19,30305.9
BTC-USD,2022-05-20,29178.6
BTC-USD,2022-05-21,29434.6
BTC-USD,2022-05-22,30286.6
BTC-USD,2022-05-23,29093.3
BTC-USD,2022-05-24,29648.7
BTC-USD,2022-05-25,29540.6
BTC-USD,2022-05-26,29203.5
BTC-USD,2022-05-27,28601.2
BTC-USD,2022-05-28,29027.1
BTC-USD,2022-05-29,29465.2
BTC-USD,2022-05-30,31723.3
BTC-USD,2022-05-31,31793.4
BTC-USD,2022-06-01,29798.5
BTC-USD,2022-06-02,30455.5
BTC-USD,2022-06-03,29700.9
BTC-USD,2022-06-04,29864.3
BTC-USD,2022-06-05,29913.0
BTC-USD,2022-06-06,31367.6
BTC-USD,2022-06-07,31128.8
BTC-USD,2022-06-08,30201.6
BTC-USD,2022-06-09,30097.8
BTC-USD,2022-06-10,29083.3
BTC-USD,2022-06-11,28403.4
BTC-USD,2022-06-12,26606.3
BTC-USD,2022-06-13,22448.0
BTC-USD,2022-06-14,22157.3
BTC-USD,2022-06-15,22577.9
BTC-USD,2022-06-16,20386.6
BTC-USD,2022-06-17,20444.6
BTC-USD,2022-06-18,18986.5
BTC-USD,2022-06-19,20577.2
BTC-USD,2022-06-20,20572.3
BTC-USD,2022-06-21,20720.4
BTC-USD,2022-06-22,19965.8
BTC-USD,2022-06-23,21100.7
BTC-USD,2022-06-24,21226.9
BTC-USD,2022-06-25,21489.9
BTC-USD,2022-06-26,21043.5
BTC-USD,2022-06-27,20730.2
BTC-USD,2022-06-28,20278.0
BTC-USD,2022-06-29,20111.3
BTC-USD,2022-06-30,19926.6
BTC-USD,2022-07-01,19262.9
BTC-USD,2022-07-02,19243.2
BTC-USD,2022-07-03,19309.9
BTC-USD,2022-07-04,20215.8
BTC-USD,2022-07-05,20200.6
BTC-USD,2022-07-06,20561.1
BTC-USD,2022-07-07,21637.8
BTC-USD,2022-07-08,21611.2
BTC-USD,2022-07-09,21587.5
BTC-USD,2022-07-10,20847.4
BTC-USD,2022-07-11,19963.2
BTC-USD,2022-07-12,19330.9
BTC-USD,2022-07-13,20250.0
BTC-USD,2022-07-14,20586.0
BTC-USD,2022-07-15,20825.1
BTC-USD,2022-07-16,21209.9
BTC-USD,2022-07-17,20785.6
BTC-USD,2022-07-18,22525.8
BTC-USD,2022-07-19,23410.2
BTC-USD,2022-07-20,23215.2
BTC-USD,2022-07-21,23153.0
BTC-USD,2022-07-22,22675.2
BTC-USD,2022-07-23,22460.4
BTC-USD,2022-07-24,22582.1
BTC-USD,2022-07-25,21301.9
BTC-USD,2022-07-26,21248.7
BTC-USD,2022-07-27,22958.3
BTC-USD,2022-07-28,23850.0
BTC-USD,2022-07-29,23774.3
BTC-USD,2022-07-30,23634.2
BTC-USD,2022-07-31,23303.4
BTC-USD,2022-08-01,23271.2
BTC-USD,2022-08-02,22988.6
BTC-USD,2022-08-03,22820.8
BTC-USD,2022-08-04,22612.1
BTC-USD,2022-08-05,23308.2
BTC-USD,2022-08-06,22944.2
BTC-USD,2022-08-07,23175.3
BTC-USD,2022-08-08,23816.3
BTC-USD,2022-08-09,23146.7
BTC-USD,2022-08-10,23962.9
BTC-USD,2022-08-11,23935.3
BTC-USD,2022-08-12,24398.7
BTC-USD,2022-08-13,24442.5
BTC-USD,2022-08-14,24302.8
BTC-USD,2022-08-15,24101.7
BTC-USD,2022-08-16,23856.8
BTC-USD,2022-08-17,23338.0
BTC-USD,2022-08-18,23203.6
BTC-USD,2022-08-19,20831.3
BTC-USD,2022-08-20,21138.9
BTC-USD,2022-08-21,21517.2
BTC-USD,2022-08-22,21416.3
BTC-USD,2022-08-23,21517.2
BTC-USD,2022-08-24,21365.2
BTC-USD,2022-08-25,21565.4
BTC-USD,2022-08-26,20249.9
BTC-USD,2022-08-27,20033.9
BTC-USD,2022-08-28,19550.2
BTC-USD,2022-08-29,20295.8
BTC-USD,2022-08-30,19792.6
BTC-USD,2022-08-31,20043.9
BTC-USD,2022-09-01,20126.1
BTC-USD,2022-09-02,19952.7
BTC-USD,2022-09-03,19831.4
BTC-USD,2022-09-04,19999.9
BTC-USD,2022-09-05,19793.1
BTC-USD,2022-09-06,18786.4
BTC-USD,2022-09-07,19281.5
BTC-USD,2022-09-08,19317.4
BTC-USD,2022-09-09,21365.2
BTC-USD,2022-09-10,21650.4
BTC-USD,2022-09-11,21834.9
BTC-USD,2022-09-12,22395.3
BTC-USD,2022-09-13,20175.5
BTC-USD,2022-09-14,20222.5
BTC-USD,2022-09-15,19701.7
BTC-USD,2022-09-16,19802.4
BTC-USD,2022-09-17,20113.5
BTC-USD,2022-09-18,19418.8
BTC-USD,2022-09-19,19538.9
BTC-USD,2022-09-20,18872.4
BTC-USD,2022-09-21,18489.0
BTC-USD,2022-09-22,19404.0
BTC-USD,2022-09-23,19293.5
BTC-USD,2022-09-24,18925.2
BTC-USD,2022-09-25,18803.2
BTC-USD,2022-09-26,19225.7
BTC-USD,2022-09-27,19081.0
BTC-USD,2022-09-28,19411.0
BTC-USD,2022-09-29,19593.0
BTC-USD,2022-09-30,19423.0
BTC-USD,2022-10-01,19311.9
BTC-USD,2022-10-02,19052.2
BTC-USD,2022-10-03,19628.3
BTC-USD,2022-10-04,20340.2
BTC-USD,2022-10-05,20157.5
BTC-USD,2022-10-06,19956.7
BTC-USD,2022-10-07,19531.3
BTC-USD,2022-10-08,19415.0
BTC-USD,2022-10-09,19441.0
BTC-USD,2022-10-10,19134.6
BTC-USD,2022-10-11,19059.1
BTC-USD,2022-10-12,19154.8
BTC-USD,2022-10-13,19379.8
BTC-USD,2022-10-14,19181.8
BTC-USD,2022-10-15,19068.7
BTC-USD,2022-10-16,19261.9
BTC-USD,2022-10-17,19548.2
BTC-USD,2022-10-18,19328.2
BTC-USD,2022-10-19,19123.9
BTC-USD,2022-10-20,19042.9
BTC-USD,2022-10-21,19162.6
BTC-USD,2022-10-22,19204.8
BTC-USD,2022-10-23,19571.2
BTC-USD,2022-10-24,19331.5
BTC-USD,2022-10-25,20082.7
BTC-USD,2022-10-26,20769.5
BTC-USD,2022-10-27,20292.9
BTC-USD,2022-10-28,20594.4
BTC-USD,2022-10-29,20809.8
BTC-USD,2022-10-30,20626.3
BTC-USD,2022-10-31,20496.3
BTC-USD,2022-11-01,20483.5
BTC-USD,2022-11-02,20154.4
BTC-USD,2022-11-03,20206.4
BTC-USD,2022-11-04,21145.9
BTC-USD,2022-11-05,21301.6
BTC-USD,2022-11-06,20916.3
BTC-USD,2022-11-07,20589.0
BTC-USD,2022-11-08,18527.4
BTC-USD,2022-11-09,15886.9
BTC-USD,2022-11-10,17589.1
BTC-USD,2022-11-11,17049.9
BTC-USD,2022-11-12,16795.2
BTC-USD,2022-11-13,16324.5
BTC-USD,2022-11-14,16613.7
BTC-USD,2022-11-15,16895.1
BTC-USD,2022-11-16,16540.5
BTC-USD,2022-11-17,16691.2
BTC-USD,2022-11-18,16638.3
BTC-USD,2022-11-19,16699.2
BTC-USD,2022-11-20,16286.7
BTC-USD,2022-11-21,15776.2
BTC-USD,2022-11-22,16212.9
BTC-USD,2022-11-23,16623.9
BTC-USD,2022-11-24,16601.2
BTC-USD,2022-11-25,16512.3
BTC-USD,2022-11-26,16456.5
BTC-USD,2022-11-27,16425.6
BTC-USD,2022-11-28,16211.7
BTC-USD,2022-11-29,16440.4
BTC-USD,2022-11-30,17163.9
BTC-USD,2022-12-01,16972.0
BTC-USD,2022-12-02,17093.6
BTC-USD,2022-12-03,16884.5
BTC-USD,2022-12-04,17112.6
BTC-USD,2022-12-05,16966.5
BTC-USD,2022-12-06,17089.3
BTC-USD,2022-12-07,16835.2
BTC-USD,2022-12-08,17225.7
BTC-USD,2022-12-09,17125.7
BTC-USD,2022-12-10,17127.2
BTC-USD,2022-12-11,17093.3
BTC-USD,2022-12-12,17210.4
BTC-USD,2022-12-13,17778.6
BTC-USD,2022-12-14,17796.4
BTC-USD,2022-12-15,17356.1
BTC-USD,2022-12-16,16629.6
BTC-USD,2022-12-17,16777.1
BTC-USD,2022-12-18,16741.1
BTC-USD,2022-12-19,16441.3
BTC-USD,2022-12-20,16902.8
BTC-USD,2022-12-21,16831.8
BTC-USD,2022-12-22,16820.6
BTC-USD,2022-12-23,16779.1
BTC-USD,2022-12-24,16837.2
BTC-USD,2022-12-25,16831.8
BTC-USD,2022-12-26,16918.1
BTC-USD,2022-12-27,16706.1
BTC-USD,2022-12-28,16546.2
BTC-USD,2022-12-29,16636.4
BTC-USD,2022-12-30,16607.2
BTC-USD,2022-12-31,16537.4
BTC-USD,2023-01-01,16618.4
BTC-USD,2023-01-02,16674.3
BTC-USD,2023-01-03,16674.2
BTC-USD,2023-01-04,16852.1
BTC-USD,2023-01-05,16829.8
BTC-USD,2023-01-06,16950.9
BTC-USD,2023-01-07,16943.6
BTC-USD,2023-01-08,17119.0
BTC-USD,2023-01-09,17180.1
BTC-USD,2023-01-10,17439.1
BTC-USD,2023-01-11,17942.3
BTC-USD,2023-01-12,18851.3
BTC-USD,2023-01-13,19927.0
BTC-USD,2023-01-14,20958.2
BTC-USD,2023-01-15,20879.8
BTC-USD,2023-01-16,21184.2
BTC-USD,2023-01-17,21137.1
BTC-USD,2023-01-18,20670.6
BTC-USD,2023-01-19,21081.2
BTC-USD,2023-01-20,22677.2
BTC-USD,2023-01-21,22775.7
BTC-USD,2023-01-22,22707.8
BTC-USD,2023-01-23,22915.5
BTC-USD,2023-01-24,22632.5
BTC-USD,2023-01-25,23055.1
BTC-USD,2023-01-26,23016.0
BTC-USD,2023-01-27,23074.6
BTC-USD,2023-01-28,23027.9
BTC-USD,2023-01-29,23753.1
BTC-USD,2023-01-30,22832.2
BTC-USD,2023-01-31,23125.1
BTC-USD,2023-02-01,23725.6
BTC-USD,2023-02-02,23427.6
BTC-USD,2023-02-03,23431.2
BTC-USD,2023-02-04,23323.8
BTC-USD,2023-02-05,22936.0
BTC-USD,2023-02-06,22761.8
BTC-USD,2023-02-07,23251.7
BTC-USD,2023-02-08,22964.6
BTC-USD,2023-02-09,21792.5
BTC-USD,2023-02-10,21635.0
BTC-USD,2023-02-11,21859.8
BTC-USD,2023-02-12,21786.8
BTC-USD,2023-02-13,21772.6
BTC-USD,2023-02-14,22198.5
BTC-USD,2023-02-15,24327.9
BTC-USD,2023-02-16,23539.6
BTC-USD,2023-02-17,24573.5
BTC-USD,2023-02-18,24631.4
BTC-USD,2023-02-19,24302.9
BTC-USD,2023-02-20,24839.5
BTC-USD,2023-02-21,24450.7
BTC-USD,2023-02-22,24186.6
BTC-USD,2023-02-23,23936.3
BTC-USD,2023-02-24,23191.5
BTC-USD,2023-02-25,23166.1
BTC-USD,2023-02-26,23558.7
BTC-USD,2023-02-27,23494.1
BTC-USD,2023-02-28,23130.5
BTC-USD,2023-03-01,23642.2
BTC-USD,2023-03-02,23465.4
BTC-USD,2023-03-03,22354.4
BTC-USD,2023-03-04,22347.1
BTC-USD,2023-03-05,22428.3
BTC-USD,2023-03-06,22410.0
BTC-USD,2023-03-07,22197.8
BTC-USD,2023-03-08,21710.8
BTC-USD,2023-03-09,20361.8
BTC-USD,2023-03-10,20156.7
BTC-USD,2023-03-11,20467.5
BTC-USD,2023-03-12,21994.8
BTC-USD,2023-03-13,24114.4
BTC-USD,2023-03-14,24699.7
BTC-USD,2023-03-15,24282.7
BTC-USD,2023-03-16,25004.1
BTC-USD,2023-03-17,27391.8
BTC-USD,2023-03-18,26914.5
BTC-USD,2023-03-19,27958.7
BTC-USD,2023-03-20,27720.5
BTC-USD,2023-03-21,28114.0
BTC-USD,2023-03-22,27261.7
BTC-USD,2023-03-23,28310.7
BTC-USD,2023-03-24,27462.2
BTC-USD,2023-03-25,27475.6
BTC-USD,2023-03-26,27973.5
BTC-USD,2023-03-27,27129.8
BTC-USD,2023-03-28,27262.2
BTC-USD,2023-03-29,28350.4
BTC-USD,2023-03-30,28029.5
BTC-USD,2023-03-31,28473.7
BTC-USD,2023-04-01,28456.1
BTC-USD,2023-04-02,28198.3
BTC-USD,2023-04-03,27802.1
BTC-USD,2023-04-04,28164.4
BTC-USD,2023-04-05,28173.5
BTC-USD,2023-04-06,28036.7
BTC-USD,2023-04-07,27910.4
BTC-USD,2023-04-08,27941.2
BTC-USD,2023-04-09,28326.6
BTC-USD,2023-04-10,29641.0
BTC-USD,2023-04-11,30209.6
BTC-USD,2023-04-12,29886.4
BTC-USD,2023-04-13,30387.4
BTC-USD,2023-04-14,30472.5
BTC-USD,2023-04-15,30299.6
BTC-USD,2023-04-16,30310.3
BTC-USD,2023-04-17,29434.9
BTC-USD,2023-04-18,30382.2
BTC-USD,2023-04-19,28813.7
BTC-USD,2023-04-20,28240.5
BTC-USD,2023-04-21,27264.8
BTC-USD,2023-04-22,27813.9
BTC-USD,2023-04-23,27591.4
BTC-USD,2023-04-24,27509.3
BTC-USD,2023-04-25,28298.8
BTC-USD,2023-04-26,28424.6
BTC-USD,2023-04-27,29475.9
BTC-USD,2023-04-28,29321.8
BTC-USD,2023-04-29,29234.1
BTC-USD,2023-04-30,29252.1
BTC-USD,2023-05-01,28077.6
BTC-USD,2023-05-02,28669.1
BTC-USD,2023-05-03,29023.6
BTC-USD,2023-05-04,28842.1
BTC-USD,2023-05-05,29513.2
BTC-USD,2023-05-06,28857.1
BTC-USD,2023-05-07,28424.8
BTC-USD,2023-05-08,27670.5
BTC-USD,2023-05-09,27634.9
BTC-USD,2023-05-10,27603.3
BTC-USD,2023-05-11,26983.5
BTC-USD,2023-05-12,26799.2
BTC-USD,2023-05-13,26777.5
BTC-USD,2023-05-14,26920.0
BTC-USD,2023-05-15,27183.9
BTC-USD,2023-05-16,27035.3
BTC-USD,2023-05-17,27403.1
BTC-USD,2023-05-18,26828.0
BTC-USD,2023-05-19,26882.9
BTC-USD,2023-05-20,27116.2
BTC-USD,2023-05-21,26749.9
BTC-USD,2023-05-22,26847.3
BTC-USD,2023-05-23,27220.7
BTC-USD,2023-05-24,26328.4
BTC-USD,2023-05-25,26475.8
BTC-USD,2023-05-26,26711.5
BTC-USD,2023-05-27,26857.5
BTC-USD,2023-05-28,28071.2
BTC-USD,2023-05-29,27739.4
BTC-USD,2023-05-30,27698.2
BTC-USD,2023-05-31,27216.1
BTC-USD,2023-06-01,26819.0
BTC-USD,2023-06-02,27244.7
BTC-USD,2023-06-03,27072.0
BTC-USD,2023-06-04,27122.3
BTC-USD,2023-06-05,25747.4
BTC-USD,2023-06-06,27230.2
BTC-USD,2023-06-07,26342.5
BTC-USD,2023-06-08,26501.1
BTC-USD,2023-06-09,26479.3
BTC-USD,2023-06-10,25844.0
BTC-USD,2023-06-11,25928.4
BTC-USD,2023-06-12,25906.8
BTC-USD,2023-06-13,25929.4
BTC-USD,2023-06-14,25129.5
BTC-USD,2023-06-15,25591.3
BTC-USD,2023-06-16,26341.3
BTC-USD,2023-06-17,26515.0
BTC-USD,2023-06-18,26339.7
BTC-USD,2023-06-19,26845.9
BTC-USD,2023-06-20,28307.7
BTC-USD,2023-06-21,29996.9
BTC-USD,2023-06-22,29890.5
BTC-USD,2023-06-23,30679.4
BTC-USD,2023-06-24,30533.6
BTC-USD,2023-06-25,30465.3
BTC-USD,2023-06-26,30267.0
BTC-USD,2023-06-27,30689.1
BTC-USD,2023-06-28,30078.6
BTC-USD,2023-06-29,30445.7
BTC-USD,2023-06-30,30472.9
BTC-USD,2023-07-01,30586.8
BTC-USD,2023-07-02,30617.7
BTC-USD,2023-07-03,31151.3
BTC-USD,2023-07-04,30768.4
BTC-USD,2023-07-05,30512.8
BTC-USD,2023-07-06,29913.1
BTC-USD,2023-07-07,30346.4
BTC-USD,2023-07-08,30288.8
BTC-USD,2023-07-09,30166.9
BTC-USD,2023-07-10,30415.3
BTC-USD,2023-07-11,30623.3
BTC-USD,2023-07-12,30387.3
BTC-USD,2023-07-13,31466.1
BTC-USD,2023-07-14,30317.4
BTC-USD,2023-07-15,30291.4
BTC-USD,2023-07-16,30235.5
BTC-USD,2023-07-17,30139.7
BTC-USD,2023-07-18,29866.8
BTC-USD,2023-07-19,29909.7
BTC-USD,2023-07-20,29801.0
BTC-USD,2023-07-21,29903.1
BTC-USD,2023-07-22,29788.9
BTC-USD,2023-07-23,30085.9
BTC-USD,2023-07-24,29178.1
BTC-USD,2023-07-25,29228.6
BTC-USD,2023-07-26,29352.2
BTC-USD,2023-07-27,29222.7
BTC-USD,2023-07-28,29315.0
BTC-USD,2023-07-29,29353.5
BTC-USD,2023-07-30,29281.7
BTC-USD,2023-07-31,29232.4
BTC-USD,2023-08-01,29712.2
BTC-USD,2023-08-02,29173.7
BTC-USD,2023-08-03,29189.3
BTC-USD,2023-08-04,29105.5
BTC-USD,2023-08-05,29068.1
BTC-USD,2023-08-06,29081.3
BTC-USD,2023-08-07,29204.2
BTC-USD,2023-08-08,29777.4
BTC-USD,2023-08-09,29578.0
BTC-USD,2023-08-10,29449.0
BTC-USD,2023-08-11,29420.8
BTC-USD,2023-08-12,29428.2
BTC-USD,2023-08-13,29300.1
BTC-USD,2023-08-14,29426.7
BTC-USD,2023-08-15,29195.3
BTC-USD,2023-08-16,28726.3
BTC-USD,2023-08-17,26635.7
BTC-USD,2023-08-18,26053.2
BTC-USD,2023-08-19,26099.4
BTC-USD,2023-08-20,26190.8
BTC-USD,2023-08-21,26126.0
BTC-USD,2023-08-22,26039.9
BTC-USD,2023-08-23,26436.2
BTC-USD,2023-08-24,26177.0
BTC-USD,2023-08-25,26057.2
BTC-USD,2023-08-26,26017.1
BTC-USD,2023-08-27,26100.6
BTC-USD,2023-08-28,26118.9
BTC-USD,2023-08-29,27723.9
BTC-USD,2023-08-30,27298.8
BTC-USD,2023-08-31,25937.3
BTC-USD,2023-09-01,25803.2
BTC-USD,2023-09-02,25869.7
BTC-USD,2023-09-03,25971.0
BTC-USD,2023-09-04,25823.3
BTC-USD,2023-09-05,25790.2
BTC-USD,2023-09-06,25758.0
BTC-USD,2023-09-07,26249.8
BTC-USD,2023-09-08,25909.5
BTC-USD,2023-09-09,25901.1
BTC-USD,2023-09-10,25840.2
BTC-USD,2023-09-11,25166.4
BTC-USD,2023-09-12,25834.5
BTC-USD,2023-09-13,26223.0
BTC-USD,2023-09-14,26524.7
BTC-USD,2023-09-15,26601.0
BTC-USD,2023-09-16,26562.0
BTC-USD,2023-09-17,26529.1
BTC-USD,2023-09-18,26763.5
BTC-USD,2023-09-19,27209.2
BTC-USD,2023-09-20,27125.0
BTC-USD,2023-09-21,26570.0
BTC-USD,2023-09-22,26581.9
BTC-USD,2023-09-23,26579.2
BTC-USD,2023-09-24,26251.5
BTC-USD,2023-09-25,26302.7
BTC-USD,2023-09-26,26218.9
BTC-USD,2023-09-27,26366.1
BTC-USD,2023-09-28,27022.6
BTC-USD,2023-09-29,26909.8
BTC-USD,2023-09-30,26962.7
BTC-USD,2023-10-01,27974.5
BTC-USD,2023-10-02,27505.3
BTC-USD,2023-10-03,27428.4
BTC-USD,2023-10-04,27790.9
BTC-USD,2023-10-05,27410.3
BTC-USD,2023-10-06,27936.9
BTC-USD,2023-10-07,27961.1
BTC-USD,2023-10-08,27922.7
BTC-USD,2023-10-09,27581.4
BTC-USD,2023-10-10,27391.0
BTC-USD,2023-10-11,26876.6
BTC-USD,2023-10-12,26761.1
BTC-USD,2023-10-13,26863.5
BTC-USD,2023-10-14,26852.8
BTC-USD,2023-10-15,27161.2
BTC-USD,2023-10-16,28509.7
BTC-USD,2023-10-17,28403.6
BTC-USD,2023-10-18,28321.7
BTC-USD,2023-10-19,28723.0
BTC-USD,2023-10-20,29674.5
BTC-USD,2023-10-21,29912.9
BTC-USD,2023-10-22,29984.2
BTC-USD,2023-10-23,33041.8
BTC-USD,2023-10-24,33917.0
BTC-USD,2023-10-25,34496.8
BTC-USD,2023-10-26,34153.7
BTC-USD,2023-10-27,33901.8
BTC-USD,2023-10-28,34082.6
BTC-USD,2023-10-29,34526.7
BTC-USD,2023-10-30,34477.9
BTC-USD,2023-10-31,34650.6
BTC-USD,2023-11-01,35423.8
BTC-USD,2023-11-02,34931.4
BTC-USD,2023-11-03,34718.7
BTC-USD,2023-11-04,35065.8
BTC-USD,2023-11-05,35019.4
BTC-USD,2023-11-06,35042.0
BTC-USD,2023-11-07,35426.1
BTC-USD,2023-11-08,35636.9
BTC-USD,2023-11-09,36700.5
BTC-USD,2023-11-10,37303.0
BTC-USD,2023-11-11,37150.5
BTC-USD,2023-11-12,37064.4
BTC-USD,2023-11-13,36478.3
BTC-USD,2023-11-14,35549.3
BTC-USD,2023-11-15,37874.9
BTC-USD,2023-11-16,36161.2
BTC-USD,2023-11-17,36595.4
BTC-USD,2023-11-18,36568.6
BTC-USD,2023-11-19,37354.2
BTC-USD,2023-11-20,37454.1
BTC-USD,2023-11-21,35813.6
BTC-USD,2023-11-22,37410.8
BTC-USD,2023-11-23,37293.1
BTC-USD,2023-11-24,37717.3
BTC-USD,2023-11-25,37787.0
BTC-USD,2023-11-26,37451.8
BTC-USD,2023-11-27,37248.6
BTC-USD,2023-11-28,37823.3
BTC-USD,2023-11-29,37855.5
BTC-USD,2023-11-30,37712.9
BTC-USD,2023-12-01,38688.2
BTC-USD,2023-12-02,39458.4
BTC-USD,2023-12-03,39970.2
BTC-USD,2023-12-04,41987.8
BTC-USD,2023-12-05,44076.2
BTC-USD,2023-12-06,43776.3
BTC-USD,2023-12-07,43289.7
BTC-USD,2023-12-08,44175.5
BTC-USD,2023-12-09,43718.4
BTC-USD,2023-12-10,43791.0
BTC-USD,2023-12-11,41256.1
BTC-USD,2023-12-12,41487.0
BTC-USD,2023-12-13,42884.5
BTC-USD,2023-12-14,43025.9
BTC-USD,2023-12-15,41929.0
BTC-USD,2023-12-16,42271.7
BTC-USD,2023-12-17,41368.7
BTC-USD,2023-12-18,42659.7
BTC-USD,2023-12-19,42259.3
BTC-USD,2023-12-20,43662.8
BTC-USD,2023-12-21,43865.9
BTC-USD,2023-12-22,43968.9
BTC-USD,2023-12-23,43710.4
BTC-USD,2023-12-24,42981.5
BTC-USD,2023-12-25,43578.5
BTC-USD,2023-12-26,42513.3
BTC-USD,2023-12-27,43446.5
BTC-USD,2023-12-28,42581.1
BTC-USD,2023-12-29,42072.4
BTC-USD,2023-12-30,42136.7
BTC-USD,2023-12-31,42272.5
BTC-USD,2024-01-01,44183.4
BTC-USD,2024-01-02,44943.7
BTC-USD,2024-01-03,42836.1
BTC-USD,2024-01-04,44157.0
BTC-USD,2024-01-05,44156.9
BTC-USD,2024-01-06,43967.9
BTC-USD,2024-01-07,43927.3
BTC-USD,2024-01-08,46962.2
BTC-USD,2024-01-09,46129.0
BTC-USD,2024-01-10,46629.3
BTC-USD,2024-01-11,46348.2
BTC-USD,2024-01-12,42835.9
BTC-USD,2024-01-13,42851.3
BTC-USD,2024-01-14,41746.1
BTC-USD,2024-01-15,42510.7
BTC-USD,2024-01-16,43145.5
BTC-USD,2024-01-17,42768.7
BTC-USD,2024-01-18,41292.7
BTC-USD,2024-01-19,41648.0
BTC-USD,2024-01-20,41695.4
BTC-USD,2024-01-21,41583.2
BTC-USD,2024-01-22,39556.4
BTC-USD,2024-01-23,39888.8
BTC-USD,2024-01-24,40086.0
BTC-USD,2024-01-25,39935.7
BTC-USD,2024-01-26,41811.3
BTC-USD,2024-01-27,42120.9
BTC-USD,2024-01-28,42030.7
BTC-USD,2024-01-29,43299.8
BTC-USD,2024-01-30,42946.2
BTC-USD,2024-01-31,42580.5
BTC-USD,2024-02-01,43081.4
BTC-USD,2024-02-02,43194.7
BTC-USD,2024-02-03,43005.7
BTC-USD,2024-02-04,42581.4
BTC-USD,2024-02-05,42697.2
BTC-USD,2024-02-06,43087.7
BTC-USD,2024-02-07,44339.8
BTC-USD,2024-02-08,45293.3
BTC-USD,2024-02-09,47127.5
BTC-USD,2024-02-10,47758.2
BTC-USD,2024-02-11,48277.3
BTC-USD,2024-02-12,49941.3
BTC-USD,2024-02-13,49716.0
BTC-USD,2024-02-14,51782.4
BTC-USD,2024-02-15,51901.3
BTC-USD,2024-02-16,52134.2
BTC-USD,2024-02-17,51646.0
BTC-USD,2024-02-18,52117.5
BTC-USD,2024-02-19,51783.6
BTC-USD,2024-02-20,52263.5
BTC-USD,2024-02-21,51858.2
BTC-USD,2024-02-22,51320.4
BTC-USD,2024-02-23,50740.5
BTC-USD,2024-02-24,51571.6
BTC-USD,2024-02-25,51722.7
BTC-USD,2024-02-26,54495.1
BTC-USD,2024-02-27,57056.2
BTC-USD,2024-02-28,62467.6
BTC-USD,2024-02-29,61169.3
BTC-USD,2024-03-01,62397.7
BTC-USD,2024-03-02,61994.5
BTC-USD,2024-03-03,63135.8
BTC-USD,2024-03-04,68270.1
BTC-USD,2024-03-05,63792.6
BTC-USD,2024-03-06,66080.4
BTC-USD,2024-03-07,66855.3
BTC-USD,2024-03-08,68172.0
BTC-USD,2024-03-09,68366.5
BTC-USD,2024-03-10,68964.8
BTC-USD,2024-03-11,72099.1
BTC-USD,2024-03-12,71470.2
BTC-USD,2024-03-13,73066.3
BTC-USD,2024-03-14,71387.5
BTC-USD,2024-03-15,69463.7
BTC-USD,2024-03-16,65314.2
BTC-USD,2024-03-17,68391.2
BTC-USD,2024-03-18,67594.1
BTC-USD,2024-03-19,62050.0
BTC-USD,2024-03-20,67854.0
BTC-USD,2024-03-21,65503.8
BTC-USD,2024-03-22,63785.5
BTC-USD,2024-03-23,64037.8
BTC-USD,2024-03-24,67211.9
BTC-USD,2024-03-25,69892.0
BTC-USD,2024-03-26,69999.3
BTC-USD,2024-03-27,69442.4
BTC-USD,2024-03-28,70762.1
BTC-USD,2024-03-29,69871.7
BTC-USD,2024-03-30,69611.5
BTC-USD,2024-03-31,71332.0
BTC-USD,2024-04-01,69664.4
BTC-USD,2024-04-02,65439.2
BTC-USD,2024-04-03,65963.0
BTC-USD,2024-04-04,68496.5
BTC-USD,2024-04-05,67830.6
BTC-USD,2024-04-06,68890.6
BTC-USD,2024-04-07,69360.4
BTC-USD,2024-04-08,71630.1
BTC-USD,2024-04-09,69148.0
BTC-USD,2024-04-10,70622.1
BTC-USD,2024-04-11,70011.6
BTC-USD,2024-04-12,67151.9
BTC-USD,2024-04-13,63849.9
BTC-USD,2024-04-14,65697.4
BTC-USD,2024-04-15,63411.9
BTC-USD,2024-04-16,63805.3
BTC-USD,2024-04-17,61278.9
BTC-USD,2024-04-18,63481.4
BTC-USD,2024-04-19,63799.1
BTC-USD,2024-04-20,64961.1
BTC-USD,2024-04-21,64940.2
BTC-USD,2024-04-22,66829.3
BTC-USD,2024-04-23,66415.0
BTC-USD,2024-04-24,64285.7
BTC-USD,2024-04-25,64497.1
BTC-USD,2024-04-26,63766.4
BTC-USD,2024-04-27,63456.8
BTC-USD,2024-04-28,63109.7
BTC-USD,2024-04-29,63860.1
BTC-USD,2024-04-30,60666.6
BTC-USD,2024-05-01,58331.2
BTC-USD,2024-05-02,59121.3
BTC-USD,2024-05-03,62877.5
BTC-USD,2024-05-04,63888.3
BTC-USD,2024-05-05,64006.4
BTC-USD,2024-05-06,63163.1
BTC-USD,2024-05-07,62317.7
BTC-USD,2024-05-08,61207.5
BTC-USD,2024-05-09,63075.0
BTC-USD,2024-05-10,60796.9
BTC-USD,2024-05-11,60826.6
BTC-USD,2024-05-12,61480.0
BTC-USD,2024-05-13,62937.2
BTC-USD,2024-05-14,61569.4
BTC-USD,2024-05-15,66225.1
BTC-USD,2024-05-16,65231.0
BTC-USD,2024-05-17,67036.8
BTC-USD,2024-05-18,66917.5
BTC-USD,2024-05-19,66279.1
BTC-USD,2024-05-20,71422.7
BTC-USD,2024-05-21,70139.9
BTC-USD,2024-05-22,69155.4
BTC-USD,2024-05-23,67975.7
BTC-USD,2024-05-24,68547.6
BTC-USD,2024-05-25,69284.4
BTC-USD,2024-05-26,68514.8
BTC-USD,2024-05-27,69428.7
BTC-USD,2024-05-28,68366.0
BTC-USD,2024-05-29,67635.8
BTC-USD,2024-05-30,68354.7
BTC-USD,2024-05-31,67530.1
BTC-USD,2024-06-01,67760.8
BTC-USD,2024-06-02,67773.5
BTC-USD,2024-06-03,68807.8
BTC-USD,2024-06-04,70549.2
BTC-USD,2024-06-05,71083.7
BTC-USD,2024-06-06,70791.5
BTC-USD,2024-06-07,69347.9
BTC-USD,2024-06-08,69310.1
BTC-USD,2024-06-09,69650.6
BTC-USD,2024-06-10,69538.2
BTC-USD,2024-06-11,67319.8
BTC-USD,2024-06-12,68260.1
BTC-USD,2024-06-13,66773.1
BTC-USD,2024-06-14,66034.8
BTC-USD,2024-06-15,66223.0
BTC-USD,2024-06-16,66674.7
BTC-USD,2024-06-17,66498.8
BTC-USD,2024-06-18,65159.9
BTC-USD,2024-06-19,64980.9
BTC-USD,2024-06-20,64854.3
BTC-USD,2024-06-21,64128.5
BTC-USD,2024-06-22,64261.0
BTC-USD,2024-06-23,63196.2
BTC-USD,2024-06-24,60292.7
BTC-USD,2024-06-25,61809.4
BTC-USD,2024-06-26,60849.4
BTC-USD,2024-06-27,61685.3
BTC-USD,2024-06-28,60403.3
BTC-USD,2024-06-29,60973.4
BTC-USD,2024-06-30,62754.3
BTC-USD,2024-07-01,62890.1
BTC-USD,2024-07-02,62103.3
BTC-USD,2024-07-03,60199.3
BTC-USD,2024-07-04,57026.3
BTC-USD,2024-07-05,56641.8
BTC-USD,2024-07-06,58259.2
BTC-USD,2024-07-07,55861.1
BTC-USD,2024-07-08,56724.7
BTC-USD,2024-07-09,58039.4
BTC-USD,2024-07-10,57746.7
BTC-USD,2024-07-11,57337.3
BTC-USD,2024-07-12,57885.1
BTC-USD,2024-07-13,59209.8
BTC-USD,2024-07-14,60794.9
BTC-USD,2024-07-15,64782.4
BTC-USD,2024-07-16,65049.7
BTC-USD,2024-07-17,64089.2
BTC-USD,2024-07-18,63980.5
BTC-USD,2024-07-19,66677.4
BTC-USD,2024-07-20,67148.5
BTC-USD,2024-07-21,68158.7
BTC-USD,2024-07-22,67553.6
BTC-USD,2024-07-23,65937.8
BTC-USD,2024-07-24,65370.5
BTC-USD,2024-07-25,65799.3
BTC-USD,2024-07-26,67908.6
BTC-USD,2024-07-27,67843.1
BTC-USD,2024-07-28,68256.3
BTC-USD,2024-07-29,66798.7
BTC-USD,2024-07-30,66184.9
BTC-USD,2024-07-31,64626.0
BTC-USD,2024-08-01,65372.9
BTC-USD,2024-08-02,61478.7
BTC-USD,2024-08-03,60696.7
BTC-USD,2024-08-04,58141.8
BTC-USD,2024-08-05,53979.0
BTC-USD,2024-08-06,56057.8
BTC-USD,2024-08-07,55120.9
BTC-USD,2024-08-08,61699.7
BTC-USD,2024-08-09,60850.6
BTC-USD,2024-08-10,60931.7
BTC-USD,2024-08-11,58713.3
BTC-USD,2024-08-12,59350.0
BTC-USD,2024-08-13,60595.2
BTC-USD,2024-08-14,58707.8
BTC-USD,2024-08-15,57534.6
BTC-USD,2024-08-16,58877.2
BTC-USD,2024-08-17,59483.1
BTC-USD,2024-08-18,58446.3
BTC-USD,2024-08-19,59470.9
BTC-USD,2024-08-20,59005.8
BTC-USD,2024-08-21,61158.1
BTC-USD,2024-08-22,60372.2
BTC-USD,2024-08-23,64053.1
BTC-USD,2024-08-24,64159.3
BTC-USD,2024-08-25,64273.2
BTC-USD,2024-08-26,62846.2
BTC-USD,2024-08-27,59450.9
BTC-USD,2024-08-28,59016.0
BTC-USD,2024-08-29,59373.5
BTC-USD,2024-08-30,59119.7
BTC-USD,2024-08-31,58978.6
BTC-USD,2024-09-01,57315.7
BTC-USD,2024-09-02,59134.0
BTC-USD,2024-09-03,57479.8
BTC-USD,2024-09-04,57973.4
BTC-USD,2024-09-05,56183.2
BTC-USD,2024-09-06,53966.8
BTC-USD,2024-09-07,54156.5
BTC-USD,2024-09-08,54861.3
BTC-USD,2024-09-09,57049.6
BTC-USD,2024-09-10,57635.0
BTC-USD,2024-09-11,57338.7
BTC-USD,2024-09-12,58134.5
BTC-USD,2024-09-13,60511.6
BTC-USD,2024-09-14,59995.4
BTC-USD,2024-09-15,59138.5
BTC-USD,2024-09-16,58213.1
BTC-USD,2024-09-17,60309.1
BTC-USD,2024-09-18,61757.6
BTC-USD,2024-09-19,62938.6
BTC-USD,2024-09-20,63201.2
BTC-USD,2024-09-21,63348.1
BTC-USD,2024-09-22,63572.7
BTC-USD,2024-09-23,63331.8
BTC-USD,2024-09-24,64256.8
BTC-USD,2024-09-25,63156.5
BTC-USD,2024-09-26,65175.7
BTC-USD,2024-09-27,65776.3
BTC-USD,2024-09-28,65866.5
BTC-USD,2024-09-29,65607.1
BTC-USD,2024-09-30,63339.2
BTC-USD,2024-10-01,60835.5
BTC-USD,2024-10-02,60645.7
BTC-USD,2024-10-03,60751.2
BTC-USD,2024-10-04,62081.0
BTC-USD,2024-10-05,62061.4
BTC-USD,2024-10-06,62819.4
BTC-USD,2024-10-07,62245.6
BTC-USD,2024-10-08,62157.0
BTC-USD,2024-10-09,60628.8
BTC-USD,2024-10-10,60316.2
BTC-USD,2024-10-11,62499.4
BTC-USD,2024-10-12,63205.1
BTC-USD,2024-10-13,62870.9
BTC-USD,2024-10-14,66081.7
BTC-USD,2024-10-15,67077.5
BTC-USD,2024-10-16,67617.9
BTC-USD,2024-10-17,67418.4
BTC-USD,2024-10-18,68423.1
BTC-USD,2024-10-19,68372.0
BTC-USD,2024-10-20,69030.5
BTC-USD,2024-10-21,67371.3
BTC-USD,2024-10-22,67427.3
BTC-USD,2024-10-23,66663.7
BTC-USD,2024-10-24,68191.5
BTC-USD,2024-10-25,66696.8
BTC-USD,2024-10-26,67086.8
BTC-USD,2024-10-27,68004.6
BTC-USD,2024-10-28,69954.1
BTC-USD,2024-10-29,72730.4
BTC-USD,2024-10-30,72347.8
BTC-USD,2024-10-31,70281.8
BTC-USD,2024-11-01,69507.2
BTC-USD,2024-11-02,69325.8
BTC-USD,2024-11-03,68769.6
BTC-USD,2024-11-04,67848.8
BTC-USD,2024-11-05,69373.7
BTC-USD,2024-11-06,75586.3
BTC-USD,2024-11-07,75868.6
BTC-USD,2024-11-08,76517.3
BTC-USD,2024-11-09,76700.3
BTC-USD,2024-11-10,80388.5
BTC-USD,2024-11-11,88664.1
BTC-USD,2024-11-12,87941.3
BTC-USD,2024-11-13,90422.2
BTC-USD,2024-11-14,87294.0
BTC-USD,2024-11-15,91046.5
BTC-USD,2024-11-16,90539.1
BTC-USD,2024-11-17,89833.7
BTC-USD,2024-11-18,90478.7
BTC-USD,2024-11-19,92239.2
BTC-USD,2024-11-20,94303.9
BTC-USD,2024-11-21,98374.5
BTC-USD,2024-11-22,98929.7
BTC-USD,2024-11-23,97699.0
BTC-USD,2024-11-24,97935.2
BTC-USD,2024-11-25,93064.4
BTC-USD,2024-11-26,91977.6
BTC-USD,2024-11-27,95886.6
BTC-USD,2024-11-28,95645.5
BTC-USD,2024-11-29,97438.0
BTC-USD,2024-11-30,96405.7
BTC-USD,2024-12-01,97201.4
BTC-USD,2024-12-02,95846.6
BTC-USD,2024-12-03,95898.7
BTC-USD,2024-12-04,98635.8
BTC-USD,2024-12-05,96970.8
BTC-USD,2024-12-06,99760.7
BTC-USD,2024-12-07,99837.0
BTC-USD,2024-12-08,101115.8
BTC-USD,2024-12-09,97359.4
BTC-USD,2024-12-10,96600.3
BTC-USD,2024-12-11,101126.2
BTC-USD,2024-12-12,100009.9
BTC-USD,2024-12-13,101426.2
BTC-USD,2024-12-14,101417.7
BTC-USD,2024-12-15,104443.0
BTC-USD,2024-12-16,106057.6
BTC-USD,2024-12-17,106138.9
BTC-USD,2024-12-18,100197.8
BTC-USD,2024-12-19,97466.1
BTC-USD,2024-12-20,97795.7
BTC-USD,2024-12-21,97253.3
BTC-USD,2024-12-22,95183.8
BTC-USD,2024-12-23,94852.1
BTC-USD,2024-12-24,98668.1
BTC-USD,2024-12-25,99391.3
BTC-USD,2024-12-26,95777.7
BTC-USD,2024-12-27,94275.9
BTC-USD,2024-12-28,95284.5
BTC-USD,2024-12-29,93716.3
BTC-USD,2024-12-30,92779.8
BTC-USD,2024-12-31,93557.2
BTC-USD,2025-01-01,94560.2
BTC-USD,2025-01-02,96960.0
BTC-USD,2025-01-03,98167.5
BTC-USD,2025-01-04,98219.9
BTC-USD,2025-01-05,98347.7
BTC-USD,2025-01-06,102248.7
BTC-USD,2025-01-07,96929.8
BTC-USD,2025-01-08,95066.6
BTC-USD,2025-01-09,92539.8
BTC-USD,2025-01-10,94724.1
BTC-USD,2025-01-11,94612.0
BTC-USD,2025-01-12,94541.8
BTC-USD,2025-01-13,94536.1
BTC-USD,2025-01-14,96542.1
BTC-USD,2025-01-15,100499.8
BTC-USD,2025-01-16,100004.5
BTC-USD,2025-01-17,104084.9
BTC-USD,2025-01-18,104536.9
BTC-USD,2025-01-19,101319.5
BTC-USD,2025-01-20,102197.7
BTC-USD,2025-01-21,106157.2
BTC-USD,2025-01-22,103684.8
BTC-USD,2025-01-23,103912.1
BTC-USD,2025-01-24,104862.3
BTC-USD,2025-01-25,104742.9
BTC-USD,2025-01-26,102637.8
BTC-USD,2025-01-27,102091.7
BTC-USD,2025-01-28,101349.3
BTC-USD,2025-01-29,103722.0
BTC-USD,2025-01-30,104726.9
BTC-USD,2025-01-31,102424.2
BTC-USD,2025-02-01,100648.0
BTC-USD,2025-02-02,97684.9
BTC-USD,2025-02-03,101337.1
BTC-USD,2025-02-04,97793.4
BTC-USD,2025-02-05,96595.3
BTC-USD,2025-02-06,96568.8
BTC-USD,2025-02-07,96513.5
BTC-USD,2025-02-08,96447.9
BTC-USD,2025-02-09,96469.2
BTC-USD,2025-02-10,97434.7
BTC-USD,2025-02-11,95771.7
BTC-USD,2025-02-12,97881.3
BTC-USD,2025-02-13,96610.2
BTC-USD,2025-02-14,97504.6
BTC-USD,2025-02-15,97573.4
BTC-USD,2025-02-16,96132.1
BTC-USD,2025-02-17,95781.3
BTC-USD,2025-02-18,95638.0
BTC-USD,2025-02-19,96644.8
BTC-USD,2025-02-20,98310.3
BTC-USD,2025-02-21,96155.6
BTC-USD,2025-02-22,96556.1
BTC-USD,2025-02-23,96258.8
BTC-USD,2025-02-24,91508.5
BTC-USD,2025-02-25,88686.0
BTC-USD,2025-02-26,84212.7
BTC-USD,2025-02-27,84714.6
BTC-USD,2025-02-28,84381.2
BTC-USD,2025-03-01,86071.6
BTC-USD,2025-03-02,94265.1
BTC-USD,2025-03-03,86209.7
BTC-USD,2025-03-04,87266.3
BTC-USD,2025-03-05,90611.7
BTC-USD,2025-03-06,89930.9
BTC-USD,2025-03-07,86531.2
BTC-USD,2025-03-08,86221.9
BTC-USD,2025-03-09,80691.6
BTC-USD,2025-03-10,78575.9
BTC-USD,2025-03-11,82921.1
BTC-USD,2025-03-12,83664.3
BTC-USD,2025-03-13,81100.2
BTC-USD,2025-03-14,83977.1
BTC-USD,2025-03-15,84341.3
BTC-USD,2025-03-16,82578.4
BTC-USD,2025-03-17,84019.1
BTC-USD,2025-03-18,82719.1
BTC-USD,2025-03-19,86841.0
BTC-USD,2025-03-20,84208.1
BTC-USD,2025-03-21,84073.3
BTC-USD,2025-03-22,83840.5
BTC-USD,2025-03-23,86077.4
BTC-USD,2025-03-24,87490.0
BTC-USD,2025-03-25,87404.0
BTC-USD,2025-03-26,86912.0
BTC-USD,2025-03-27,87228.2
BTC-USD,2025-03-28,84410.4
BTC-USD,2025-03-29,82645.7
BTC-USD,2025-03-30,82371.6
BTC-USD,2025-03-31,82548.8
BTC-USD,2025-04-01,85164.2
BTC-USD,2025-04-02,82525.0
BTC-USD,2025-04-03,83159.4
BTC-USD,2025-04-04,83866.7
BTC-USD,2025-04-05,83552.1
BTC-USD,2025-04-06,78391.3
BTC-USD,2025-04-07,79162.5
BTC-USD,2025-04-08,76312.5
BTC-USD,2025-04-09,82607.0
BTC-USD,2025-04-10,79607.5
BTC-USD,2025-04-11,83413.1
BTC-USD,2025-04-12,85292.7
BTC-USD,2025-04-13,83734.4
BTC-USD,2025-04-14,84586.4
BTC-USD,2025-04-15,83647.0
BTC-USD,2025-04-16,84032.2
BTC-USD,2025-04-17,84940.0
BTC-USD,2025-04-18,84474.6
BTC-USD,2025-04-19,85068.1
BTC-USD,2025-04-20,85179.0
BTC-USD,2025-04-21,87516.0
BTC-USD,2025-04-22,93441.9
BTC-USD,2025-04-23,93697.7
BTC-USD,2025-04-24,93980.3
BTC-USD,2025-04-25,94676.9
BTC-USD,2025-04-26,94631.4
BTC-USD,2025-04-27,93742.5
BTC-USD,2025-04-28,94995.0
BTC-USD,2025-04-29,94269.8
BTC-USD,2025-04-30,94184.4
BTC-USD,2025-05-01,96499.3
BTC-USD,2025-05-02,96894.4
BTC-USD,2025-05-03,95885.8
BTC-USD,2025-05-04,94316.9
BTC-USD,2025-05-05,94745.2
BTC-USD,2025-05-06,96825.4
BTC-USD,2025-05-07,97035.1
BTC-USD,2025-05-08,103274.3
BTC-USD,2025-05-09,102975.1
BTC-USD,2025-05-10,104798.0
BTC-USD,2025-05-11,104119.2
BTC-USD,2025-05-12,102795.0
BTC-USD,2025-05-13,104119.2
BTC-USD,2025-05-14,103513.9
BTC-USD,2025-05-15,103765.4
BTC-USD,2025-05-16,103480.5
BTC-USD,2025-05-17,103112.6
BTC-USD,2025-05-18,106504.5
BTC-USD,2025-05-19,105585.8
BTC-USD,2025-05-20,106815.8
BTC-USD,2025-05-21,109640.1
BTC-USD,2025-05-22,111702.7
BTC-USD,2025-05-23,107313.4
BTC-USD,2025-05-24,107763.0
BTC-USD,2025-05-25,109021.1
BTC-USD,2025-05-26,109455.3
BTC-USD,2025-05-27,108944.0
BTC-USD,2025-05-28,107786.7
BTC-USD,2025-05-29,105600.0
BTC-USD,2025-05-30,103981.3
BTC-USD,2025-05-31,104598.0
BTC-USD,2025-06-01,105635.2
BTC-USD,2025-06-02,105845.6
BTC-USD,2025-06-03,105388.3
BTC-USD,2025-06-04,104695.6
BTC-USD,2025-06-05,101521.9
BTC-USD,2025-06-06,104308.3
BTC-USD,2025-06-07,105564.2
BTC-USD,2025-06-08,105739.6
BTC-USD,2025-06-09,110268.3
BTC-USD,2025-06-10,110269.2
BTC-USD,2025-06-11,108661.2
BTC-USD,2025-06-12,105703.0
BTC-USD,2025-06-13,106080.3
BTC-USD,2025-06-14,105421.5
BTC-USD,2025-06-15,105591.8
BTC-USD,2025-06-16,106740.4
BTC-USD,2025-06-17,104559.8
BTC-USD,2025-06-18,104894.2
BTC-USD,2025-06-19,104669.6
BTC-USD,2025-06-20,103280.5
BTC-USD,2025-06-21,102113.2
BTC-USD,2025-06-22,100990.4
BTC-USD,2025-06-23,105376.9
BTC-USD,2025-06-24,106078.6
BTC-USD,2025-06-25,107349.4
BTC-USD,2025-06-26,106945.9
BTC-USD,2025-06-27,107044.2
BTC-USD,2025-06-28,107304.4
BTC-USD,2025-06-29,108361.1
BTC-USD,2025-06-30,107171.1
BTC-USD,2025-07-01,105694.3
BTC-USD,2025-07-02,108843.7
BTC-USD,2025-07-03,109600.5
BTC-USD,2025-07-04,107989.6
BTC-USD,2025-07-05,108204.7
BTC-USD,2025-07-06,109207.0
BTC-USD,2025-07-07,108269.6
BTC-USD,2025-07-08,108913.1
BTC-USD,2025-07-09,111246.0
BTC-USD,2025-07-10,115993.6
BTC-USD,2025-07-11,117535.6
BTC-USD,2025-07-12,117419.5
BTC-USD,2025-07-13,119090.6
BTC-USD,2025-07-14,119849.5
BTC-USD,2025-07-15,117762.3
BTC-USD,2025-07-16,118683.2
BTC-USD,2025-07-17,119194.9
BTC-USD,2025-07-18,117940.3
BTC-USD,2025-07-19,117848.4
BTC-USD,2025-07-20,117297.2
BTC-USD,2025-07-21,117388.1
BTC-USD,2025-07-22,119965.5
BTC-USD,2025-07-23,118763.0
BTC-USD,2025-07-24,118310.9
BTC-USD,2025-07-25,117631.9
BTC-USD,2025-07-26,117917.6
BTC-USD,2025-07-27,119398.1
BTC-USD,2025-07-28,118053.9
BTC-USD,2025-07-29,117950.1
BTC-USD,2025-07-30,117840.4
BTC-USD,2025-07-31,115765.0
BTC-USD,2025-08-01,113312.1
BTC-USD,2025-08-02,112547.7
BTC-USD,2025-08-03,114213.1
BTC-USD,2025-08-04,115055.3
BTC-USD,2025-08-05,114139.1
BTC-USD,2025-08-06,115002.1
BTC-USD,2025-08-07,117480.5
BTC-USD,2025-08-08,116676.3
BTC-USD,2025-08-09,116471.6
BTC-USD,2025-08-10,119287.0
BTC-USD,2025-08-11,118689.6
BTC-USD,2025-08-12,120146.2
BTC-USD,2025-08-13,123323.4
BTC-USD,2025-08-14,118314.2
BTC-USD,2025-08-15,117356.3
BTC-USD,2025-08-16,117413.4
BTC-USD,2025-08-17,117405.4
BTC-USD,2025-08-18,116203.8
BTC-USD,2025-08-19,112880.3
BTC-USD,2025-08-20,114275.0
BTC-USD,2025-08-21,112481.1
BTC-USD,2025-08-22,116928.9
BTC-USD,2025-08-23,115433.3
BTC-USD,2025-08-24,113483.2
BTC-USD,2025-08-25,110118.4
BTC-USD,2025-08-26,111768.6
BTC-USD,2025-08-27,111255.6
BTC-USD,2025-08-28,112568.9
BTC-USD,2025-08-29,108355.6
BTC-USD,2025-08-30,108818.1
BTC-USD,2025-08-31,108226.8
BTC-USD,2025-09-01,109243.3
BTC-USD,2025-09-02,111218.3
BTC-USD,2025-09-03,111716.5
BTC-USD,2025-09-04,110712.7
BTC-USD,2025-09-05,110652.2
BTC-USD,2025-09-06,110194.4
BTC-USD,2025-09-07,111150.1
BTC-USD,2025-09-08,112068.4
BTC-USD,2025-09-09,111516.5
BTC-USD,2025-09-10,113963.5
BTC-USD,2025-09-11,115490.2
BTC-USD,2025-09-12,116042.8
BTC-USD,2025-09-13,115924.9
BTC-USD,2025-09-14,115314.6
BTC-USD,2025-09-15,115362.1
BTC-USD,2025-09-16,116795.9
BTC-USD,2025-09-17,116425.9
BTC-USD,2025-09-18,117086.0
BTC-USD,2025-09-19,115649.0
BTC-USD,2025-09-20,115699.2
BTC-USD,2025-09-21,115243.0
BTC-USD,2025-09-22,112673.0
BTC-USD,2025-09-23,112002.6
BTC-USD,2025-09-24,113307.1
BTC-USD,2025-09-25,109016.3
BTC-USD,2025-09-26,109662.2
BTC-USD,2025-09-27,109652.8
BTC-USD,2025-09-28,112174.6
BTC-USD,2025-09-29,114357.5
BTC-USD,2025-09-30,114048.5
BTC-USD,2025-10-01,118576.2
BTC-USD,2025-10-02,120566.1
BTC-USD,2025-10-03,122224.2
BTC-USD,2025-10-04,122387.1
BTC-USD,2025-10-05,123475.5
BTC-USD,2025-10-06,124725.1
BTC-USD,2025-10-07,121356.6
BTC-USD,2025-10-08,123311.1
BTC-USD,2025-10-09,121666.3
BTC-USD,2025-10-10,112878.6
BTC-USD,2025-10-11,110671.5
BTC-USD,2025-10-12,114986.0
BTC-USD,2025-10-13,115174.8
BTC-USD,2025-10-14,113030.8
BTC-USD,2025-10-15,110767.4
BTC-USD,2025-10-16,108204.8
BTC-USD,2025-10-17,106443.5
BTC-USD,2025-10-18,107193.5
BTC-USD,2025-10-19,108658.2
BTC-USD,2025-10-20,110544.0
BTC-USD,2025-10-21,108340.9
BTC-USD,2025-10-22,107587.5
BTC-USD,2025-10-23,110078.9
BTC-USD,2025-10-24,111013.1
BTC-USD,2025-10-25,111646.1
BTC-USD,2025-10-26,114550.9
BTC-USD,2025-10-27,114108.0
BTC-USD,2025-10-28,112905.8
BTC-USD,2025-10-29,110024.6
BTC-USD,2025-10-30,108320.1
BTC-USD,2025-10-31,109602.8
BTC-USD,2025-11-01,110103.6
BTC-USD,2025-11-02,110586.6
BTC-USD,2025-11-03,106578.1
BTC-USD,2025-11-04,101504.3
BTC-USD,2025-11-05,103896.7
BTC-USD,2025-11-06,101325.7
BTC-USD,2025-11-07,103325.4
BTC-USD,2025-11-08,102311.1
BTC-USD,2025-11-09,104722.4
BTC-USD,2025-11-10,106006.9
BTC-USD,2025-11-11,103046.7
BTC-USD,2025-11-12,101658.3
BTC-USD,2025-11-13,99728.7
BTC-USD,2025-11-14,94554.3
BTC-USD,2025-11-15,95587.6
BTC-USD,2025-11-16,94259.8
BTC-USD,2025-11-17,92195.0
BTC-USD,2025-11-18,92962.3
BTC-USD,2025-11-19,91544.1
BTC-USD,2025-11-20,86613.9
BTC-USD,2025-11-21,85131.0
BTC-USD,2025-11-22,84721.6
BTC-USD,2025-11-23,86826.6
BTC-USD,2025-11-24,88296.5
BTC-USD,2025-11-25,87366.8
BTC-USD,2025-11-26,90496.5
BTC-USD,2025-11-27,91324.6
BTC-USD,2025-11-28,90894.7
BTC-USD,2025-11-29,90800.5
BTC-USD,2025-11-30,90374.2
BTC-USD,2025-12-01,86309.1
ETH-USD,2021-01-01,729.12
ETH-USD,2021-01-02,774.5
ETH-USD,2021-01-03,974.97
ETH-USD,2021-01-04,1042.4
ETH-USD,2021-01-05,1099.52
ETH-USD,2021-01-06,1207.77
ETH-USD,2021-01-07,1224.35
ETH-USD,2021-01-08,1215.73
ETH-USD,2021-01-09,1275.58
ETH-USD,2021-01-10,1256.04
ETH-USD,2021-01-11,1091.47
ETH-USD,2021-01-12,1050.19
ETH-USD,2021-01-13,1128.46
ETH-USD,2021-01-14,1226.17
ETH-USD,2021-01-15,1171.68
ETH-USD,2021-01-16,1228.27
ETH-USD,2021-01-17,1232.64
ETH-USD,2021-01-18,1258.06
ETH-USD,2021-01-19,1372.0
ETH-USD,2021-01-20,1377.53
ETH-USD,2021-01-21,1117.33
ETH-USD,2021-01-22,1234.58
ETH-USD,2021-01-23,1233.4
ETH-USD,2021-01-24,1390.28
ETH-USD,2021-01-25,1317.9
ETH-USD,2021-01-26,1366.27
ETH-USD,2021-01-27,1247.62
ETH-USD,2021-01-28,1328.47
ETH-USD,2021-01-29,1379.3
ETH-USD,2021-01-30,1376.96
ETH-USD,2021-01-31,1312.73
ETH-USD,2021-02-01,1373.4
ETH-USD,2021-02-02,1511.36
ETH-USD,2021-02-03,1664.34
ETH-USD,2021-02-04,1594.0
ETH-USD,2021-02-05,1719.2
ETH-USD,2021-02-06,1676.63
ETH-USD,2021-02-07,1612.99
ETH-USD,2021-02-08,1750.18
ETH-USD,2021-02-09,1770.63
ETH-USD,2021-02-10,1742.09
ETH-USD,2021-02-11,1786.35
ETH-USD,2021-02-12,1841.02
ETH-USD,2021-02-13,1815.49
ETH-USD,2021-02-14,1801.78
ETH-USD,2021-02-15,1778.82
ETH-USD,2021-02-16,1781.69
ETH-USD,2021-02-17,1847.95
ETH-USD,2021-02-18,1934.16
ETH-USD,2021-02-19,1955.59
ETH-USD,2021-02-20,1913.88
ETH-USD,2021-02-21,1933.45
ETH-USD,2021-02-22,1777.28
ETH-USD,2021-02-23,1578.11
ETH-USD,2021-02-24,1623.71
ETH-USD,2021-02-25,1476.15
ETH-USD,2021-02-26,1445.44
ETH-USD,2021-02-27,1458.93
ETH-USD,2021-02-28,1418.76
ETH-USD,2021-03-01,1570.03
ETH-USD,2021-03-02,1488.62
ETH-USD,2021-03-03,1571.05
ETH-USD,2021-03-04,1538.61
ETH-USD,2021-03-05,1530.29
ETH-USD,2021-03-06,1649.19
ETH-USD,2021-03-07,1728.1
ETH-USD,2021-03-08,1831.49
ETH-USD,2021-03-09,1869.1
ETH-USD,2021-03-10,1794.14
ETH-USD,2021-03-11,1825.79
ETH-USD,2021-03-12,1766.9
ETH-USD,2021-03-13,1921.13
ETH-USD,2021-03-14,1849.06
ETH-USD,2021-03-15,1792.38
ETH-USD,2021-03-16,1804.85
ETH-USD,2021-03-17,1823.35
ETH-USD,2021-03-18,1776.08
ETH-USD,2021-03-19,1809.64
ETH-USD,2021-03-20,1804.6
ETH-USD,2021-03-21,1783.72
ETH-USD,2021-03-22,1682.37
ETH-USD,2021-03-23,1667.9
ETH-USD,2021-03-24,1582.38
ETH-USD,2021-03-25,1586.54
ETH-USD,2021-03-26,1698.6
ETH-USD,2021-03-27,1713.01
ETH-USD,2021-03-28,1686.8
ETH-USD,2021-03-29,1816.69
ETH-USD,2021-03-30,1841.01
ETH-USD,2021-03-31,1917.99
ETH-USD,2021-04-01,1967.96
ETH-USD,2021-04-02,2134.55
ETH-USD,2021-04-03,2008.59
ETH-USD,2021-04-04,2075.94
ETH-USD,2021-04-05,2106.41
ETH-USD,2021-04-06,2111.53
ETH-USD,2021-04-07,1961.46
ETH-USD,2021-04-08,2079.92
ETH-USD,2021-04-09,2066.93
ETH-USD,2021-04-10,2133.79
ETH-USD,2021-04-11,2151.42
ETH-USD,2021-04-12,2137.81
ETH-USD,2021-04-13,2299.93
ETH-USD,2021-04-14,2431.56
ETH-USD,2021-04-15,2514.22
ETH-USD,2021-04-16,2423.18
ETH-USD,2021-04-17,2318.33
ETH-USD,2021-04-18,2237.17
ETH-USD,2021-04-19,2160.63
ETH-USD,2021-04-20,2332.14
ETH-USD,2021-04-21,2360.81
ETH-USD,2021-04-22,2401.1
ETH-USD,2021-04-23,2367.31
ETH-USD,2021-04-24,2215.93
ETH-USD,2021-04-25,2316.48
ETH-USD,2021-04-26,2533.12
ETH-USD,2021-04-27,2665.24
ETH-USD,2021-04-28,2746.54
ETH-USD,2021-04-29,2757.36
ETH-USD,2021-04-30,2772.78
ETH-USD,2021-05-01,2944.66
ETH-USD,2021-05-02,2950.33
ETH-USD,2021-05-03,3429.37
ETH-USD,2021-05-04,3286.71
ETH-USD,2021-05-05,3522.76
ETH-USD,2021-05-06,3489.52
ETH-USD,2021-05-07,3481.22
ETH-USD,2021-05-08,3905.55
ETH-USD,2021-05-09,3922.23
ETH-USD,2021-05-10,3947.9
ETH-USD,2021-05-11,4167.78
ETH-USD,2021-05-12,3811.77
ETH-USD,2021-05-13,3719.62
ETH-USD,2021-05-14,4075.38
ETH-USD,2021-05-15,3641.65
ETH-USD,2021-05-16,3582.12
ETH-USD,2021-05-17,3279.68
ETH-USD,2021-05-18,3377.55
ETH-USD,2021-05-19,2435.69
ETH-USD,2021-05-20,2777.55
ETH-USD,2021-05-21,2433.11
ETH-USD,2021-05-22,2291.6
ETH-USD,2021-05-23,2101.34
ETH-USD,2021-05-24,2646.79
ETH-USD,2021-05-25,2705.09
ETH-USD,2021-05-26,2884.66
ETH-USD,2021-05-27,2735.88
ETH-USD,2021-05-28,2414.29
ETH-USD,2021-05-29,2276.07
ETH-USD,2021-05-30,2386.1
ETH-USD,2021-05-31,2708.47
ETH-USD,2021-06-01,2633.67
ETH-USD,2021-06-02,2706.1
ETH-USD,2021-06-03,2853.35
ETH-USD,2021-06-04,2686.5
ETH-USD,2021-06-05,2628.98
ETH-USD,2021-06-06,2713.66
ETH-USD,2021-06-07,2592.63
ETH-USD,2021-06-08,2510.65
ETH-USD,2021-06-09,2606.23
ETH-USD,2021-06-10,2469.97
ETH-USD,2021-06-11,2351.45
ETH-USD,2021-06-12,2368.47
ETH-USD,2021-06-13,2508.27
ETH-USD,2021-06-14,2581.48
ETH-USD,2021-06-15,2543.83
ETH-USD,2021-06-16,2367.28
ETH-USD,2021-06-17,2371.62
ETH-USD,2021-06-18,2229.53
ETH-USD,2021-06-19,2166.91
ETH-USD,2021-06-20,2243.86
ETH-USD,2021-06-21,1891.18
ETH-USD,2021-06-22,1876.66
ETH-USD,2021-06-23,1968.39
ETH-USD,2021-06-24,1989.14
ETH-USD,2021-06-25,1810.57
ETH-USD,2021-06-26,1830.62
ETH-USD,2021-06-27,1979.88
ETH-USD,2021-06-28,2083.09
ETH-USD,2021-06-29,2158.71
ETH-USD,2021-06-30,2273.84
ETH-USD,2021-07-01,2109.11
ETH-USD,2021-07-02,2154.78
ETH-USD,2021-07-03,2224.7
ETH-USD,2021-07-04,2323.22
ETH-USD,2021-07-05,2196.16
ETH-USD,2021-07-06,2322.72
ETH-USD,2021-07-07,2316.57
ETH-USD,2021-07-08,2120.22
ETH-USD,2021-07-09,2145.89
ETH-USD,2021-07-10,2111.12
ETH-USD,2021-07-11,2139.35
ETH-USD,2021-07-12,2035.09
ETH-USD,2021-07-13,1940.72
ETH-USD,2021-07-14,1994.64
ETH-USD,2021-07-15,1917.21
ETH-USD,2021-07-16,1878.2
ETH-USD,2021-07-17,1897.98
ETH-USD,2021-07-18,1892.42
ETH-USD,2021-07-19,1818.07
ETH-USD,2021-07-20,1786.07
ETH-USD,2021-07-21,1994.49
ETH-USD,2021-07-22,2024.58
ETH-USD,2021-07-23,2123.61
ETH-USD,2021-07-24,2151.85
ETH-USD,2021-07-25,2189.79
ETH-USD,2021-07-26,2229.53
ETH-USD,2021-07-27,2300.22
ETH-USD,2021-07-28,2299.11
ETH-USD,2021-07-29,2380.93
ETH-USD,2021-07-30,2460.95
ETH-USD,2021-07-31,2532.19
ETH-USD,2021-08-01,2556.23
ETH-USD,2021-08-02,2608.04
ETH-USD,2021-08-03,2506.65
ETH-USD,2021-08-04,2725.29
ETH-USD,2021-08-05,2827.21
ETH-USD,2021-08-06,2889.43
ETH-USD,2021-08-07,3158.0
ETH-USD,2021-08-08,3012.07
ETH-USD,2021-08-09,3162.93
ETH-USD,2021-08-10,3140.71
ETH-USD,2021-08-11,3163.66
ETH-USD,2021-08-12,3043.61
ETH-USD,2021-08-13,3322.43
ETH-USD,2021-08-14,3264.69
ETH-USD,2021-08-15,3308.87
ETH-USD,2021-08-16,3147.65
ETH-USD,2021-08-17,3014.58
ETH-USD,2021-08-18,3016.91
ETH-USD,2021-08-19,3184.82
ETH-USD,2021-08-20,3284.21
ETH-USD,2021-08-21,3223.96
ETH-USD,2021-08-22,3238.7
ETH-USD,2021-08-23,3319.49
ETH-USD,2021-08-24,3173.26
ETH-USD,2021-08-25,3228.15
ETH-USD,2021-08-26,3093.54
ETH-USD,2021-08-27,3273.58
ETH-USD,2021-08-28,3243.9
ETH-USD,2021-08-29,3222.16
ETH-USD,2021-08-30,3225.67
ETH-USD,2021-08-31,3430.74
ETH-USD,2021-09-01,3832.73
ETH-USD,2021-09-02,3786.19
ETH-USD,2021-09-03,3936.29
ETH-USD,2021-09-04,3884.97
ETH-USD,2021-09-05,3950.62
ETH-USD,2021-09-06,3927.21
ETH-USD,2021-09-07,3423.12
ETH-USD,2021-09-08,3495.1
ETH-USD,2021-09-09,3423.51
ETH-USD,2021-09-10,3207.27
ETH-USD,2021-09-11,3267.33
ETH-USD,2021-09-12,3408.28
ETH-USD,2021-09-13,3284.52
ETH-USD,2021-09-14,3428.87
ETH-USD,2021-09-15,3611.9
ETH-USD,2021-09-16,3569.43
ETH-USD,2021-09-17,3398.65
ETH-USD,2021-09-18,3435.97
ETH-USD,2021-09-19,3329.12
ETH-USD,2021-09-20,2976.05
ETH-USD,2021-09-21,2761.52
ETH-USD,2021-09-22,3077.78
ETH-USD,2021-09-23,3152.92
ETH-USD,2021-09-24,2928.57
ETH-USD,2021-09-25,2922.55
ETH-USD,2021-09-26,3063.51
ETH-USD,2021-09-27,2926.24
ETH-USD,2021-09-28,2807.28
ETH-USD,2021-09-29,2851.5
ETH-USD,2021-09-30,3000.59
ETH-USD,2021-10-01,3309.13
ETH-USD,2021-10-02,3388.97
ETH-USD,2021-10-03,3417.34
ETH-USD,2021-10-04,3382.9
ETH-USD,2021-10-05,3517.26
ETH-USD,2021-10-06,3575.41
ETH-USD,2021-10-07,3586.0
ETH-USD,2021-10-08,3559.42
ETH-USD,2021-10-09,3574.2
ETH-USD,2021-10-10,3415.03
ETH-USD,2021-10-11,3545.06
ETH-USD,2021-10-12,3489.9
ETH-USD,2021-10-13,3607.28
ETH-USD,2021-10-14,3790.41
ETH-USD,2021-10-15,3866.9
ETH-USD,2021-10-16,3827.55
ETH-USD,2021-10-17,3845.47
ETH-USD,2021-10-18,3747.6
ETH-USD,2021-10-19,3876.78
ETH-USD,2021-10-20,4159.89
ETH-USD,2021-10-21,4054.16
ETH-USD,2021-10-22,3970.94
ETH-USD,2021-10-23,4168.85
ETH-USD,2021-10-24,4082.8
ETH-USD,2021-10-25,4219.92
ETH-USD,2021-10-26,4129.51
ETH-USD,2021-10-27,3921.93
ETH-USD,2021-10-28,4284.9
ETH-USD,2021-10-29,4413.7
ETH-USD,2021-10-30,4320.65
ETH-USD,2021-10-31,4287.56
ETH-USD,2021-11-01,4320.85
ETH-USD,2021-11-02,4586.06
ETH-USD,2021-11-03,4602.21
ETH-USD,2021-11-04,4535.11
ETH-USD,2021-11-05,4475.0
ETH-USD,2021-11-06,4517.36
ETH-USD,2021-11-07,4612.06
ETH-USD,2021-11-08,4808.38
ETH-USD,2021-11-09,4731.83
ETH-USD,2021-11-10,4634.03
ETH-USD,2021-11-11,4720.87
ETH-USD,2021-11-12,4667.31
ETH-USD,2021-11-13,4644.61
ETH-USD,2021-11-14,4625.59
ETH-USD,2021-11-15,4562.98
ETH-USD,2021-11-16,4208.16
ETH-USD,2021-11-17,4290.88
ETH-USD,2021-11-18,4001.87
ETH-USD,2021-11-19,4295.43
ETH-USD,2021-11-20,4408.85
ETH-USD,2021-11-21,4268.08
ETH-USD,2021-11-22,4086.95
ETH-USD,2021-11-23,4340.23
ETH-USD,2021-11-24,4273.54
ETH-USD,2021-11-25,4520.3
ETH-USD,2021-11-26,4034.53
ETH-USD,2021-11-27,4094.8
ETH-USD,2021-11-28,4296.98
ETH-USD,2021-11-29,4443.22
ETH-USD,2021-11-30,4628.9
ETH-USD,2021-12-01,4583.28
ETH-USD,2021-12-02,4512.9
ETH-USD,2021-12-03,4219.3
ETH-USD,2021-12-04,4123.46
ETH-USD,2021-12-05,4194.8
ETH-USD,2021-12-06,4353.31
ETH-USD,2021-12-07,4307.08
ETH-USD,2021-12-08,4435.74
ETH-USD,2021-12-09,4107.69
ETH-USD,2021-12-10,3903.48
ETH-USD,2021-12-11,4075.66
ETH-USD,2021-12-12,4131.78
ETH-USD,2021-12-13,3781.94
ETH-USD,2021-12-14,3861.55
ETH-USD,2021-12-15,4019.24
ETH-USD,2021-12-16,3956.62
ETH-USD,2021-12-17,3878.29
ETH-USD,2021-12-18,3959.83
ETH-USD,2021-12-19,3925.34
ETH-USD,2021-12-20,3938.8
ETH-USD,2021-12-21,4016.59
ETH-USD,2021-12-22,3979.54
ETH-USD,2021-12-23,4110.14
ETH-USD,2021-12-24,4043.39
ETH-USD,2021-12-25,4093.14
ETH-USD,2021-12-26,4061.27
ETH-USD,2021-12-27,4036.24
ETH-USD,2021-12-28,3791.69
ETH-USD,2021-12-29,3627.93
ETH-USD,2021-12-30,3709.57
ETH-USD,2021-12-31,3677.85
ETH-USD,2022-01-01,3765.67
ETH-USD,2022-01-02,3830.67
ETH-USD,2022-01-03,3764.24
ETH-USD,2022-01-04,3789.52
ETH-USD,2022-01-05,3535.86
ETH-USD,2022-01-06,3407.77
ETH-USD,2022-01-07,3195.31
ETH-USD,2022-01-08,3080.02
ETH-USD,2022-01-09,3150.3
ETH-USD,2022-01-10,3085.43
ETH-USD,2022-01-11,3237.89
ETH-USD,2022-01-12,3370.89
ETH-USD,2022-01-13,3238.03
ETH-USD,2022-01-14,3307.9
ETH-USD,2022-01-15,3327.74
ETH-USD,2022-01-16,3346.59
ETH-USD,2022-01-17,3209.35
ETH-USD,2022-01-18,3160.15
ETH-USD,2022-01-19,3083.65
ETH-USD,2022-01-20,3004.72
ETH-USD,2022-01-21,2571.29
ETH-USD,2022-01-22,2412.52
ETH-USD,2022-01-23,2540.81
ETH-USD,2022-01-24,2441.01
ETH-USD,2022-01-25,2458.07
ETH-USD,2022-01-26,2461.41
ETH-USD,2022-01-27,2424.66
ETH-USD,2022-01-28,2545.95
ETH-USD,2022-01-29,2600.02
ETH-USD,2022-01-30,2602.77
ETH-USD,2022-01-31,2686.82
ETH-USD,2022-02-01,2787.16
ETH-USD,2022-02-02,2681.0
ETH-USD,2022-02-03,2692.8
ETH-USD,2022-02-04,2994.99
ETH-USD,2022-02-05,3013.81
ETH-USD,2022-02-06,3056.2
ETH-USD,2022-02-07,3140.18
ETH-USD,2022-02-08,3115.88
ETH-USD,2022-02-09,3243.62
ETH-USD,2022-02-10,3071.83
ETH-USD,2022-02-11,2927.63
ETH-USD,2022-02-12,2917.1
ETH-USD,2022-02-13,2870.25
ETH-USD,2022-02-14,2929.31
ETH-USD,2022-02-15,3182.27
ETH-USD,2022-02-16,3118.9
ETH-USD,2022-02-17,2894.03
ETH-USD,2022-02-18,2779.56
ETH-USD,2022-02-19,2763.81
ETH-USD,2022-02-20,2619.32
ETH-USD,2022-02-21,2569.87
ETH-USD,2022-02-22,2636.13
ETH-USD,2022-02-23,2578.15
ETH-USD,2022-02-24,2596.52
ETH-USD,2022-02-25,2767.53
ETH-USD,2022-02-26,2776.96
ETH-USD,2022-02-27,2616.34
ETH-USD,2022-02-28,2922.5
ETH-USD,2022-03-01,2975.81
ETH-USD,2022-03-02,2947.14
ETH-USD,2022-03-03,2834.91
ETH-USD,2022-03-04,2622.15
ETH-USD,2022-03-05,2665.42
ETH-USD,2022-03-06,2549.4
ETH-USD,2022-03-07,2492.53
ETH-USD,2022-03-08,2577.21
ETH-USD,2022-03-09,2726.94
ETH-USD,2022-03-10,2606.5
ETH-USD,2022-03-11,2556.96
ETH-USD,2022-03-12,2569.8
ETH-USD,2022-03-13,2516.75
ETH-USD,2022-03-14,2589.3
ETH-USD,2022-03-15,2617.43
ETH-USD,2022-03-16,2773.94
ETH-USD,2022-03-17,2812.29
ETH-USD,2022-03-18,2939.76
ETH-USD,2022-03-19,2949.92
ETH-USD,2022-03-20,2861.69
ETH-USD,2022-03-21,2891.63
ETH-USD,2022-03-22,2969.64
ETH-USD,2022-03-23,3036.12
ETH-USD,2022-03-24,3109.25
ETH-USD,2022-03-25,3103.51
ETH-USD,2022-03-26,3146.01
ETH-USD,2022-03-27,3297.04
ETH-USD,2022-03-28,3329.38
ETH-USD,2022-03-29,3401.89
ETH-USD,2022-03-30,3385.64
ETH-USD,2022-03-31,3282.35
ETH-USD,2022-04-01,3456.18
ETH-USD,2022-04-02,3442.34
ETH-USD,2022-04-03,3521.1
ETH-USD,2022-04-04,3520.41
ETH-USD,2022-04-05,3406.78
ETH-USD,2022-04-06,3169.58
ETH-USD,2022-04-07,3228.84
ETH-USD,2022-04-08,3193.93
ETH-USD,2022-04-09,3259.35
ETH-USD,2022-04-10,3201.84
ETH-USD,2022-04-11,2978.29
ETH-USD,2022-04-12,3027.25
ETH-USD,2022-04-13,3116.92
ETH-USD,2022-04-14,3021.93
ETH-USD,2022-04-15,3042.01
ETH-USD,2022-04-16,3058.96
ETH-USD,2022-04-17,2989.05
ETH-USD,2022-04-18,3055.64
ETH-USD,2022-04-19,3102.01
ETH-USD,2022-04-20,3076.38
ETH-USD,2022-04-21,2983.95
ETH-USD,2022-04-22,2963.0
ETH-USD,2022-04-23,2931.9
ETH-USD,2022-04-24,2922.03
ETH-USD,2022-04-25,3006.04
ETH-USD,2022-04-26,2810.42
ETH-USD,2022-04-27,2888.99
ETH-USD,2022-04-28,2937.01
ETH-USD,2022-04-29,2816.66
ETH-USD,2022-04-30,2727.18
ETH-USD,2022-05-01,2825.8
ETH-USD,2022-05-02,2856.01
ETH-USD,2022-05-03,2781.47
ETH-USD,2022-05-04,2940.7
ETH-USD,2022-05-05,2747.46
ETH-USD,2022-05-06,2692.88
ETH-USD,2022-05-07,2636.03
ETH-USD,2022-05-08,2519.98
ETH-USD,2022-05-09,2229.1
ETH-USD,2022-05-10,2342.3
ETH-USD,2022-05-11,2080.79
ETH-USD,2022-05-12,1955.36
ETH-USD,2022-05-13,2009.53
ETH-USD,2022-05-14,2056.3
ETH-USD,2022-05-15,2145.86
ETH-USD,2022-05-16,2022.93
ETH-USD,2022-05-17,2091.14
ETH-USD,2022-05-18,1912.12
ETH-USD,2022-05-19,2019.34
ETH-USD,2022-05-20,1959.85
ETH-USD,2022-05-21,1975.12
ETH-USD,2022-05-22,2043.19
ETH-USD,2022-05-23,1972.93
ETH-USD,2022-05-24,1979.35
ETH-USD,2022-05-25,1942.91
ETH-USD,2022-05-26,1793.42
ETH-USD,2022-05-27,1724.3
ETH-USD,2022-05-28,1792.68
ETH-USD,2022-05-29,1813.56
ETH-USD,2022-05-30,1998.46
ETH-USD,2022-05-31,1941.79
ETH-USD,2022-06-01,1818.07
ETH-USD,2022-06-02,1834.64
ETH-USD,2022-06-03,1775.29
ETH-USD,2022-06-04,1804.37
ETH-USD,2022-06-05,1806.71
ETH-USD,2022-06-06,1859.99
ETH-USD,2022-06-07,1813.72
ETH-USD,2022-06-08,1793.0
ETH-USD,2022-06-09,1788.06
ETH-USD,2022-06-10,1663.02
ETH-USD,2022-06-11,1531.42
ETH-USD,2022-06-12,1435.46
ETH-USD,2022-06-13,1206.67
ETH-USD,2022-06-14,1210.84
ETH-USD,2022-06-15,1237.92
ETH-USD,2022-06-16,1068.49
ETH-USD,2022-06-17,1086.47
ETH-USD,2022-06-18,995.61
ETH-USD,2022-06-19,1128.39
ETH-USD,2022-06-20,1128.32
ETH-USD,2022-06-21,1125.96
ETH-USD,2022-06-22,1049.02
ETH-USD,2022-06-23,1144.19
ETH-USD,2022-06-24,1225.03
ETH-USD,2022-06-25,1241.76
ETH-USD,2022-06-26,1198.03
ETH-USD,2022-06-27,1190.84
ETH-USD,2022-06-28,1143.97
ETH-USD,2022-06-29,1099.51
ETH-USD,2022-06-30,1069.05
ETH-USD,2022-07-01,1058.94
ETH-USD,2022-07-02,1066.6
ETH-USD,2022-07-03,1074.08
ETH-USD,2022-07-04,1151.19
ETH-USD,2022-07-05,1133.9
ETH-USD,2022-07-06,1186.45
ETH-USD,2022-07-07,1238.15
ETH-USD,2022-07-08,1216.33
ETH-USD,2022-07-09,1216.94
ETH-USD,2022-07-10,1167.35
ETH-USD,2022-07-11,1096.43
ETH-USD,2022-07-12,1038.56
ETH-USD,2022-07-13,1115.83
ETH-USD,2022-07-14,1192.75
ETH-USD,2022-07-15,1231.03
ETH-USD,2022-07-16,1356.08
ETH-USD,2022-07-17,1337.85
ETH-USD,2022-07-18,1584.77
ETH-USD,2022-07-19,1543.5
ETH-USD,2022-07-20,1520.64
ETH-USD,2022-07-21,1575.68
ETH-USD,2022-07-22,1534.85
ETH-USD,2022-07-23,1549.61
ETH-USD,2022-07-24,1598.19
ETH-USD,2022-07-25,1438.52
ETH-USD,2022-07-26,1450.7
ETH-USD,2022-07-27,1636.01
ETH-USD,2022-07-28,1726.01
ETH-USD,2022-07-29,1720.77
ETH-USD,2022-07-30,1695.97
ETH-USD,2022-07-31,1680.0
ETH-USD,2022-08-01,1630.1
ETH-USD,2022-08-02,1631.48
ETH-USD,2022-08-03,1618.08
ETH-USD,2022-08-04,1606.94
ETH-USD,2022-08-05,1737.71
ETH-USD,2022-08-06,1690.27
ETH-USD,2022-08-07,1700.29
ETH-USD,2022-08-08,1778.42
ETH-USD,2022-08-09,1702.8
ETH-USD,2022-08-10,1853.46
ETH-USD,2022-08-11,1880.28
ETH-USD,2022-08-12,1957.63
ETH-USD,2022-08-13,1983.5
ETH-USD,2022-08-14,1935.1
ETH-USD,2022-08-15,1900.25
ETH-USD,2022-08-16,1876.7
ETH-USD,2022-08-17,1834.18
ETH-USD,2022-08-18,1846.51
ETH-USD,2022-08-19,1609.48
ETH-USD,2022-08-20,1575.6
ETH-USD,2022-08-21,1618.25
ETH-USD,2022-08-22,1626.75
ETH-USD,2022-08-23,1664.89
ETH-USD,2022-08-24,1656.64
ETH-USD,2022-08-25,1695.37
ETH-USD,2022-08-26,1508.08
ETH-USD,2022-08-27,1490.83
ETH-USD,2022-08-28,1426.25
ETH-USD,2022-08-29,1552.6
ETH-USD,2022-08-30,1523.34
ETH-USD,2022-08-31,1555.12
ETH-USD,2022-09-01,1585.48
ETH-USD,2022-09-02,1575.34
ETH-USD,2022-09-03,1557.55
ETH-USD,2022-09-04,1578.89
ETH-USD,2022-09-05,1617.07
ETH-USD,2022-09-06,1557.85
ETH-USD,2022-09-07,1629.51
ETH-USD,2022-09-08,1634.85
ETH-USD,2022-09-09,1718.81
ETH-USD,2022-09-10,1774.38
ETH-USD,2022-09-11,1766.93
ETH-USD,2022-09-12,1716.42
ETH-USD,2022-09-13,1574.47
ETH-USD,2022-09-14,1637.92
ETH-USD,2022-09-15,1472.64
ETH-USD,2022-09-16,1434.01
ETH-USD,2022-09-17,1468.79
ETH-USD,2022-09-18,1335.01
ETH-USD,2022-09-19,1376.0
ETH-USD,2022-09-20,1323.33
ETH-USD,2022-09-21,1247.74
ETH-USD,2022-09-22,1326.44
ETH-USD,2022-09-23,1327.96
ETH-USD,2022-09-24,1317.0
ETH-USD,2022-09-25,1294.26
ETH-USD,2022-09-26,1337.06
ETH-USD,2022-09-27,1328.23
ETH-USD,2022-09-28,1337.37
ETH-USD,2022-09-29,1336.08
ETH-USD,2022-09-30,1328.73
ETH-USD,2022-10-01,1311.8
ETH-USD,2022-10-02,1275.74
ETH-USD,2022-10-03,1323.41
ETH-USD,2022-10-04,1361.48
ETH-USD,2022-10-05,1352.07
ETH-USD,2022-10-06,1352.27
ETH-USD,2022-10-07,1330.99
ETH-USD,2022-10-08,1315.05
ETH-USD,2022-10-09,1323.41
ETH-USD,2022-10-10,1290.04
ETH-USD,2022-10-11,1279.97
ETH-USD,2022-10-12,1294.57
ETH-USD,2022-10-13,1287.34
ETH-USD,2022-10-14,1296.74
ETH-USD,2022-10-15,1274.57
ETH-USD,2022-10-16,1305.95
ETH-USD,2022-10-17,1331.12
ETH-USD,2022-10-18,1310.81
ETH-USD,2022-10-19,1285.32
ETH-USD,2022-10-20,1282.87
ETH-USD,2022-10-21,1299.76
ETH-USD,2022-10-22,1313.64
ETH-USD,2022-10-23,1363.92
ETH-USD,2022-10-24,1343.88
ETH-USD,2022-10-25,1459.6
ETH-USD,2022-10-26,1566.16
ETH-USD,2022-10-27,1514.19
ETH-USD,2022-10-28,1554.47
ETH-USD,2022-10-29,1619.69
ETH-USD,2022-10-30,1590.47
ETH-USD,2022-10-31,1572.89
ETH-USD,2022-11-01,1579.64
ETH-USD,2022-11-02,1519.04
ETH-USD,2022-11-03,1531.08
ETH-USD,2022-11-04,1645.01
ETH-USD,2022-11-05,1627.07
ETH-USD,2022-11-06,1570.86
ETH-USD,2022-11-07,1567.57
ETH-USD,2022-11-08,1335.25
ETH-USD,2022-11-09,1100.84
ETH-USD,2022-11-10,1299.15
ETH-USD,2022-11-11,1288.63
ETH-USD,2022-11-12,1256.29
ETH-USD,2022-11-13,1221.47
ETH-USD,2022-11-14,1242.64
ETH-USD,2022-11-15,1253.45
ETH-USD,2022-11-16,1206.16
ETH-USD,2022-11-17,1205.17
ETH-USD,2022-11-18,1207.31
ETH-USD,2022-11-19,1217.65
ETH-USD,2022-11-20,1142.88
ETH-USD,2022-11-21,1107.46
ETH-USD,2022-11-22,1139.74
ETH-USD,2022-11-23,1185.79
ETH-USD,2022-11-24,1203.77
ETH-USD,2022-11-25,1198.12
ETH-USD,2022-11-26,1205.15
ETH-USD,2022-11-27,1193.38
ETH-USD,2022-11-28,1167.73
ETH-USD,2022-11-29,1216.55
ETH-USD,2022-11-30,1294.41
ETH-USD,2022-12-01,1276.05
ETH-USD,2022-12-02,1295.69
ETH-USD,2022-12-03,1240.46
ETH-USD,2022-12-04,1279.74
ETH-USD,2022-12-05,1259.56
ETH-USD,2022-12-06,1271.26
ETH-USD,2022-12-07,1231.04
ETH-USD,2022-12-08,1280.29
ETH-USD,2022-12-09,1262.86
ETH-USD,2022-12-10,1266.62
ETH-USD,2022-12-11,1263.42
ETH-USD,2022-12-12,1275.02
ETH-USD,2022-12-13,1320.76
ETH-USD,2022-12-14,1307.3
ETH-USD,2022-12-15,1266.32
ETH-USD,2022-12-16,1166.7
ETH-USD,2022-12-17,1187.18
ETH-USD,2022-12-18,1182.7
ETH-USD,2022-12-19,1167.8
ETH-USD,2022-12-20,1217.2
ETH-USD,2022-12-21,1213.85
ETH-USD,2022-12-22,1217.57
ETH-USD,2022-12-23,1220.03
ETH-USD,2022-12-24,1220.46
ETH-USD,2022-12-25,1218.69
ETH-USD,2022-12-26,1227.65
ETH-USD,2022-12-27,1211.6
ETH-USD,2022-12-28,1189.98
ETH-USD,2022-12-29,1200.84
ETH-USD,2022-12-30,1199.8
ETH-USD,2022-12-31,1195.67
ETH-USD,2023-01-01,1200.52
ETH-USD,2023-01-02,1213.93
ETH-USD,2023-01-03,1214.57
ETH-USD,2023-01-04,1256.92
ETH-USD,2023-01-05,1250.95
ETH-USD,2023-01-06,1269.14
ETH-USD,2023-01-07,1263.9
ETH-USD,2023-01-08,1288.38
ETH-USD,2023-01-09,1320.51
ETH-USD,2023-01-10,1335.13
ETH-USD,2023-01-11,1389.84
ETH-USD,2023-01-12,1416.08
ETH-USD,2023-01-13,1450.86
ETH-USD,2023-01-14,1550.02
ETH-USD,2023-01-15,1552.69
ETH-USD,2023-01-16,1576.94
ETH-USD,2023-01-17,1564.67
ETH-USD,2023-01-18,1511.31
ETH-USD,2023-01-19,1551.62
ETH-USD,2023-01-20,1659.98
ETH-USD,2023-01-21,1625.53
ETH-USD,2023-01-22,1627.03
ETH-USD,2023-01-23,1626.53
ETH-USD,2023-01-24,1556.15
ETH-USD,2023-01-25,1611.2
ETH-USD,2023-01-26,1602.55
ETH-USD,2023-01-27,1597.6
ETH-USD,2023-01-28,1573.07
ETH-USD,2023-01-29,1645.97
ETH-USD,2023-01-30,1566.5
ETH-USD,2023-01-31,1585.27
ETH-USD,2023-02-01,1642.1
ETH-USD,2023-02-02,1641.71
ETH-USD,2023-02-03,1663.79
ETH-USD,2023-02-04,1666.9
ETH-USD,2023-02-05,1629.44
ETH-USD,2023-02-06,1613.72
ETH-USD,2023-02-07,1671.4
ETH-USD,2023-02-08,1650.99
ETH-USD,2023-02-09,1545.35
ETH-USD,2023-02-10,1513.82
ETH-USD,2023-02-11,1538.34
ETH-USD,2023-02-12,1515.44
ETH-USD,2023-02-13,1505.84
ETH-USD,2023-02-14,1555.46
ETH-USD,2023-02-15,1675.43
ETH-USD,2023-02-16,1640.66
ETH-USD,2023-02-17,1693.96
ETH-USD,2023-02-18,1691.62
ETH-USD,2023-02-19,1681.52
ETH-USD,2023-02-20,1703.27
ETH-USD,2023-02-21,1659.41
ETH-USD,2023-02-22,1643.39
ETH-USD,2023-02-23,1650.52
ETH-USD,2023-02-24,1608.24
ETH-USD,2023-02-25,1594.66
ETH-USD,2023-02-26,1641.6
ETH-USD,2023-02-27,1633.66
ETH-USD,2023-02-28,1604.69
ETH-USD,2023-03-01,1666.09
ETH-USD,2023-03-02,1647.38
ETH-USD,2023-03-03,1568.89
ETH-USD,2023-03-04,1566.73
ETH-USD,2023-03-05,1564.37
ETH-USD,2023-03-06,1565.84
ETH-USD,2023-03-07,1561.78
ETH-USD,2023-03-08,1533.04
ETH-USD,2023-03-09,1438.5
ETH-USD,2023-03-10,1426.75
ETH-USD,2023-03-11,1471.15
ETH-USD,2023-03-12,1580.24
ETH-USD,2023-03-13,1673.93
ETH-USD,2023-03-14,1700.15
ETH-USD,2023-03-15,1649.65
ETH-USD,2023-03-16,1673.85
ETH-USD,2023-03-17,1789.38
ETH-USD,2023-03-18,1758.7
ETH-USD,2023-03-19,1779.47
ETH-USD,2023-03-20,1732.31
ETH-USD,2023-03-21,1803.54
ETH-USD,2023-03-22,1734.48
ETH-USD,2023-03-23,1814.08
ETH-USD,2023-03-24,1749.26
ETH-USD,2023-03-25,1742.34
ETH-USD,2023-03-26,1774.06
ETH-USD,2023-03-27,1714.65
ETH-USD,2023-03-28,1772.63
ETH-USD,2023-03-29,1793.27
ETH-USD,2023-03-30,1793.59
ETH-USD,2023-03-31,1821.62
ETH-USD,2023-04-01,1820.78
ETH-USD,2023-04-02,1795.01
ETH-USD,2023-04-03,1810.77
ETH-USD,2023-04-04,1870.52
ETH-USD,2023-04-05,1908.96
ETH-USD,2023-04-06,1872.35
ETH-USD,2023-04-07,1863.46
ETH-USD,2023-04-08,1848.93
ETH-USD,2023-04-09,1858.9
ETH-USD,2023-04-10,1910.36
ETH-USD,2023-04-11,1889.86
ETH-USD,2023-04-12,1916.58
ETH-USD,2023-04-13,2012.11
ETH-USD,2023-04-14,2099.98
ETH-USD,2023-04-15,2090.59
ETH-USD,2023-04-16,2119.29
ETH-USD,2023-04-17,2074.74
ETH-USD,2023-04-18,2103.34
ETH-USD,2023-04-19,1935.97
ETH-USD,2023-04-20,1942.72
ETH-USD,2023-04-21,1849.81
ETH-USD,2023-04-22,1873.95
ETH-USD,2023-04-23,1862.05
ETH-USD,2023-04-24,1841.88
ETH-USD,2023-04-25,1865.95
ETH-USD,2023-04-26,1866.05
ETH-USD,2023-04-27,1908.81
ETH-USD,2023-04-28,1891.14
ETH-USD,2023-04-29,1907.8
ETH-USD,2023-04-30,1868.88
ETH-USD,2023-05-01,1830.75
ETH-USD,2023-05-02,1869.74
ETH-USD,2023-05-03,1904.74
ETH-USD,2023-05-04,1877.06
ETH-USD,2023-05-05,1993.33
ETH-USD,2023-05-06,1896.48
ETH-USD,2023-05-07,1870.99
ETH-USD,2023-05-08,1847.48
ETH-USD,2023-05-09,1846.56
ETH-USD,2023-05-10,1840.92
ETH-USD,2023-05-11,1794.71
ETH-USD,2023-05-12,1807.31
ETH-USD,2023-05-13,1794.95
ETH-USD,2023-05-14,1799.36
ETH-USD,2023-05-15,1817.11
ETH-USD,2023-05-16,1823.98
ETH-USD,2023-05-17,1821.73
ETH-USD,2023-05-18,1800.99
ETH-USD,2023-05-19,1812.32
ETH-USD,2023-05-20,1819.68
ETH-USD,2023-05-21,1804.89
ETH-USD,2023-05-22,1817.19
ETH-USD,2023-05-23,1854.08
ETH-USD,2023-05-24,1799.91
ETH-USD,2023-05-25,1805.69
ETH-USD,2023-05-26,1827.8
ETH-USD,2023-05-27,1829.91
ETH-USD,2023-05-28,1908.35
ETH-USD,2023-05-29,1892.61
ETH-USD,2023-05-30,1900.59
ETH-USD,2023-05-31,1873.63
ETH-USD,2023-06-01,1861.77
ETH-USD,2023-06-02,1907.1
ETH-USD,2023-06-03,1892.05
ETH-USD,2023-06-04,1890.04
ETH-USD,2023-06-05,1811.2
ETH-USD,2023-06-06,1884.17
ETH-USD,2023-06-07,1832.1
ETH-USD,2023-06-08,1845.68
ETH-USD,2023-06-09,1840.41
ETH-USD,2023-06-10,1751.56
ETH-USD,2023-06-11,1752.8
ETH-USD,2023-06-12,1742.6
ETH-USD,2023-06-13,1739.6
ETH-USD,2023-06-14,1650.96
ETH-USD,2023-06-15,1666.96
ETH-USD,2023-06-16,1717.92
ETH-USD,2023-06-17,1727.79
ETH-USD,2023-06-18,1720.98
ETH-USD,2023-06-19,1737.06
ETH-USD,2023-06-20,1791.61
ETH-USD,2023-06-21,1889.87
ETH-USD,2023-06-22,1872.32
ETH-USD,2023-06-23,1891.97
ETH-USD,2023-06-24,1875.0
ETH-USD,2023-06-25,1898.8
ETH-USD,2023-06-26,1859.0
ETH-USD,2023-06-27,1889.51
ETH-USD,2023-06-28,1827.95
ETH-USD,2023-06-29,1851.92
ETH-USD,2023-06-30,1933.8
ETH-USD,2023-07-01,1924.53
ETH-USD,2023-07-02,1937.57
ETH-USD,2023-07-03,1955.56
ETH-USD,2023-07-04,1936.19
ETH-USD,2023-07-05,1910.43
ETH-USD,2023-07-06,1848.36
ETH-USD,2023-07-07,1870.92
ETH-USD,2023-07-08,1865.28
ETH-USD,2023-07-09,1862.91
ETH-USD,2023-07-10,1880.42
ETH-USD,2023-07-11,1878.33
ETH-USD,2023-07-12,1871.86
ETH-USD,2023-07-13,2004.77
ETH-USD,2023-07-14,1938.05
ETH-USD,2023-07-15,1931.42
ETH-USD,2023-07-16,1922.45
ETH-USD,2023-07-17,1911.24
ETH-USD,2023-07-18,1897.58
ETH-USD,2023-07-19,1888.65
ETH-USD,2023-07-20,1891.23
ETH-USD,2023-07-21,1891.75
ETH-USD,2023-07-22,1866.25
ETH-USD,2023-07-23,1888.85
ETH-USD,2023-07-24,1850.04
ETH-USD,2023-07-25,1857.67
ETH-USD,2023-07-26,1872.0
ETH-USD,2023-07-27,1861.32
ETH-USD,2023-07-28,1874.23
ETH-USD,2023-07-29,1880.55
ETH-USD,2023-07-30,1861.81
ETH-USD,2023-07-31,1856.17
ETH-USD,2023-08-01,1874.21
ETH-USD,2023-08-02,1840.21
ETH-USD,2023-08-03,1835.98
ETH-USD,2023-08-04,1830.24
ETH-USD,2023-08-05,1836.48
ETH-USD,2023-08-06,1830.28
ETH-USD,2023-08-07,1829.11
ETH-USD,2023-08-08,1856.24
ETH-USD,2023-08-09,1855.36
ETH-USD,2023-08-10,1852.46
ETH-USD,2023-08-11,1848.88
ETH-USD,2023-08-12,1849.94
ETH-USD,2023-08-13,1840.73
ETH-USD,2023-08-14,1845.51
ETH-USD,2023-08-15,1828.98
ETH-USD,2023-08-16,1807.81
ETH-USD,2023-08-17,1683.89
ETH-USD,2023-08-18,1661.26
ETH-USD,2023-08-19,1669.67
ETH-USD,2023-08-20,1685.24
ETH-USD,2023-08-21,1667.6
ETH-USD,2023-08-22,1634.29
ETH-USD,2023-08-23,1679.93
ETH-USD,2023-08-24,1660.89
ETH-USD,2023-08-25,1653.74
ETH-USD,2023-08-26,1647.05
ETH-USD,2023-08-27,1658.33
ETH-USD,2023-08-28,1653.22
ETH-USD,2023-08-29,1729.69
ETH-USD,2023-08-30,1705.22
ETH-USD,2023-08-31,1645.82
ETH-USD,2023-09-01,1629.0
ETH-USD,2023-09-02,1637.05
ETH-USD,2023-09-03,1635.85
ETH-USD,2023-09-04,1630.51
ETH-USD,2023-09-05,1634.46
ETH-USD,2023-09-06,1633.18
ETH-USD,2023-09-07,1648.09
ETH-USD,2023-09-08,1636.45
ETH-USD,2023-09-09,1635.56
ETH-USD,2023-09-10,1617.44
ETH-USD,2023-09-11,1551.89
ETH-USD,2023-09-12,1592.5
ETH-USD,2023-09-13,1607.63
ETH-USD,2023-09-14,1626.49
ETH-USD,2023-09-15,1641.31
ETH-USD,2023-09-16,1634.41
ETH-USD,2023-09-17,1622.65
ETH-USD,2023-09-18,1636.92
ETH-USD,2023-09-19,1643.08
ETH-USD,2023-09-20,1622.28
ETH-USD,2023-09-21,1584.03
ETH-USD,2023-09-22,1593.1
ETH-USD,2023-09-23,1593.89
ETH-USD,2023-09-24,1580.55
ETH-USD,2023-09-25,1588.62
ETH-USD,2023-09-26,1594.04
ETH-USD,2023-09-27,1598.49
ETH-USD,2023-09-28,1652.89
ETH-USD,2023-09-29,1667.72
ETH-USD,2023-09-30,1670.92
ETH-USD,2023-10-01,1732.89
ETH-USD,2023-10-02,1662.79
ETH-USD,2023-10-03,1656.88
ETH-USD,2023-10-04,1647.05
ETH-USD,2023-10-05,1611.58
ETH-USD,2023-10-06,1645.62
ETH-USD,2023-10-07,1633.58
ETH-USD,2023-10-08,1632.85
ETH-USD,2023-10-09,1579.74
ETH-USD,2023-10-10,1567.6
ETH-USD,2023-10-11,1566.88
ETH-USD,2023-10-12,1539.7
ETH-USD,2023-10-13,1552.17
ETH-USD,2023-10-14,1554.96
ETH-USD,2023-10-15,1557.66
ETH-USD,2023-10-16,1599.48
ETH-USD,2023-10-17,1564.99
ETH-USD,2023-10-18,1563.43
ETH-USD,2023-10-19,1566.79
ETH-USD,2023-10-20,1603.89
ETH-USD,2023-10-21,1628.94
ETH-USD,2023-10-22,1663.35
ETH-USD,2023-10-23,1763.75
ETH-USD,2023-10-24,1784.88
ETH-USD,2023-10-25,1787.0
ETH-USD,2023-10-26,1803.13
ETH-USD,2023-10-27,1779.54
ETH-USD,2023-10-28,1776.21
ETH-USD,2023-10-29,1794.96
ETH-USD,2023-10-30,1809.05
ETH-USD,2023-10-31,1815.13
ETH-USD,2023-11-01,1846.6
ETH-USD,2023-11-02,1800.27
ETH-USD,2023-11-03,1832.29
ETH-USD,2023-11-04,1855.72
ETH-USD,2023-11-05,1892.36
ETH-USD,2023-11-06,1900.98
ETH-USD,2023-11-07,1885.97
ETH-USD,2023-11-08,1889.29
ETH-USD,2023-11-09,2120.16
ETH-USD,2023-11-10,2077.78
ETH-USD,2023-11-11,2053.42
ETH-USD,2023-11-12,2044.61
ETH-USD,2023-11-13,2054.18
ETH-USD,2023-11-14,1979.1
ETH-USD,2023-11-15,2058.93
ETH-USD,2023-11-16,1961.76
ETH-USD,2023-11-17,1960.8
ETH-USD,2023-11-18,1961.72
ETH-USD,2023-11-19,2011.01
ETH-USD,2023-11-20,2021.49
ETH-USD,2023-11-21,1934.62
ETH-USD,2023-11-22,2063.05
ETH-USD,2023-11-23,2061.92
ETH-USD,2023-11-24,2080.62
ETH-USD,2023-11-25,2083.09
ETH-USD,2023-11-26,2062.64
ETH-USD,2023-11-27,2027.51
ETH-USD,2023-11-28,2048.47
ETH-USD,2023-11-29,2028.99
ETH-USD,2023-11-30,2051.56
ETH-USD,2023-12-01,2087.21
ETH-USD,2023-12-02,2164.79
ETH-USD,2023-12-03,2192.79
ETH-USD,2023-12-04,2243.54
ETH-USD,2023-12-05,2293.34
ETH-USD,2023-12-06,2233.45
ETH-USD,2023-12-07,2355.8
ETH-USD,2023-12-08,2358.42
ETH-USD,2023-12-09,2340.55
ETH-USD,2023-12-10,2352.26
ETH-USD,2023-12-11,2225.34
ETH-USD,2023-12-12,2203.49
ETH-USD,2023-12-13,2260.18
ETH-USD,2023-12-14,2315.64
ETH-USD,2023-12-15,2220.41
ETH-USD,2023-12-16,2229.07
ETH-USD,2023-12-17,2197.04
ETH-USD,2023-12-18,2218.8
ETH-USD,2023-12-19,2177.44
ETH-USD,2023-12-20,2202.19
ETH-USD,2023-12-21,2239.62
ETH-USD,2023-12-22,2324.23
ETH-USD,2023-12-23,2308.61
ETH-USD,2023-12-24,2263.57
ETH-USD,2023-12-25,2271.38
ETH-USD,2023-12-26,2230.74
ETH-USD,2023-12-27,2378.63
ETH-USD,2023-12-28,2344.47
ETH-USD,2023-12-29,2299.24
ETH-USD,2023-12-30,2291.7
ETH-USD,2023-12-31,2281.9
ETH-USD,2024-01-01,2352.03
ETH-USD,2024-01-02,2355.27
ETH-USD,2024-01-03,2209.49
ETH-USD,2024-01-04,2267.27
ETH-USD,2024-01-05,2268.12
ETH-USD,2024-01-06,2240.49
ETH-USD,2024-01-07,2221.4
ETH-USD,2024-01-08,2330.98
ETH-USD,2024-01-09,2344.67
ETH-USD,2024-01-10,2581.79
ETH-USD,2024-01-11,2618.08
ETH-USD,2024-01-12,2523.98
ETH-USD,2024-01-13,2578.36
ETH-USD,2024-01-14,2473.96
ETH-USD,2024-01-15,2511.94
ETH-USD,2024-01-16,2588.64
ETH-USD,2024-01-17,2531.26
ETH-USD,2024-01-18,2469.77
ETH-USD,2024-01-19,2491.81
ETH-USD,2024-01-20,2472.03
ETH-USD,2024-01-21,2457.06
ETH-USD,2024-01-22,2313.64
ETH-USD,2024-01-23,2243.74
ETH-USD,2024-01-24,2234.64
ETH-USD,2024-01-25,2217.71
ETH-USD,2024-01-26,2267.55
ETH-USD,2024-01-27,2267.91
ETH-USD,2024-01-28,2256.92
ETH-USD,2024-01-29,2317.79
ETH-USD,2024-01-30,2343.11
ETH-USD,2024-01-31,2283.14
ETH-USD,2024-02-01,2304.28
ETH-USD,2024-02-02,2309.28
ETH-USD,2024-02-03,2296.5
ETH-USD,2024-02-04,2289.78
ETH-USD,2024-02-05,2301.83
ETH-USD,2024-02-06,2372.65
ETH-USD,2024-02-07,2424.64
ETH-USD,2024-02-08,2419.56
ETH-USD,2024-02-09,2486.24
ETH-USD,2024-02-10,2500.28
ETH-USD,2024-02-11,2506.69
ETH-USD,2024-02-12,2657.87
ETH-USD,2024-02-13,2640.1
ETH-USD,2024-02-14,2775.12
ETH-USD,2024-02-15,2822.59
ETH-USD,2024-02-16,2801.8
ETH-USD,2024-02-17,2785.9
ETH-USD,2024-02-18,2880.1
ETH-USD,2024-02-19,2944.8
ETH-USD,2024-02-20,3015.38
ETH-USD,2024-02-21,2971.18
ETH-USD,2024-02-22,2972.46
ETH-USD,2024-02-23,2922.24
ETH-USD,2024-02-24,2992.29
ETH-USD,2024-02-25,3112.59
ETH-USD,2024-02-26,3175.94
ETH-USD,2024-02-27,3242.14
ETH-USD,2024-02-28,3383.03
ETH-USD,2024-02-29,3339.26
ETH-USD,2024-03-01,3433.51
ETH-USD,2024-03-02,3420.64
ETH-USD,2024-03-03,3488.67
ETH-USD,2024-03-04,3626.34
ETH-USD,2024-03-05,3556.03
ETH-USD,2024-03-06,3814.56
ETH-USD,2024-03-07,3869.69
ETH-USD,2024-03-08,3883.2
ETH-USD,2024-03-09,3905.17
ETH-USD,2024-03-10,3878.47
ETH-USD,2024-03-11,4065.02
ETH-USD,2024-03-12,3979.3
ETH-USD,2024-03-13,4004.29
ETH-USD,2024-03-14,3883.94
ETH-USD,2024-03-15,3741.12
ETH-USD,2024-03-16,3523.68
ETH-USD,2024-03-17,3644.78
ETH-USD,2024-03-18,3520.3
ETH-USD,2024-03-19,3165.2
ETH-USD,2024-03-20,3514.73
ETH-USD,2024-03-21,3493.23
ETH-USD,2024-03-22,3334.12
ETH-USD,2024-03-23,3332.9
ETH-USD,2024-03-24,3455.33
ETH-USD,2024-03-25,3590.62
ETH-USD,2024-03-26,3587.5
ETH-USD,2024-03-27,3500.43
ETH-USD,2024-03-28,3559.43
ETH-USD,2024-03-29,3509.76
ETH-USD,2024-03-30,3506.83
ETH-USD,2024-03-31,3647.09
ETH-USD,2024-04-01,3502.82
ETH-USD,2024-04-02,3277.99
ETH-USD,2024-04-03,3310.62
ETH-USD,2024-04-04,3327.45
ETH-USD,2024-04-05,3317.84
ETH-USD,2024-04-06,3352.03
ETH-USD,2024-04-07,3454.17
ETH-USD,2024-04-08,3694.93
ETH-USD,2024-04-09,3506.96
ETH-USD,2024-04-10,3545.16
ETH-USD,2024-04-11,3502.55
ETH-USD,2024-04-12,3239.86
ETH-USD,2024-04-13,3004.44
ETH-USD,2024-04-14,3152.65
ETH-USD,2024-04-15,3100.94
ETH-USD,2024-04-16,3083.43
ETH-USD,2024-04-17,2985.82
ETH-USD,2024-04-18,3064.48
ETH-USD,2024-04-19,3056.23
ETH-USD,2024-04-20,3156.63
ETH-USD,2024-04-21,3147.83
ETH-USD,2024-04-22,3200.62
ETH-USD,2024-04-23,3220.13
ETH-USD,2024-04-24,3141.03
ETH-USD,2024-04-25,3155.83
ETH-USD,2024-04-26,3130.9
ETH-USD,2024-04-27,3255.57
ETH-USD,2024-04-28,3261.69
ETH-USD,2024-04-29,3216.29
ETH-USD,2024-04-30,3014.41
ETH-USD,2024-05-01,2973.27
ETH-USD,2024-05-02,2987.12
ETH-USD,2024-05-03,3102.25
ETH-USD,2024-05-04,3117.23
ETH-USD,2024-05-05,3136.4
ETH-USD,2024-05-06,3062.03
ETH-USD,2024-05-07,3006.36
ETH-USD,2024-05-08,2974.94
ETH-USD,2024-05-09,3036.32
ETH-USD,2024-05-10,2909.86
ETH-USD,2024-05-11,2912.56
ETH-USD,2024-05-12,2929.35
ETH-USD,2024-05-13,2951.01
ETH-USD,2024-05-14,2881.99
ETH-USD,2024-05-15,3034.71
ETH-USD,2024-05-16,2944.99
ETH-USD,2024-05-17,3092.75
ETH-USD,2024-05-18,3122.87
ETH-USD,2024-05-19,3072.08
ETH-USD,2024-05-20,3661.07
ETH-USD,2024-05-21,3790.46
ETH-USD,2024-05-22,3739.08
ETH-USD,2024-05-23,3785.65
ETH-USD,2024-05-24,3728.21
ETH-USD,2024-05-25,3749.28
ETH-USD,2024-05-26,3826.02
ETH-USD,2024-05-27,3894.33
ETH-USD,2024-05-28,3845.56
ETH-USD,2024-05-29,3769.57
ETH-USD,2024-05-30,3747.55
ETH-USD,2024-05-31,3762.66
ETH-USD,2024-06-01,3815.95
ETH-USD,2024-06-02,3782.08
ETH-USD,2024-06-03,3767.1
ETH-USD,2024-06-04,3810.35
ETH-USD,2024-06-05,3865.14
ETH-USD,2024-06-06,3812.95
ETH-USD,2024-06-07,3678.37
ETH-USD,2024-06-08,3681.59
ETH-USD,2024-06-09,3706.32
ETH-USD,2024-06-10,3667.85
ETH-USD,2024-06-11,3498.0
ETH-USD,2024-06-12,3559.95
ETH-USD,2024-06-13,3470.15
ETH-USD,2024-06-14,3481.84
ETH-USD,2024-06-15,3568.72
ETH-USD,2024-06-16,3625.11
ETH-USD,2024-06-17,3511.52
ETH-USD,2024-06-18,3484.55
ETH-USD,2024-06-19,3561.3
ETH-USD,2024-06-20,3512.91
ETH-USD,2024-06-21,3518.03
ETH-USD,2024-06-22,3495.87
ETH-USD,2024-06-23,3420.84
ETH-USD,2024-06-24,3352.29
ETH-USD,2024-06-25,3395.03
ETH-USD,2024-06-26,3370.72
ETH-USD,2024-06-27,3450.45
ETH-USD,2024-06-28,3380.15
ETH-USD,2024-06-29,3378.6
ETH-USD,2024-06-30,3437.84
ETH-USD,2024-07-01,3442.67
ETH-USD,2024-07-02,3421.71
ETH-USD,2024-07-03,3295.13
ETH-USD,2024-07-04,3057.81
ETH-USD,2024-07-05,2981.4
ETH-USD,2024-07-06,3068.79
ETH-USD,2024-07-07,2930.48
ETH-USD,2024-07-08,3019.64
ETH-USD,2024-07-09,3065.11
ETH-USD,2024-07-10,3101.17
ETH-USD,2024-07-11,3099.82
ETH-USD,2024-07-12,3133.33
ETH-USD,2024-07-13,3175.1
ETH-USD,2024-07-14,3243.5
ETH-USD,2024-07-15,3484.78
ETH-USD,2024-07-16,3442.99
ETH-USD,2024-07-17,3387.81
ETH-USD,2024-07-18,3425.94
ETH-USD,2024-07-19,3504.42
ETH-USD,2024-07-20,3517.04
ETH-USD,2024-07-21,3535.55
ETH-USD,2024-07-22,3440.01
ETH-USD,2024-07-23,3482.54
ETH-USD,2024-07-24,3335.33
ETH-USD,2024-07-25,3175.52
ETH-USD,2024-07-26,3275.12
ETH-USD,2024-07-27,3247.06
ETH-USD,2024-07-28,3270.32
ETH-USD,2024-07-29,3318.24
ETH-USD,2024-07-30,3278.94
ETH-USD,2024-07-31,3231.84
ETH-USD,2024-08-01,3204.93
ETH-USD,2024-08-02,2990.32
ETH-USD,2024-08-03,2904.59
ETH-USD,2024-08-04,2688.55
ETH-USD,2024-08-05,2415.99
ETH-USD,2024-08-06,2461.92
ETH-USD,2024-08-07,2337.83
ETH-USD,2024-08-08,2683.84
ETH-USD,2024-08-09,2598.9
ETH-USD,2024-08-10,2610.24
ETH-USD,2024-08-11,2553.57
ETH-USD,2024-08-12,2722.64
ETH-USD,2024-08-13,2702.95
ETH-USD,2024-08-14,2662.95
ETH-USD,2024-08-15,2569.44
ETH-USD,2024-08-16,2592.38
ETH-USD,2024-08-17,2614.35
ETH-USD,2024-08-18,2612.1
ETH-USD,2024-08-19,2637.1
ETH-USD,2024-08-20,2572.9
ETH-USD,2024-08-21,2630.67
ETH-USD,2024-08-22,2623.06
ETH-USD,2024-08-23,2762.86
ETH-USD,2024-08-24,2768.49
ETH-USD,2024-08-25,2747.99
ETH-USD,2024-08-26,2680.3
ETH-USD,2024-08-27,2457.99
ETH-USD,2024-08-28,2527.73
ETH-USD,2024-08-29,2528.72
ETH-USD,2024-08-30,2525.45
ETH-USD,2024-08-31,2513.56
ETH-USD,2024-09-01,2427.49
ETH-USD,2024-09-02,2538.35
ETH-USD,2024-09-03,2423.4
ETH-USD,2024-09-04,2450.18
ETH-USD,2024-09-05,2369.18
ETH-USD,2024-09-06,2225.72
ETH-USD,2024-09-07,2274.87
ETH-USD,2024-09-08,2296.19
ETH-USD,2024-09-09,2359.6
ETH-USD,2024-09-10,2387.71
ETH-USD,2024-09-11,2340.19
ETH-USD,2024-09-12,2361.79
ETH-USD,2024-09-13,2440.12
ETH-USD,2024-09-14,2417.56
ETH-USD,2024-09-15,2317.04
ETH-USD,2024-09-16,2295.72
ETH-USD,2024-09-17,2341.82
ETH-USD,2024-09-18,2372.18
ETH-USD,2024-09-19,2464.49
ETH-USD,2024-09-20,2561.79
ETH-USD,2024-09-21,2613.35
ETH-USD,2024-09-22,2582.35
ETH-USD,2024-09-23,2647.65
ETH-USD,2024-09-24,2652.5
ETH-USD,2024-09-25,2580.34
ETH-USD,2024-09-26,2632.05
ETH-USD,2024-09-27,2694.53
ETH-USD,2024-09-28,2675.71
ETH-USD,2024-09-29,2657.67
ETH-USD,2024-09-30,2603.48
ETH-USD,2024-10-01,2449.67
ETH-USD,2024-10-02,2365.57
ETH-USD,2024-10-03,2349.67
ETH-USD,2024-10-04,2414.43
ETH-USD,2024-10-05,2414.98
ETH-USD,2024-10-06,2440.33
ETH-USD,2024-10-07,2422.75
ETH-USD,2024-10-08,2440.93
ETH-USD,2024-10-09,2370.13
ETH-USD,2024-10-10,2385.4
ETH-USD,2024-10-11,2436.73
ETH-USD,2024-10-12,2476.48
ETH-USD,2024-10-13,2468.92
ETH-USD,2024-10-14,2630.54
ETH-USD,2024-10-15,2607.84
ETH-USD,2024-10-16,2611.09
ETH-USD,2024-10-17,2605.53
ETH-USD,2024-10-18,2641.72
ETH-USD,2024-10-19,2647.39
ETH-USD,2024-10-20,2747.28
ETH-USD,2024-10-21,2666.66
ETH-USD,2024-10-22,2621.79
ETH-USD,2024-10-23,2526.1
ETH-USD,2024-10-24,2535.87
ETH-USD,2024-10-25,2441.18
ETH-USD,2024-10-26,2482.52
ETH-USD,2024-10-27,2507.39
ETH-USD,2024-10-28,2567.41
ETH-USD,2024-10-29,2638.64
ETH-USD,2024-10-30,2658.62
ETH-USD,2024-10-31,2519.14
ETH-USD,2024-11-01,2511.96
ETH-USD,2024-11-02,2492.45
ETH-USD,2024-11-03,2457.68
ETH-USD,2024-11-04,2398.95
ETH-USD,2024-11-05,2422.5
ETH-USD,2024-11-06,2721.85
ETH-USD,2024-11-07,2894.13
ETH-USD,2024-11-08,2961.34
ETH-USD,2024-11-09,3127.69
ETH-USD,2024-11-10,3186.05
ETH-USD,2024-11-11,3372.13
ETH-USD,2024-11-12,3242.44
ETH-USD,2024-11-13,3187.02
ETH-USD,2024-11-14,3058.22
ETH-USD,2024-11-15,3089.45
ETH-USD,2024-11-16,3132.0
ETH-USD,2024-11-17,3075.42
ETH-USD,2024-11-18,3207.46
ETH-USD,2024-11-19,3105.97
ETH-USD,2024-11-20,3069.72
ETH-USD,2024-11-21,3356.43
ETH-USD,2024-11-22,3327.77
ETH-USD,2024-11-23,3393.91
ETH-USD,2024-11-24,3361.41
ETH-USD,2024-11-25,3412.18
ETH-USD,2024-11-26,3326.3
ETH-USD,2024-11-27,3653.79
ETH-USD,2024-11-28,3578.41
ETH-USD,2024-11-29,3592.13
ETH-USD,2024-11-30,3702.97
ETH-USD,2024-12-01,3708.33
ETH-USD,2024-12-02,3643.48
ETH-USD,2024-12-03,3615.07
ETH-USD,2024-12-04,3836.25
ETH-USD,2024-12-05,3785.1
ETH-USD,2024-12-06,3999.51
ETH-USD,2024-12-07,3996.24
ETH-USD,2024-12-08,4002.91
ETH-USD,2024-12-09,3718.98
ETH-USD,2024-12-10,3628.94
ETH-USD,2024-12-11,3831.41
ETH-USD,2024-12-12,3881.63
ETH-USD,2024-12-13,3909.48
ETH-USD,2024-12-14,3871.13
ETH-USD,2024-12-15,3959.81
ETH-USD,2024-12-16,3986.91
ETH-USD,2024-12-17,3892.79
ETH-USD,2024-12-18,3627.88
ETH-USD,2024-12-19,3418.84
ETH-USD,2024-12-20,3474.01
ETH-USD,2024-12-21,3338.66
ETH-USD,2024-12-22,3281.58
ETH-USD,2024-12-23,3422.01
ETH-USD,2024-12-24,3493.31
ETH-USD,2024-12-25,3496.49
ETH-USD,2024-12-26,3335.96
ETH-USD,2024-12-27,3334.19
ETH-USD,2024-12-28,3404.59
ETH-USD,2024-12-29,3355.97
ETH-USD,2024-12-30,3361.99
ETH-USD,2024-12-31,3337.8
ETH-USD,2025-01-01,3360.14
ETH-USD,2025-01-02,3455.19
ETH-USD,2025-01-03,3608.79
ETH-USD,2025-01-04,3656.13
ETH-USD,2025-01-05,3635.11
ETH-USD,2025-01-06,3687.75
ETH-USD,2025-01-07,3380.56
ETH-USD,2025-01-08,3327.14
ETH-USD,2025-01-09,3218.15
ETH-USD,2025-01-10,3267.08
ETH-USD,2025-01-11,3283.57
ETH-USD,2025-01-12,3267.3
ETH-USD,2025-01-13,3137.73
ETH-USD,2025-01-14,3224.06
ETH-USD,2025-01-15,3450.79
ETH-USD,2025-01-16,3307.0
ETH-USD,2025-01-17,3472.84
ETH-USD,2025-01-18,3308.74
ETH-USD,2025-01-19,3216.74
ETH-USD,2025-01-20,3282.68
ETH-USD,2025-01-21,3328.3
ETH-USD,2025-01-22,3242.6
ETH-USD,2025-01-23,3338.37
ETH-USD,2025-01-24,3311.05
ETH-USD,2025-01-25,3318.14
ETH-USD,2025-01-26,3234.18
ETH-USD,2025-01-27,3179.47
ETH-USD,2025-01-28,3077.83
ETH-USD,2025-01-29,3113.26
ETH-USD,2025-01-30,3247.22
ETH-USD,2025-01-31,3298.69
ETH-USD,2025-02-01,3119.13
ETH-USD,2025-02-02,2869.75
ETH-USD,2025-02-03,2881.9
ETH-USD,2025-02-04,2731.76
ETH-USD,2025-02-05,2785.62
ETH-USD,2025-02-06,2688.28
ETH-USD,2025-02-07,2622.81
ETH-USD,2025-02-08,2631.56
ETH-USD,2025-02-09,2628.27
ETH-USD,2025-02-10,2661.0
ETH-USD,2025-02-11,2603.11
ETH-USD,2025-02-12,2735.91
ETH-USD,2025-02-13,2675.3
ETH-USD,2025-02-14,2725.51
ETH-USD,2025-02-15,2693.4
ETH-USD,2025-02-16,2662.8
ETH-USD,2025-02-17,2743.47
ETH-USD,2025-02-18,2671.36
ETH-USD,2025-02-19,2716.16
ETH-USD,2025-02-20,2738.03
ETH-USD,2025-02-21,2662.35
ETH-USD,2025-02-22,2763.23
ETH-USD,2025-02-23,2819.69
ETH-USD,2025-02-24,2510.94
ETH-USD,2025-02-25,2496.06
ETH-USD,2025-02-26,2337.98
ETH-USD,2025-02-27,2307.73
ETH-USD,2025-02-28,2236.41
ETH-USD,2025-03-01,2217.53
ETH-USD,2025-03-02,2518.17
ETH-USD,2025-03-03,2149.11
ETH-USD,2025-03-04,2170.29
ETH-USD,2025-03-05,2241.65
ETH-USD,2025-03-06,2202.39
ETH-USD,2025-03-07,2141.17
ETH-USD,2025-03-08,2203.59
ETH-USD,2025-03-09,2019.89
ETH-USD,2025-03-10,1864.4
ETH-USD,2025-03-11,1922.28
ETH-USD,2025-03-12,1908.22
ETH-USD,2025-03-13,1864.69
ETH-USD,2025-03-14,1911.62
ETH-USD,2025-03-15,1937.17
ETH-USD,2025-03-16,1887.65
ETH-USD,2025-03-17,1926.35
ETH-USD,2025-03-18,1932.61
ETH-USD,2025-03-19,2056.62
ETH-USD,2025-03-20,1983.57
ETH-USD,2025-03-21,1965.58
ETH-USD,2025-03-22,1980.8
ETH-USD,2025-03-23,2006.02
ETH-USD,2025-03-24,2078.73
ETH-USD,2025-03-25,2066.19
ETH-USD,2025-03-26,2009.59
ETH-USD,2025-03-27,2003.67
ETH-USD,2025-03-28,1896.69
ETH-USD,2025-03-29,1827.84
ETH-USD,2025-03-30,1807.02
ETH-USD,2025-03-31,1821.95
ETH-USD,2025-04-01,1904.99
ETH-USD,2025-04-02,1795.59
ETH-USD,2025-04-03,1816.53
ETH-USD,2025-04-04,1816.36
ETH-USD,2025-04-05,1806.47
ETH-USD,2025-04-06,1580.65
ETH-USD,2025-04-07,1553.01
ETH-USD,2025-04-08,1473.4
ETH-USD,2025-04-09,1669.74
ETH-USD,2025-04-10,1522.13
ETH-USD,2025-04-11,1566.77
ETH-USD,2025-04-12,1644.12
ETH-USD,2025-04-13,1597.77
ETH-USD,2025-04-14,1623.73
ETH-USD,2025-04-15,1588.8
ETH-USD,2025-04-16,1577.14
ETH-USD,2025-04-17,1582.73
ETH-USD,2025-04-18,1588.93
ETH-USD,2025-04-19,1612.58
ETH-USD,2025-04-20,1587.28
ETH-USD,2025-04-21,1579.59
ETH-USD,2025-04-22,1756.11
ETH-USD,2025-04-23,1795.07
ETH-USD,2025-04-24,1769.53
ETH-USD,2025-04-25,1785.96
ETH-USD,2025-04-26,1820.65
ETH-USD,2025-04-27,1791.42
ETH-USD,2025-04-28,1799.24
ETH-USD,2025-04-29,1798.47
ETH-USD,2025-04-30,1793.58
ETH-USD,2025-05-01,1838.32
ETH-USD,2025-05-02,1842.06
ETH-USD,2025-05-03,1833.93
ETH-USD,2025-05-04,1809.05
ETH-USD,2025-05-05,1820.34
ETH-USD,2025-05-06,1816.6
ETH-USD,2025-05-07,1811.2
ETH-USD,2025-05-08,2206.13
ETH-USD,2025-05-09,2345.27
ETH-USD,2025-05-10,2583.78
ETH-USD,2025-05-11,2515.22
ETH-USD,2025-05-12,2495.73
ETH-USD,2025-05-13,2680.05
ETH-USD,2025-05-14,2609.68
ETH-USD,2025-05-15,2548.16
ETH-USD,2025-05-16,2537.04
ETH-USD,2025-05-17,2475.04
ETH-USD,2025-05-18,2498.97
ETH-USD,2025-05-19,2528.21
ETH-USD,2025-05-20,2523.82
ETH-USD,2025-05-21,2551.42
ETH-USD,2025-05-22,2663.77
ETH-USD,2025-05-23,2526.46
ETH-USD,2025-05-24,2529.32
ETH-USD,2025-05-25,2551.2
ETH-USD,2025-05-26,2563.84
ETH-USD,2025-05-27,2660.88
ETH-USD,2025-05-28,2681.2
ETH-USD,2025-05-29,2632.5
ETH-USD,2025-05-30,2531.29
ETH-USD,2025-05-31,2528.09
ETH-USD,2025-06-01,2537.51
ETH-USD,2025-06-02,2606.81
ETH-USD,2025-06-03,2593.03
ETH-USD,2025-06-04,2607.13
ETH-USD,2025-06-05,2414.36
ETH-USD,2025-06-06,2475.34
ETH-USD,2025-06-07,2524.66
ETH-USD,2025-06-08,2509.84
ETH-USD,2025-06-09,2680.07
ETH-USD,2025-06-10,2815.73
ETH-USD,2025-06-11,2772.11
ETH-USD,2025-06-12,2643.7
ETH-USD,2025-06-13,2578.83
ETH-USD,2025-06-14,2531.39
ETH-USD,2025-06-15,2547.58
ETH-USD,2025-06-16,2538.95
ETH-USD,2025-06-17,2509.59
ETH-USD,2025-06-18,2525.35
ETH-USD,2025-06-19,2521.11
ETH-USD,2025-06-20,2406.51
ETH-USD,2025-06-21,2295.26
ETH-USD,2025-06-22,2228.13
ETH-USD,2025-06-23,2410.48
ETH-USD,2025-06-24,2448.66
ETH-USD,2025-06-25,2418.43
ETH-USD,2025-06-26,2415.71
ETH-USD,2025-06-27,2422.65
ETH-USD,2025-06-28,2435.58
ETH-USD,2025-06-29,2500.42
ETH-USD,2025-06-30,2486.52
ETH-USD,2025-07-01,2405.26
ETH-USD,2025-07-02,2570.23
ETH-USD,2025-07-03,2590.98
ETH-USD,2025-07-04,2508.02
ETH-USD,2025-07-05,2516.3
ETH-USD,2025-07-06,2570.57
ETH-USD,2025-07-07,2542.35
ETH-USD,2025-07-08,2614.41
ETH-USD,2025-07-09,2768.27
ETH-USD,2025-07-10,2951.2
ETH-USD,2025-07-11,2957.71
ETH-USD,2025-07-12,2942.36
ETH-USD,2025-07-13,2971.67
ETH-USD,2025-07-14,3013.63
ETH-USD,2025-07-15,3138.89
ETH-USD,2025-07-16,3373.85
ETH-USD,2025-07-17,3472.9
ETH-USD,2025-07-18,3545.58
ETH-USD,2025-07-19,3591.98
ETH-USD,2025-07-20,3757.32
ETH-USD,2025-07-21,3761.37
ETH-USD,2025-07-22,3745.84
ETH-USD,2025-07-23,3626.81
ETH-USD,2025-07-24,3704.21
ETH-USD,2025-07-25,3725.01
ETH-USD,2025-07-26,3740.86
ETH-USD,2025-07-27,3871.74
ETH-USD,2025-07-28,3796.91
ETH-USD,2025-07-29,3793.94
ETH-USD,2025-07-30,3808.91
ETH-USD,2025-07-31,3698.46
ETH-USD,2025-08-01,3488.36
ETH-USD,2025-08-02,3393.92
ETH-USD,2025-08-03,3496.26
ETH-USD,2025-08-04,3720.89
ETH-USD,2025-08-05,3611.69
ETH-USD,2025-08-06,3683.36
ETH-USD,2025-08-07,3909.96
ETH-USD,2025-08-08,4008.96
ETH-USD,2025-08-09,4260.74
ETH-USD,2025-08-10,4250.18
ETH-USD,2025-08-11,4223.42
ETH-USD,2025-08-12,4590.71
ETH-USD,2025-08-13,4747.87
ETH-USD,2025-08-14,4547.35
ETH-USD,2025-08-15,4440.05
ETH-USD,2025-08-16,4422.56
ETH-USD,2025-08-17,4472.21
ETH-USD,2025-08-18,4311.42
ETH-USD,2025-08-19,4075.57
ETH-USD,2025-08-20,4335.37
ETH-USD,2025-08-21,4224.52
ETH-USD,2025-08-22,4831.21
ETH-USD,2025-08-23,4778.43
ETH-USD,2025-08-24,4779.86
ETH-USD,2025-08-25,4374.73
ETH-USD,2025-08-26,4600.77
ETH-USD,2025-08-27,4506.05
ETH-USD,2025-08-28,4513.55
ETH-USD,2025-08-29,4359.2
ETH-USD,2025-08-30,4373.64
ETH-USD,2025-08-31,4391.11
ETH-USD,2025-09-01,4314.22
ETH-USD,2025-09-02,4325.19
ETH-USD,2025-09-03,4450.68
ETH-USD,2025-09-04,4297.66
ETH-USD,2025-09-05,4306.96
ETH-USD,2025-09-06,4272.82
ETH-USD,2025-09-07,4306.25
ETH-USD,2025-09-08,4306.59
ETH-USD,2025-09-09,4309.63
ETH-USD,2025-09-10,4348.7
ETH-USD,2025-09-11,4458.79
ETH-USD,2025-09-12,4711.99
ETH-USD,2025-09-13,4667.07
ETH-USD,2025-09-14,4604.95
ETH-USD,2025-09-15,4523.56
ETH-USD,2025-09-16,4501.21
ETH-USD,2025-09-17,4590.56
ETH-USD,2025-09-18,4587.65
ETH-USD,2025-09-19,4468.66
ETH-USD,2025-09-20,4480.38
ETH-USD,2025-09-21,4444.51
ETH-USD,2025-09-22,4199.05
ETH-USD,2025-09-23,4164.63
ETH-USD,2025-09-24,4153.21
ETH-USD,2025-09-25,3872.53
ETH-USD,2025-09-26,4032.3
ETH-USD,2025-09-27,4017.89
ETH-USD,2025-09-28,4143.72
ETH-USD,2025-09-29,4215.36
ETH-USD,2025-09-30,4144.6
ETH-USD,2025-10-01,4343.8
ETH-USD,2025-10-02,4484.19
ETH-USD,2025-10-03,4511.06
ETH-USD,2025-10-04,4487.37
ETH-USD,2025-10-05,4514.27
ETH-USD,2025-10-06,4686.2
ETH-USD,2025-10-07,4447.77
ETH-USD,2025-10-08,4525.69
ETH-USD,2025-10-09,4367.94
ETH-USD,2025-10-10,3829.58
ETH-USD,2025-10-11,3745.85
ETH-USD,2025-10-12,4153.64
ETH-USD,2025-10-13,4240.91
ETH-USD,2025-10-14,4122.38
ETH-USD,2025-10-15,3985.52
ETH-USD,2025-10-16,3894.48
ETH-USD,2025-10-17,3831.6
ETH-USD,2025-10-18,3888.87
ETH-USD,2025-10-19,3982.53
ETH-USD,2025-10-20,3979.43
ETH-USD,2025-10-21,3874.27
ETH-USD,2025-10-22,3805.16
ETH-USD,2025-10-23,3856.73
ETH-USD,2025-10-24,3934.75
ETH-USD,2025-10-25,3953.92
ETH-USD,2025-10-26,4158.33
ETH-USD,2025-10-27,4120.9
ETH-USD,2025-10-28,3979.45
ETH-USD,2025-10-29,3902.7
ETH-USD,2025-10-30,3803.0
ETH-USD,2025-10-31,3848.0
ETH-USD,2025-11-01,3874.8
ETH-USD,2025-11-02,3908.28
ETH-USD,2025-11-03,3603.63
ETH-USD,2025-11-04,3289.11
ETH-USD,2025-11-05,3424.74
ETH-USD,2025-11-06,3314.43
ETH-USD,2025-11-07,3435.78
ETH-USD,2025-11-08,3401.53
ETH-USD,2025-11-09,3584.18
ETH-USD,2025-11-10,3567.87
ETH-USD,2025-11-11,3417.56
ETH-USD,2025-11-12,3413.6
ETH-USD,2025-11-13,3232.94
ETH-USD,2025-11-14,3113.03
ETH-USD,2025-11-15,3168.01
ETH-USD,2025-11-16,3096.03
ETH-USD,2025-11-17,3030.18
ETH-USD,2025-11-18,3123.73
ETH-USD,2025-11-19,3025.72
ETH-USD,2025-11-20,2832.98
ETH-USD,2025-11-21,2766.76
ETH-USD,2025-11-22,2770.41
ETH-USD,2025-11-23,2801.99
ETH-USD,2025-11-24,2953.44
ETH-USD,2025-11-25,2960.07
ETH-USD,2025-11-26,3026.95
ETH-USD,2025-11-27,3015.69
ETH-USD,2025-11-28,3031.22
ETH-USD,2025-11-29,2989.11
ETH-USD,2025-11-30,2991.73
ETH-USD,2025-12-01,2800.86
GOLD,2021-01-01,1898.1
GOLD,2021-01-04,1942.28
GOLD,2021-01-05,1949.35
GOLD,2021-01-06,1918.81
GOLD,2021-01-07,1912.5
GOLD,2021-01-08,1848.26
GOLD,2021-01-11,1844.66
GOLD,2021-01-12,1855.63
GOLD,2021-01-13,1843.41
GOLD,2021-01-14,1846.37
GOLD,2021-01-15,1826.59
GOLD,2021-01-18,1836.89
GOLD,2021-01-19,1839.34
GOLD,2021-01-20,1870.91
GOLD,2021-01-21,1869.91
GOLD,2021-01-22,1852.55
GOLD,2021-01-25,1854.99
GOLD,2021-01-26,1850.31
GOLD,2021-01-27,1843.99
GOLD,2021-01-28,1840.36
GOLD,2021-01-29,1846.09
GOLD,2021-02-01,1860.16
GOLD,2021-02-02,1837.35
GOLD,2021-02-03,1833.76
GOLD,2021-02-04,1792.26
GOLD,2021-02-05,1811.62
GOLD,2021-02-08,1830.16
GOLD,2021-02-09,1837.06
GOLD,2021-02-10,1842.22
GOLD,2021-02-11,1825.36
GOLD,2021-02-12,1823.46
GOLD,2021-02-15,1818.51
GOLD,2021-02-16,1794.31
GOLD,2021-02-17,1776.26
GOLD,2021-02-18,1775.49
GOLD,2021-02-19,1782.31
GOLD,2021-02-22,1808.66
GOLD,2021-02-23,1805.06
GOLD,2021-02-24,1804.36
GOLD,2021-02-25,1769.88
GOLD,2021-02-26,1733.49
GOLD,2021-03-01,1723.84
GOLD,2021-03-02,1738.09
GOLD,2021-03-03,1710.95
GOLD,2021-03-04,1697.19
GOLD,2021-03-05,1700.86
GOLD,2021-03-08,1681.24
GOLD,2021-03-09,1715.36
GOLD,2021-03-10,1726.05
GOLD,2021-03-11,1721.41
GOLD,2021-03-12,1726.41
GOLD,2021-03-15,1731.84
GOLD,2021-03-16,1730.94
GOLD,2021-03-17,1744.44
GOLD,2021-03-18,1736.41
GOLD,2021-03-19,1744.74
GOLD,2021-03-22,1738.69
GOLD,2021-03-23,1727.11
GOLD,2021-03-24,1734.19
GOLD,2021-03-25,1726.82
GOLD,2021-03-26,1731.97
GOLD,2021-03-29,1711.99
GOLD,2021-03-30,1684.8
GOLD,2021-03-31,1707.01
GOLD,2021-04-01,1730.18
GOLD,2021-04-02,1728.84
GOLD,2021-04-05,1728.44
GOLD,2021-04-06,1743.57
GOLD,2021-04-07,1737.28
GOLD,2021-04-08,1755.94
GOLD,2021-04-09,1743.1
GOLD,2021-04-12,1732.51
GOLD,2021-04-13,1743.83
GOLD,2021-04-14,1736.0
GOLD,2021-04-15,1763.21
GOLD,2021-04-16,1776.31
GOLD,2021-04-19,1769.31
GOLD,2021-04-20,1777.25
GOLD,2021-04-21,1793.46
GOLD,2021-04-22,1783.94
GOLD,2021-04-23,1777.18
GOLD,2021-04-26,1780.19
GOLD,2021-04-27,1776.69
GOLD,2021-04-28,1781.32
GOLD,2021-04-29,1771.24
GOLD,2021-04-30,1768.59
GOLD,2021-05-03,1792.36
GOLD,2021-05-04,1778.48
GOLD,2021-05-05,1786.44
GOLD,2021-05-06,1815.18
GOLD,2021-05-07,1830.48
GOLD,2021-05-10,1835.44
GOLD,2021-05-11,1836.94
GOLD,2021-05-12,1815.44
GOLD,2021-05-13,1826.57
GOLD,2021-05-14,1842.19
GOLD,2021-05-17,1866.13
GOLD,2021-05-18,1868.22
GOLD,2021-05-19,1869.57
GOLD,2021-05-20,1876.69
GOLD,2021-05-21,1880.3
GOLD,2021-05-24,1881.07
GOLD,2021-05-25,1899.26
GOLD,2021-05-26,1896.44
GOLD,2021-05-27,1896.08
GOLD,2021-05-28,1902.64
GOLD,2021-05-31,1906.36
GOLD,2021-06-01,1900.19
GOLD,2021-06-02,1907.94
GOLD,2021-06-03,1870.57
GOLD,2021-06-04,1889.97
GOLD,2021-06-07,1899.0
GOLD,2021-06-08,1892.82
GOLD,2021-06-09,1888.3
GOLD,2021-06-10,1898.14
GOLD,2021-06-11,1876.64
GOLD,2021-06-14,1865.99
GOLD,2021-06-15,1858.69
GOLD,2021-06-16,1811.95
GOLD,2021-06-17,1773.31
GOLD,2021-06-18,1763.34
GOLD,2021-06-21,1782.95
GOLD,2021-06-22,1778.51
GOLD,2021-06-23,1778.73
GOLD,2021-06-24,1775.18
GOLD,2021-06-25,1780.34
GOLD,2021-06-28,1778.18
GOLD,2021-06-29,1761.09
GOLD,2021-06-30,1769.8
GOLD,2021-07-01,1776.6
GOLD,2021-07-02,1786.79
GOLD,2021-07-05,1791.61
GOLD,2021-07-06,1796.69
GOLD,2021-07-07,1803.41
GOLD,2021-07-08,1802.56
GOLD,2021-07-09,1807.98
GOLD,2021-07-12,1805.88
GOLD,2021-07-13,1807.44
GOLD,2021-07-14,1827.06
GOLD,2021-07-15,1829.19
GOLD,2021-07-16,1810.89
GOLD,2021-07-19,1812.34
GOLD,2021-07-20,1810.03
GOLD,2021-07-21,1803.31
GOLD,2021-07-22,1806.69
GOLD,2021-07-23,1801.34
GOLD,2021-07-26,1797.27
GOLD,2021-07-27,1798.73
GOLD,2021-07-28,1806.88
GOLD,2021-07-29,1827.95
GOLD,2021-07-30,1813.58
GOLD,2021-08-02,1813.39
GOLD,2021-08-03,1809.94
GOLD,2021-08-04,1811.41
GOLD,2021-08-05,1804.01
GOLD,2021-08-06,1762.69
GOLD,2021-08-09,1729.46
GOLD,2021-08-10,1728.71
GOLD,2021-08-11,1751.56
GOLD,2021-08-12,1752.44
GOLD,2021-08-13,1779.15
GOLD,2021-08-16,1787.24
GOLD,2021-08-17,1785.96
GOLD,2021-08-18,1787.59
GOLD,2021-08-19,1780.18
GOLD,2021-08-20,1780.87
GOLD,2021-08-23,1805.2
GOLD,2021-08-24,1802.61
GOLD,2021-08-25,1790.68
GOLD,2021-08-26,1792.16
GOLD,2021-08-27,1816.67
GOLD,2021-08-30,1810.17
GOLD,2021-08-31,1813.43
GOLD,2021-09-01,1813.66
GOLD,2021-09-02,1809.4
GOLD,2021-09-03,1826.19
GOLD,2021-09-06,1823.1
GOLD,2021-09-07,1794.13
GOLD,2021-09-08,1788.93
GOLD,2021-09-09,1794.69
GOLD,2021-09-10,1787.34
GOLD,2021-09-13,1793.49
GOLD,2021-09-14,1804.27
GOLD,2021-09-15,1792.59
GOLD,2021-09-16,1753.39
GOLD,2021-09-17,1754.16
GOLD,2021-09-20,1763.88
GOLD,2021-09-21,1774.25
GOLD,2021-09-22,1767.91
GOLD,2021-09-23,1742.57
GOLD,2021-09-24,1749.86
GOLD,2021-09-27,1749.85
GOLD,2021-09-28,1733.68
GOLD,2021-09-29,1726.11
GOLD,2021-09-30,1756.66
GOLD,2021-10-01,1760.36
GOLD,2021-10-04,1769.51
GOLD,2021-10-05,1759.96
GOLD,2021-10-06,1762.48
GOLD,2021-10-07,1755.29
GOLD,2021-10-08,1756.67
GOLD,2021-10-11,1753.86
GOLD,2021-10-12,1759.93
GOLD,2021-10-13,1792.65
GOLD,2021-10-14,1795.56
GOLD,2021-10-15,1767.26
GOLD,2021-10-18,1764.6
GOLD,2021-10-19,1768.87
GOLD,2021-10-20,1781.83
GOLD,2021-10-21,1782.76
GOLD,2021-10-22,1792.48
GOLD,2021-10-25,1807.47
GOLD,2021-10-26,1792.63
GOLD,2021-10-27,1796.69
GOLD,2021-10-28,1798.62
GOLD,2021-10-29,1782.81
GOLD,2021-11-01,1793.05
GOLD,2021-11-02,1787.28
GOLD,2021-11-03,1769.52
GOLD,2021-11-04,1791.7
GOLD,2021-11-05,1816.73
GOLD,2021-11-08,1824.26
GOLD,2021-11-09,1831.48
GOLD,2021-11-10,1849.57
GOLD,2021-11-11,1861.52
GOLD,2021-11-12,1864.04
GOLD,2021-11-15,1862.46
GOLD,2021-11-16,1849.91
GOLD,2021-11-17,1866.96
GOLD,2021-11-18,1858.46
GOLD,2021-11-19,1844.6
GOLD,2021-11-22,1805.04
GOLD,2021-11-23,1789.73
GOLD,2021-11-24,1788.5
GOLD,2021-11-25,1788.45
GOLD,2021-11-26,1791.81
GOLD,2021-11-29,1785.01
GOLD,2021-11-30,1773.78
GOLD,2021-12-01,1782.66
GOLD,2021-12-02,1768.64
GOLD,2021-12-03,1783.74
GOLD,2021-12-06,1778.11
GOLD,2021-12-07,1784.04
GOLD,2021-12-08,1782.06
GOLD,2021-12-09,1774.46
GOLD,2021-12-10,1782.51
GOLD,2021-12-13,1786.94
GOLD,2021-12-14,1770.18
GOLD,2021-12-15,1777.06
GOLD,2021-12-16,1799.03
GOLD,2021-12-17,1797.68
GOLD,2021-12-20,1789.32
GOLD,2021-12-21,1788.36
GOLD,2021-12-22,1803.4
GOLD,2021-12-23,1807.91
GOLD,2021-12-24,1808.11
GOLD,2021-12-27,1810.9
GOLD,2021-12-28,1805.37
GOLD,2021-12-29,1803.66
GOLD,2021-12-30,1815.01
GOLD,2021-12-31,1828.39
GOLD,2022-01-03,1800.85
GOLD,2022-01-04,1814.56
GOLD,2022-01-05,1809.53
GOLD,2022-01-06,1788.68
GOLD,2022-01-07,1795.63
GOLD,2022-01-10,1801.41
GOLD,2022-01-11,1822.01
GOLD,2022-01-12,1825.32
GOLD,2022-01-13,1822.09
GOLD,2022-01-14,1817.22
GOLD,2022-01-17,1818.99
GOLD,2022-01-18,1813.54
GOLD,2022-01-19,1839.96
GOLD,2022-01-20,1838.36
GOLD,2022-01-21,1833.24
GOLD,2022-01-24,1843.06
GOLD,2022-01-25,1847.56
GOLD,2022-01-26,1818.12
GOLD,2022-01-27,1796.51
GOLD,2022-01-28,1791.03
GOLD,2022-01-31,1796.47
GOLD,2022-02-01,1800.65
GOLD,2022-02-02,1806.5
GOLD,2022-02-03,1804.4
GOLD,2022-02-04,1807.49
GOLD,2022-02-07,1820.31
GOLD,2022-02-08,1825.48
GOLD,2022-02-09,1832.43
GOLD,2022-02-10,1826.57
GOLD,2022-02-11,1859.96
GOLD,2022-02-14,1870.29
GOLD,2022-02-15,1853.06
GOLD,2022-02-16,1868.37
GOLD,2022-02-17,1897.27
GOLD,2022-02-18,1897.87
GOLD,2022-02-21,1905.63
GOLD,2022-02-22,1898.13
GOLD,2022-02-23,1907.55
GOLD,2022-02-24,1903.14
GOLD,2022-02-25,1887.56
GOLD,2022-02-28,1907.9
GOLD,2022-03-01,1943.22
GOLD,2022-03-02,1926.11
GOLD,2022-03-03,1935.21
GOLD,2022-03-04,1968.45
GOLD,2022-03-07,1998.11
GOLD,2022-03-08,2052.41
GOLD,2022-03-09,1991.49
GOLD,2022-03-10,1995.86
GOLD,2022-03-11,1985.29
GOLD,2022-03-14,1951.11
GOLD,2022-03-15,1917.84
GOLD,2022-03-16,1927.93
GOLD,2022-03-17,1942.64
GOLD,2022-03-18,1921.09
GOLD,2022-03-21,1935.95
GOLD,2022-03-22,1921.44
GOLD,2022-03-23,1943.38
GOLD,2022-03-24,1957.48
GOLD,2022-03-25,1957.4
GOLD,2022-03-28,1923.2
GOLD,2022-03-29,1919.19
GOLD,2022-03-30,1933.06
GOLD,2022-03-31,1937.23
GOLD,2022-04-01,1924.3
GOLD,2022-04-04,1932.44
GOLD,2022-04-05,1923.76
GOLD,2022-04-06,1925.48
GOLD,2022-04-07,1932.17
GOLD,2022-04-08,1945.85
GOLD,2022-04-11,1953.43
GOLD,2022-04-12,1966.59
GOLD,2022-04-13,1977.72
GOLD,2022-04-14,1973.52
GOLD,2022-04-15,1974.54
GOLD,2022-04-18,1978.5
GOLD,2022-04-19,1949.84
GOLD,2022-04-20,1957.41
GOLD,2022-04-21,1951.49
GOLD,2022-04-22,1929.73
GOLD,2022-04-25,1897.69
GOLD,2022-04-26,1905.56
GOLD,2022-04-27,1886.12
GOLD,2022-04-28,1894.34
GOLD,2022-04-29,1896.4
GOLD,2022-05-02,1862.77
GOLD,2022-05-03,1867.79
GOLD,2022-05-04,1880.92
GOLD,2022-05-05,1876.84
GOLD,2022-05-06,1882.96
GOLD,2022-05-09,1853.92
GOLD,2022-05-10,1838.14
GOLD,2022-05-11,1852.12
GOLD,2022-05-12,1821.72
GOLD,2022-05-13,1811.15
GOLD,2022-05-16,1823.79
GOLD,2022-05-17,1814.67
GOLD,2022-05-18,1815.61
GOLD,2022-05-19,1841.72
GOLD,2022-05-20,1845.68
GOLD,2022-05-23,1853.22
GOLD,2022-05-24,1865.9
GOLD,2022-05-25,1852.83
GOLD,2022-05-26,1850.02
GOLD,2022-05-27,1852.73
GOLD,2022-05-30,1856.21
GOLD,2022-05-31,1837.09
GOLD,2022-06-01,1845.55
GOLD,2022-06-02,1868.13
GOLD,2022-06-03,1850.77
GOLD,2022-06-06,1841.0
GOLD,2022-06-07,1851.97
GOLD,2022-06-08,1853.26
GOLD,2022-06-09,1847.61
GOLD,2022-06-10,1870.96
GOLD,2022-06-13,1818.77
GOLD,2022-06-14,1808.1
GOLD,2022-06-15,1833.38
GOLD,2022-06-16,1856.71
GOLD,2022-06-17,1839.35
GOLD,2022-06-20,1838.29
GOLD,2022-06-21,1832.56
GOLD,2022-06-22,1837.39
GOLD,2022-06-23,1822.43
GOLD,2022-06-24,1826.18
GOLD,2022-06-27,1822.73
GOLD,2022-06-28,1819.69
GOLD,2022-06-29,1817.11
GOLD,2022-06-30,1806.89
GOLD,2022-07-01,1810.18
GOLD,2022-07-04,1809.12
GOLD,2022-07-05,1764.35
GOLD,2022-07-06,1738.3
GOLD,2022-07-07,1739.61
GOLD,2022-07-08,1741.82
GOLD,2022-07-11,1733.67
GOLD,2022-07-12,1725.81
GOLD,2022-07-13,1735.23
GOLD,2022-07-14,1709.45
GOLD,2022-07-15,1706.78
GOLD,2022-07-18,1709.01
GOLD,2022-07-19,1711.07
GOLD,2022-07-20,1696.43
GOLD,2022-07-21,1718.49
GOLD,2022-07-22,1726.46
GOLD,2022-07-25,1718.78
GOLD,2022-07-26,1717.0
GOLD,2022-07-27,1733.89
GOLD,2022-07-28,1755.11
GOLD,2022-07-29,1765.22
GOLD,2022-08-01,1771.73
GOLD,2022-08-02,1759.75
GOLD,2022-08-03,1764.9
GOLD,2022-08-04,1790.97
GOLD,2022-08-05,1774.15
GOLD,2022-08-08,1788.52
GOLD,2022-08-09,1794.08
GOLD,2022-08-10,1792.13
GOLD,2022-08-11,1789.45
GOLD,2022-08-12,1801.76
GOLD,2022-08-15,1778.91
GOLD,2022-08-16,1775.54
GOLD,2022-08-17,1761.05
GOLD,2022-08-18,1758.2
GOLD,2022-08-19,1747.83
GOLD,2022-08-22,1735.7
GOLD,2022-08-23,1747.67
GOLD,2022-08-24,1750.89
GOLD,2022-08-25,1758.44
GOLD,2022-08-26,1736.86
GOLD,2022-08-29,1737.82
GOLD,2022-08-30,1723.55
GOLD,2022-08-31,1710.7
GOLD,2022-09-01,1696.09
GOLD,2022-09-02,1711.44
GOLD,2022-09-05,1710.21
GOLD,2022-09-06,1701.15
GOLD,2022-09-07,1717.69
GOLD,2022-09-08,1707.28
GOLD,2022-09-09,1716.05
GOLD,2022-09-12,1724.07
GOLD,2022-09-13,1701.55
GOLD,2022-09-14,1695.8
GOLD,2022-09-15,1663.74
GOLD,2022-09-16,1674.94
GOLD,2022-09-19,1675.78
GOLD,2022-09-20,1663.11
GOLD,2022-09-21,1673.74
GOLD,2022-09-22,1670.53
GOLD,2022-09-23,1643.09
GOLD,2022-09-26,1621.57
GOLD,2022-09-27,1628.8
GOLD,2022-09-28,1659.44
GOLD,2022-09-29,1660.29
GOLD,2022-09-30,1659.67
GOLD,2022-10-03,1699.22
GOLD,2022-10-04,1726.24
GOLD,2022-10-05,1715.81
GOLD,2022-10-06,1710.85
GOLD,2022-10-07,1694.52
GOLD,2022-10-10,1667.96
GOLD,2022-10-11,1665.31
GOLD,2022-10-12,1672.51
GOLD,2022-10-13,1665.8
GOLD,2022-10-14,1641.76
GOLD,2022-10-17,1649.94
GOLD,2022-10-18,1651.83
GOLD,2022-10-19,1628.49
GOLD,2022-10-20,1627.66
GOLD,2022-10-21,1656.66
GOLD,2022-10-24,1648.6
GOLD,2022-10-25,1652.52
GOLD,2022-10-26,1664.49
GOLD,2022-10-27,1662.94
GOLD,2022-10-28,1641.76
GOLD,2022-10-31,1633.12
GOLD,2022-11-01,1647.5
GOLD,2022-11-02,1634.89
GOLD,2022-11-03,1629.15
GOLD,2022-11-04,1680.27
GOLD,2022-11-07,1674.68
GOLD,2022-11-08,1712.52
GOLD,2022-11-09,1706.32
GOLD,2022-11-10,1754.75
GOLD,2022-11-11,1770.69
GOLD,2022-11-14,1771.8
GOLD,2022-11-15,1778.25
GOLD,2022-11-16,1773.77
GOLD,2022-11-17,1760.87
GOLD,2022-11-18,1749.74
GOLD,2022-11-21,1737.81
GOLD,2022-11-22,1740.24
GOLD,2022-11-23,1749.28
GOLD,2022-11-24,1754.96
GOLD,2022-11-25,1756.14
GOLD,2022-11-28,1740.75
GOLD,2022-11-29,1749.73
GOLD,2022-11-30,1768.45
GOLD,2022-12-01,1802.89
GOLD,2022-12-02,1797.82
GOLD,2022-12-05,1768.39
GOLD,2022-12-06,1770.91
GOLD,2022-12-07,1786.22
GOLD,2022-12-08,1789.23
GOLD,2022-12-09,1796.63
GOLD,2022-12-12,1781.15
GOLD,2022-12-13,1810.29
GOLD,2022-12-14,1807.27
GOLD,2022-12-15,1776.66
GOLD,2022-12-16,1792.34
GOLD,2022-12-19,1787.44
GOLD,2022-12-20,1817.41
GOLD,2022-12-21,1814.13
GOLD,2022-12-22,1792.57
GOLD,2022-12-23,1797.91
GOLD,2022-12-26,1797.61
GOLD,2022-12-27,1813.93
GOLD,2022-12-28,1804.09
GOLD,2022-12-29,1814.89
GOLD,2022-12-30,1824.4
GOLD,2023-01-02,1823.69
GOLD,2023-01-03,1839.49
GOLD,2023-01-04,1854.09
GOLD,2023-01-05,1833.19
GOLD,2023-01-06,1865.71
GOLD,2023-01-09,1871.59
GOLD,2023-01-10,1877.27
GOLD,2023-01-11,1876.38
GOLD,2023-01-12,1896.86
GOLD,2023-01-13,1920.21
GOLD,2023-01-16,1918.0
GOLD,2023-01-17,1908.39
GOLD,2023-01-18,1903.76
GOLD,2023-01-19,1931.39
GOLD,2023-01-20,1926.57
GOLD,2023-01-23,1931.3
GOLD,2023-01-24,1937.45
GOLD,2023-01-25,1945.93
GOLD,2023-01-26,1928.99
GOLD,2023-01-27,1927.34
GOLD,2023-01-30,1922.52
GOLD,2023-01-31,1927.88
GOLD,2023-02-01,1950.42
GOLD,2023-02-02,1912.37
GOLD,2023-02-03,1865.53
GOLD,2023-02-06,1867.36
GOLD,2023-02-07,1873.81
GOLD,2023-02-08,1875.59
GOLD,2023-02-09,1861.39
GOLD,2023-02-10,1864.67
GOLD,2023-02-13,1853.39
GOLD,2023-02-14,1854.29
GOLD,2023-02-15,1836.19
GOLD,2023-02-16,1837.44
GOLD,2023-02-17,1841.59
GOLD,2023-02-20,1841.14
GOLD,2023-02-21,1834.32
GOLD,2023-02-22,1825.04
GOLD,2023-02-23,1822.64
GOLD,2023-02-24,1810.81
GOLD,2023-02-27,1817.31
GOLD,2023-02-28,1827.15
GOLD,2023-03-01,1836.81
GOLD,2023-03-02,1836.0
GOLD,2023-03-03,1854.97
GOLD,2023-03-06,1846.85
GOLD,2023-03-07,1813.52
GOLD,2023-03-08,1813.59
GOLD,2023-03-09,1830.89
GOLD,2023-03-10,1867.83
GOLD,2023-03-13,1913.23
GOLD,2023-03-14,1902.12
GOLD,2023-03-15,1918.1
GOLD,2023-03-16,1919.12
GOLD,2023-03-17,1987.93
GOLD,2023-03-20,1978.71
GOLD,2023-03-21,1940.15
GOLD,2023-03-22,1969.58
GOLD,2023-03-23,1993.5
GOLD,2023-03-24,1977.22
GOLD,2023-03-27,1956.56
GOLD,2023-03-28,1973.69
GOLD,2023-03-29,1964.04
GOLD,2023-03-30,1980.25
GOLD,2023-03-31,1967.9
GOLD,2023-04-03,1984.11
GOLD,2023-04-04,2019.97
GOLD,2023-04-05,2020.35
GOLD,2023-04-06,2008.02
GOLD,2023-04-10,1989.95
GOLD,2023-04-11,2003.14
GOLD,2023-04-12,2014.67
GOLD,2023-04-13,2039.73
GOLD,2023-04-14,2003.04
GOLD,2023-04-17,1994.77
GOLD,2023-04-18,2004.93
GOLD,2023-04-19,1993.26
GOLD,2023-04-20,2004.34
GOLD,2023-04-21,1982.89
GOLD,2023-04-24,1988.88
GOLD,2023-04-25,1997.87
GOLD,2023-04-26,1989.48
GOLD,2023-04-27,1987.87
GOLD,2023-04-28,1989.65
GOLD,2023-05-01,1982.05
GOLD,2023-05-02,2016.28
GOLD,2023-05-03,2039.02
GOLD,2023-05-04,2051.11
GOLD,2023-05-05,2016.54
GOLD,2023-05-08,2021.39
GOLD,2023-05-09,2034.17
GOLD,2023-05-10,2029.51
GOLD,2023-05-11,2015.55
GOLD,2023-05-12,2011.15
GOLD,2023-05-15,2020.6
GOLD,2023-05-16,1988.6
GOLD,2023-05-17,1981.72
GOLD,2023-05-18,1958.05
GOLD,2023-05-19,1976.56
GOLD,2023-05-22,1969.43
GOLD,2023-05-23,1974.73
GOLD,2023-05-24,1957.01
GOLD,2023-05-25,1940.34
GOLD,2023-05-26,1946.33
GOLD,2023-05-29,1942.84
GOLD,2023-05-30,1959.14
GOLD,2023-05-31,1962.3
GOLD,2023-06-01,1977.88
GOLD,2023-06-02,1947.63
GOLD,2023-06-05,1961.76
GOLD,2023-06-06,1962.85
GOLD,2023-06-07,1939.63
GOLD,2023-06-08,1967.76
GOLD,2023-06-09,1960.6
GOLD,2023-06-12,1956.92
GOLD,2023-06-13,1943.33
GOLD,2023-06-14,1942.99
GOLD,2023-06-15,1957.65
GOLD,2023-06-16,1957.36
GOLD,2023-06-19,1950.12
GOLD,2023-06-20,1935.91
GOLD,2023-06-21,1932.26
GOLD,2023-06-22,1913.52
GOLD,2023-06-23,1921.36
GOLD,2023-06-26,1922.85
GOLD,2023-06-27,1913.35
GOLD,2023-06-28,1907.42
GOLD,2023-06-29,1908.15
GOLD,2023-06-30,1919.57
GOLD,2023-07-03,1921.43
GOLD,2023-07-04,1925.09
GOLD,2023-07-05,1917.32
GOLD,2023-07-06,1910.8
GOLD,2023-07-07,1924.28
GOLD,2023-07-10,1924.99
GOLD,2023-07-11,1931.99
GOLD,2023-07-12,1957.09
GOLD,2023-07-13,1960.19
GOLD,2023-07-14,1954.93
GOLD,2023-07-17,1954.74
GOLD,2023-07-18,1978.71
GOLD,2023-07-19,1977.25
GOLD,2023-07-20,1969.62
GOLD,2023-07-21,1960.23
GOLD,2023-07-24,1954.51
GOLD,2023-07-25,1964.58
GOLD,2023-07-26,1972.1
GOLD,2023-07-27,1944.99
GOLD,2023-07-28,1959.2
GOLD,2023-07-31,1964.19
GOLD,2023-08-01,1944.08
GOLD,2023-08-02,1933.56
GOLD,2023-08-03,1933.74
GOLD,2023-08-04,1941.62
GOLD,2023-08-07,1936.39
GOLD,2023-08-08,1924.82
GOLD,2023-08-09,1914.59
GOLD,2023-08-10,1912.06
GOLD,2023-08-11,1913.32
GOLD,2023-08-14,1907.9
GOLD,2023-08-15,1901.56
GOLD,2023-08-16,1891.76
GOLD,2023-08-17,1888.89
GOLD,2023-08-18,1888.19
GOLD,2023-08-21,1893.94
GOLD,2023-08-22,1897.47
GOLD,2023-08-23,1914.31
GOLD,2023-08-24,1917.43
GOLD,2023-08-25,1914.53
GOLD,2023-08-28,1919.66
GOLD,2023-08-29,1937.12
GOLD,2023-08-30,1942.24
GOLD,2023-08-31,1939.74
GOLD,2023-09-01,1938.8
GOLD,2023-09-04,1938.19
GOLD,2023-09-05,1925.81
GOLD,2023-09-06,1916.28
GOLD,2023-09-07,1919.19
GOLD,2023-09-08,1917.81
GOLD,2023-09-11,1921.66
GOLD,2023-09-12,1913.26
GOLD,2023-09-13,1906.3
GOLD,2023-09-14,1910.32
GOLD,2023-09-15,1923.57
GOLD,2023-09-18,1933.14
GOLD,2023-09-19,1930.94
GOLD,2023-09-20,1929.68
GOLD,2023-09-21,1919.57
GOLD,2023-09-22,1924.99
GOLD,2023-09-25,1915.66
GOLD,2023-09-26,1900.49
GOLD,2023-09-27,1874.7
GOLD,2023-09-28,1864.56
GOLD,2023-09-29,1848.31
GOLD,2023-10-02,1827.4
GOLD,2023-10-03,1822.81
GOLD,2023-10-04,1821.08
GOLD,2023-10-05,1820.01
GOLD,2023-10-06,1832.26
GOLD,2023-10-09,1860.88
GOLD,2023-10-10,1860.09
GOLD,2023-10-11,1873.61
GOLD,2023-10-12,1868.65
GOLD,2023-10-13,1931.7
GOLD,2023-10-16,1919.44
GOLD,2023-10-17,1923.07
GOLD,2023-10-18,1947.69
GOLD,2023-10-19,1973.7
GOLD,2023-10-20,1981.04
GOLD,2023-10-23,1972.59
GOLD,2023-10-24,1970.11
GOLD,2023-10-25,1979.62
GOLD,2023-10-26,1984.82
GOLD,2023-10-27,2005.78
GOLD,2023-10-30,1995.88
GOLD,2023-10-31,1982.7
GOLD,2023-11-01,1982.15
GOLD,2023-11-02,1985.51
GOLD,2023-11-03,1992.27
GOLD,2023-11-06,1977.68
GOLD,2023-11-07,1968.4
GOLD,2023-11-08,1949.79
GOLD,2023-11-09,1958.19
GOLD,2023-11-10,1936.79
GOLD,2023-11-13,1945.89
GOLD,2023-11-14,1962.67
GOLD,2023-11-15,1959.09
GOLD,2023-11-16,1980.85
GOLD,2023-11-17,1980.01
GOLD,2023-11-20,1977.19
GOLD,2023-11-21,1998.37
GOLD,2023-11-22,1989.72
GOLD,2023-11-23,1991.79
GOLD,2023-11-24,2001.97
GOLD,2023-11-27,2013.64
GOLD,2023-11-28,2040.89
GOLD,2023-11-29,2044.59
GOLD,2023-11-30,2035.75
GOLD,2023-12-01,2070.9
GOLD,2023-12-04,2029.74
GOLD,2023-12-05,2019.42
GOLD,2023-12-06,2024.9
GOLD,2023-12-07,2028.34
GOLD,2023-12-08,2003.39
GOLD,2023-12-11,1981.3
GOLD,2023-12-12,1979.44
GOLD,2023-12-13,2026.39
GOLD,2023-12-14,2035.53
GOLD,2023-12-15,2018.19
GOLD,2023-12-18,2027.0
GOLD,2023-12-19,2040.12
GOLD,2023-12-20,2029.19
GOLD,2023-12-21,2045.49
GOLD,2023-12-22,2052.98
GOLD,2023-12-25,2054.93
GOLD,2023-12-26,2066.6
GOLD,2023-12-27,2077.16
GOLD,2023-12-28,2064.86
GOLD,2023-12-29,2062.59
GOLD,2024-01-01,2063.8
GOLD,2024-01-02,2058.88
GOLD,2024-01-03,2040.78
GOLD,2024-01-04,2043.26
GOLD,2024-01-05,2045.5
GOLD,2024-01-08,2027.84
GOLD,2024-01-09,2029.59
GOLD,2024-01-10,2023.4
GOLD,2024-01-11,2028.09
GOLD,2024-01-12,2048.72
GOLD,2024-01-15,2054.49
GOLD,2024-01-16,2027.59
GOLD,2024-01-17,2005.72
GOLD,2024-01-18,2022.67
GOLD,2024-01-19,2029.09
GOLD,2024-01-22,2020.99
GOLD,2024-01-23,2028.69
GOLD,2024-01-24,2012.59
GOLD,2024-01-25,2019.75
GOLD,2024-01-26,2018.34
GOLD,2024-01-29,2031.75
GOLD,2024-01-30,2036.12
GOLD,2024-01-31,2037.19
GOLD,2024-02-01,2054.89
GOLD,2024-02-02,2038.59
GOLD,2024-02-05,2024.67
GOLD,2024-02-06,2035.46
GOLD,2024-02-07,2034.22
GOLD,2024-02-08,2033.18
GOLD,2024-02-09,2024.16
GOLD,2024-02-12,2019.79
GOLD,2024-02-13,1992.13
GOLD,2024-02-14,1992.39
GOLD,2024-02-15,2004.09
GOLD,2024-02-16,2013.1
GOLD,2024-02-19,2017.63
GOLD,2024-02-20,2023.53
GOLD,2024-02-21,2024.99
GOLD,2024-02-22,2024.11
GOLD,2024-02-23,2035.72
GOLD,2024-02-26,2030.66
GOLD,2024-02-27,2029.64
GOLD,2024-02-28,2034.62
GOLD,2024-02-29,2043.24
GOLD,2024-03-01,2083.39
GOLD,2024-03-04,2114.99
GOLD,2024-03-05,2127.55
GOLD,2024-03-06,2148.29
GOLD,2024-03-07,2159.16
GOLD,2024-03-08,2177.51
GOLD,2024-03-11,2182.47
GOLD,2024-03-12,2157.99
GOLD,2024-03-13,2174.4
GOLD,2024-03-14,2161.01
GOLD,2024-03-15,2155.54
GOLD,2024-03-18,2159.99
GOLD,2024-03-19,2157.23
GOLD,2024-03-20,2185.96
GOLD,2024-03-21,2180.81
GOLD,2024-03-22,2164.15
GOLD,2024-03-25,2171.45
GOLD,2024-03-26,2178.58
GOLD,2024-03-27,2194.02
GOLD,2024-03-28,2232.38
GOLD,2024-04-01,2250.36
GOLD,2024-04-02,2280.1
GOLD,2024-04-03,2299.17
GOLD,2024-04-04,2289.43
GOLD,2024-04-05,2329.5
GOLD,2024-04-08,2338.89
GOLD,2024-04-09,2352.58
GOLD,2024-04-10,2332.79
GOLD,2024-04-11,2373.24
GOLD,2024-04-12,2343.43
GOLD,2024-04-15,2382.51
GOLD,2024-04-16,2382.83
GOLD,2024-04-17,2360.81
GOLD,2024-04-18,2378.25
GOLD,2024-04-19,2390.45
GOLD,2024-04-22,2326.29
GOLD,2024-04-23,2321.81
GOLD,2024-04-24,2315.82
GOLD,2024-04-25,2331.78
GOLD,2024-04-26,2337.72
GOLD,2024-04-29,2334.44
GOLD,2024-04-30,2285.57
GOLD,2024-05-01,2317.9
GOLD,2024-05-02,2303.29
GOLD,2024-05-03,2301.56
GOLD,2024-05-06,2323.57
GOLD,2024-05-07,2313.79
GOLD,2024-05-08,2308.65
GOLD,2024-05-09,2345.88
GOLD,2024-05-10,2360.14
GOLD,2024-05-13,2336.05
GOLD,2024-05-14,2357.97
GOLD,2024-05-15,2386.04
GOLD,2024-05-16,2376.44
GOLD,2024-05-17,2414.89
GOLD,2024-05-20,2425.12
GOLD,2024-05-21,2421.64
GOLD,2024-05-22,2378.25
GOLD,2024-05-23,2328.37
GOLD,2024-05-24,2333.76
GOLD,2024-05-27,2350.74
GOLD,2024-05-28,2360.95
GOLD,2024-05-29,2338.77
GOLD,2024-05-30,2343.0
GOLD,2024-05-31,2326.97
GOLD,2024-06-03,2350.35
GOLD,2024-06-04,2327.68
GOLD,2024-06-05,2354.78
GOLD,2024-06-06,2375.61
GOLD,2024-06-07,2292.71
GOLD,2024-06-10,2310.6
GOLD,2024-06-11,2316.27
GOLD,2024-06-12,2322.55
GOLD,2024-06-13,2303.19
GOLD,2024-06-14,2332.52
GOLD,2024-06-17,2318.87
GOLD,2024-06-18,2328.33
GOLD,2024-06-19,2327.48
GOLD,2024-06-20,2359.63
GOLD,2024-06-21,2320.34
GOLD,2024-06-24,2332.93
GOLD,2024-06-25,2319.01
GOLD,2024-06-26,2297.91
GOLD,2024-06-27,2327.45
GOLD,2024-06-28,2325.71
GOLD,2024-07-01,2331.7
GOLD,2024-07-02,2329.28
GOLD,2024-07-03,2356.06
GOLD,2024-07-04,2356.12
GOLD,2024-07-05,2391.46
GOLD,2024-07-08,2358.8
GOLD,2024-07-09,2363.58
GOLD,2024-07-10,2371.07
GOLD,2024-07-11,2414.78
GOLD,2024-07-12,2411.27
GOLD,2024-07-15,2422.07
GOLD,2024-07-16,2468.57
GOLD,2024-07-17,2458.38
GOLD,2024-07-18,2444.97
GOLD,2024-07-19,2400.79
GOLD,2024-07-22,2397.65
GOLD,2024-07-23,2409.21
GOLD,2024-07-24,2397.59
GOLD,2024-07-25,2364.5
GOLD,2024-07-26,2385.57
GOLD,2024-07-29,2383.54
GOLD,2024-07-30,2408.43
GOLD,2024-07-31,2448.1
GOLD,2024-08-01,2445.42
GOLD,2024-08-02,2443.29
GOLD,2024-08-05,2407.65
GOLD,2024-08-06,2389.37
GOLD,2024-08-07,2381.53
GOLD,2024-08-08,2426.75
GOLD,2024-08-09,2430.93
GOLD,2024-08-12,2472.25
GOLD,2024-08-13,2465.03
GOLD,2024-08-14,2447.64
GOLD,2024-08-15,2456.1
GOLD,2024-08-16,2507.28
GOLD,2024-08-19,2503.92
GOLD,2024-08-20,2513.74
GOLD,2024-08-21,2511.95
GOLD,2024-08-22,2483.29
GOLD,2024-08-23,2512.07
GOLD,2024-08-26,2516.89
GOLD,2024-08-27,2524.57
GOLD,2024-08-28,2502.25
GOLD,2024-08-29,2521.18
GOLD,2024-08-30,2503.03
GOLD,2024-09-02,2499.29
GOLD,2024-09-03,2492.76
GOLD,2024-09-04,2494.19
GOLD,2024-09-05,2516.32
GOLD,2024-09-06,2497.03
GOLD,2024-09-09,2505.25
GOLD,2024-09-10,2516.12
GOLD,2024-09-11,2511.44
GOLD,2024-09-12,2558.75
GOLD,2024-09-13,2576.5
GOLD,2024-09-16,2582.58
GOLD,2024-09-17,2569.52
GOLD,2024-09-18,2558.8
GOLD,2024-09-19,2586.48
GOLD,2024-09-20,2621.96
GOLD,2024-09-23,2628.4
GOLD,2024-09-24,2656.7
GOLD,2024-09-25,2656.82
GOLD,2024-09-26,2670.2
GOLD,2024-09-27,2657.97
GOLD,2024-09-30,2634.49
GOLD,2024-10-01,2662.82
GOLD,2024-10-02,2657.75
GOLD,2024-10-03,2655.9
GOLD,2024-10-04,2652.25
GOLD,2024-10-07,2643.58
GOLD,2024-10-08,2621.94
GOLD,2024-10-09,2607.77
GOLD,2024-10-10,2629.48
GOLD,2024-10-11,2656.0
GOLD,2024-10-14,2651.05
GOLD,2024-10-15,2660.99
GOLD,2024-10-16,2673.24
GOLD,2024-10-17,2692.55
GOLD,2024-10-18,2720.25
GOLD,2024-10-21,2719.65
GOLD,2024-10-22,2748.38
GOLD,2024-10-23,2717.54
GOLD,2024-10-24,2735.7
GOLD,2024-10-25,2747.69
GOLD,2024-10-28,2741.98
GOLD,2024-10-29,2775.13
GOLD,2024-10-30,2786.19
GOLD,2024-10-31,2743.8
GOLD,2024-11-01,2735.16
GOLD,2024-11-04,2736.39
GOLD,2024-11-05,2743.59
GOLD,2024-11-06,2659.24
GOLD,2024-11-07,2706.99
GOLD,2024-11-08,2683.77
GOLD,2024-11-11,2620.2
GOLD,2024-11-12,2597.27
GOLD,2024-11-13,2573.78
GOLD,2024-11-14,2566.19
GOLD,2024-11-15,2561.24
GOLD,2024-11-18,2612.2
GOLD,2024-11-19,2631.68
GOLD,2024-11-20,2650.05
GOLD,2024-11-21,2669.69
GOLD,2024-11-22,2712.55
GOLD,2024-11-25,2625.26
GOLD,2024-11-26,2631.89
GOLD,2024-11-27,2635.51
GOLD,2024-11-28,2640.96
GOLD,2024-11-29,2653.55
GOLD,2024-12-02,2638.93
GOLD,2024-12-03,2643.44
GOLD,2024-12-04,2649.79
GOLD,2024-12-05,2632.05
GOLD,2024-12-06,2632.91
GOLD,2024-12-09,2658.78
GOLD,2024-12-10,2693.64
GOLD,2024-12-11,2717.93
GOLD,2024-12-12,2681.33
GOLD,2024-12-13,2648.39
GOLD,2024-12-16,2652.5
GOLD,2024-12-17,2645.54
GOLD,2024-12-18,2587.63
GOLD,2024-12-19,2593.85
GOLD,2024-12-20,2620.77
GOLD,2024-12-23,2612.93
GOLD,2024-12-24,2613.2
GOLD,2024-12-26,2634.43
GOLD,2024-12-27,2620.0
GOLD,2024-12-30,2605.39
GOLD,2024-12-31,2623.81
GOLD,2025-01-02,2657.16
GOLD,2025-01-03,2639.12
GOLD,2025-01-06,2635.33
GOLD,2025-01-07,2649.49
GOLD,2025-01-08,2662.06
GOLD,2025-01-09,2670.19
GOLD,2025-01-10,2689.63
GOLD,2025-01-13,2662.12
GOLD,2025-01-14,2677.16
GOLD,2025-01-15,2695.82
GOLD,2025-01-16,2713.77
GOLD,2025-01-17,2701.55
GOLD,2025-01-20,2708.06
GOLD,2025-01-21,2744.39
GOLD,2025-01-22,2755.02
GOLD,2025-01-23,2753.69
GOLD,2025-01-24,2771.3
GOLD,2025-01-27,2741.1
GOLD,2025-01-28,2763.11
GOLD,2025-01-29,2757.71
GOLD,2025-01-30,2793.88
GOLD,2025-01-31,2801.0
GOLD,2025-02-03,2813.49
GOLD,2025-02-04,2841.94
GOLD,2025-02-05,2865.09
GOLD,2025-02-06,2856.5
GOLD,2025-02-07,2860.39
GOLD,2025-02-10,2907.34
GOLD,2025-02-11,2898.34
GOLD,2025-02-12,2903.66
GOLD,2025-02-13,2929.03
GOLD,2025-02-14,2883.18
GOLD,2025-02-17,2897.66
GOLD,2025-02-18,2935.58
GOLD,2025-02-19,2932.64
GOLD,2025-02-20,2938.7
GOLD,2025-02-21,2936.03
GOLD,2025-02-24,2951.19
GOLD,2025-02-25,2915.12
GOLD,2025-02-26,2916.19
GOLD,2025-02-27,2876.19
GOLD,2025-02-28,2858.6
GOLD,2025-03-03,2893.71
GOLD,2025-03-04,2917.49
GOLD,2025-03-05,2918.84
GOLD,2025-03-06,2909.99
GOLD,2025-03-07,2910.79
GOLD,2025-03-10,2889.4
GOLD,2025-03-11,2916.04
GOLD,2025-03-12,2932.06
GOLD,2025-03-13,2987.75
GOLD,2025-03-14,2984.42
GOLD,2025-03-17,3001.47
GOLD,2025-03-18,3033.95
GOLD,2025-03-19,3047.18
GOLD,2025-03-20,3044.41
GOLD,2025-03-21,3023.63
GOLD,2025-03-24,3012.27
GOLD,2025-03-25,3019.85
GOLD,2025-03-26,3019.29
GOLD,2025-03-27,3056.1
GOLD,2025-03-28,3084.03
GOLD,2025-03-31,3123.05
GOLD,2025-04-01,3110.55
GOLD,2025-04-02,3133.57
GOLD,2025-04-03,3112.83
GOLD,2025-04-04,3037.36
GOLD,2025-04-07,2982.54
GOLD,2025-04-08,2983.78
GOLD,2025-04-09,3082.18
GOLD,2025-04-10,3173.92
GOLD,2025-04-11,3236.21
GOLD,2025-04-14,3209.28
GOLD,2025-04-15,3227.6
GOLD,2025-04-16,3343.22
GOLD,2025-04-17,3327.54
GOLD,2025-04-21,3424.3
GOLD,2025-04-22,3382.54
GOLD,2025-04-23,3288.26
GOLD,2025-04-24,3349.1
GOLD,2025-04-25,3319.45
GOLD,2025-04-28,3341.67
GOLD,2025-04-29,3317.18
GOLD,2025-04-30,3288.59
GOLD,2025-05-01,3241.0
GOLD,2025-05-02,3240.88
GOLD,2025-05-05,3334.5
GOLD,2025-05-06,3430.21
GOLD,2025-05-07,3365.21
GOLD,2025-05-08,3305.52
GOLD,2025-05-09,3324.63
GOLD,2025-05-12,3234.7
GOLD,2025-05-13,3248.47
GOLD,2025-05-14,3178.75
GOLD,2025-05-15,3240.87
GOLD,2025-05-16,3202.77
GOLD,2025-05-19,3229.85
GOLD,2025-05-20,3290.12
GOLD,2025-05-21,3314.99
GOLD,2025-05-22,3295.0
GOLD,2025-05-23,3357.42
GOLD,2025-05-26,3342.94
GOLD,2025-05-27,3300.68
GOLD,2025-05-28,3289.76
GOLD,2025-05-29,3317.02
GOLD,2025-05-30,3289.4
GOLD,2025-06-02,3380.21
GOLD,2025-06-03,3352.25
GOLD,2025-06-04,3376.54
GOLD,2025-06-05,3354.16
GOLD,2025-06-06,3310.17
GOLD,2025-06-09,3328.33
GOLD,2025-06-10,3323.02
GOLD,2025-06-11,3353.84
GOLD,2025-06-12,3385.29
GOLD,2025-06-13,3432.64
GOLD,2025-06-16,3383.2
GOLD,2025-06-17,3388.74
GOLD,2025-06-18,3369.09
GOLD,2025-06-19,3370.75
GOLD,2025-06-20,3368.23
GOLD,2025-06-23,3368.88
GOLD,2025-06-24,3324.2
GOLD,2025-06-25,3332.46
GOLD,2025-06-26,3328.06
GOLD,2025-06-27,3274.25
GOLD,2025-06-30,3303.69
GOLD,2025-07-01,3339.21
GOLD,2025-07-02,3357.36
GOLD,2025-07-03,3326.57
GOLD,2025-07-04,3336.64
GOLD,2025-07-07,3335.61
GOLD,2025-07-08,3300.7
GOLD,2025-07-09,3313.72
GOLD,2025-07-10,3323.07
GOLD,2025-07-11,3355.91
GOLD,2025-07-14,3343.8
GOLD,2025-07-15,3322.63
GOLD,2025-07-16,3346.58
GOLD,2025-07-17,3338.95
GOLD,2025-07-18,3350.4
GOLD,2025-07-21,3395.8
GOLD,2025-07-22,3431.5
GOLD,2025-07-23,3387.78
GOLD,2025-07-24,3368.15
GOLD,2025-07-25,3337.18
GOLD,2025-07-28,3314.64
GOLD,2025-07-29,3326.84
GOLD,2025-07-30,3275.25
GOLD,2025-07-31,3290.32
GOLD,2025-08-01,3362.88
GOLD,2025-08-04,3373.37
GOLD,2025-08-05,3381.27
GOLD,2025-08-06,3369.04
GOLD,2025-08-07,3397.31
GOLD,2025-08-08,3398.78
GOLD,2025-08-11,3344.83
GOLD,2025-08-12,3346.2
GOLD,2025-08-13,3354.73
GOLD,2025-08-14,3336.5
GOLD,2025-08-15,3335.39
GOLD,2025-08-18,3330.55
GOLD,2025-08-19,3315.46
GOLD,2025-08-20,3347.11
GOLD,2025-08-21,3338.81
GOLD,2025-08-22,3372.11
GOLD,2025-08-25,3366.79
GOLD,2025-08-26,3392.88
GOLD,2025-08-27,3397.42
GOLD,2025-08-28,3417.2
GOLD,2025-08-29,3448.0
GOLD,2025-09-01,3476.47
GOLD,2025-09-02,3533.73
GOLD,2025-09-03,3559.43
GOLD,2025-09-04,3546.17
GOLD,2025-09-05,3586.81
GOLD,2025-09-08,3635.84
GOLD,2025-09-09,3626.48
GOLD,2025-09-10,3640.74
GOLD,2025-09-11,3634.09
GOLD,2025-09-12,3643.13
GOLD,2025-09-15,3679.13
GOLD,2025-09-16,3689.8
GOLD,2025-09-17,3660.04
GOLD,2025-09-18,3644.36
GOLD,2025-09-19,3684.98
GOLD,2025-09-22,3746.47
GOLD,2025-09-23,3764.19
GOLD,2025-09-24,3736.29
GOLD,2025-09-25,3749.37
GOLD,2025-09-26,3760.24
GOLD,2025-09-29,3833.93
GOLD,2025-09-30,3858.51
GOLD,2025-10-01,3865.8
GOLD,2025-10-02,3856.53
GOLD,2025-10-03,3886.83
GOLD,2025-10-06,3961.09
GOLD,2025-10-07,3983.82
GOLD,2025-10-08,4038.9
GOLD,2025-10-09,3976.29
GOLD,2025-10-10,4018.3
GOLD,2025-10-13,4110.7
GOLD,2025-10-14,4142.31
GOLD,2025-10-15,4208.58
GOLD,2025-10-16,4326.18
GOLD,2025-10-17,4249.98
GOLD,2025-10-20,4356.5
GOLD,2025-10-21,4125.1
GOLD,2025-10-22,4094.07
GOLD,2025-10-23,4126.17
GOLD,2025-10-24,4112.1
GOLD,2025-10-27,3981.59
GOLD,2025-10-28,3952.58
GOLD,2025-10-29,3930.38
GOLD,2025-10-30,4024.47
GOLD,2025-10-31,4002.28
GOLD,2025-11-03,4001.67
GOLD,2025-11-04,3932.05
GOLD,2025-11-05,3982.62
GOLD,2025-11-06,3977.87
GOLD,2025-11-07,3999.72
GOLD,2025-11-10,4115.9
GOLD,2025-11-11,4126.68
GOLD,2025-11-12,4198.73
GOLD,2025-11-13,4171.46
GOLD,2025-11-14,4079.58
GOLD,2025-11-17,4044.61
GOLD,2025-11-18,4067.88
GOLD,2025-11-19,4081.66
GOLD,2025-11-20,4077.5
GOLD,2025-11-21,4065.9
GOLD,2025-11-24,4139.7
GOLD,2025-11-25,4131.15
GOLD,2025-11-26,4164.59
GOLD,2025-11-27,4157.57
GOLD,2025-11-28,4230.63
GOLD,2025-11-30,4222.63
GOLD,2025-12-01,4232.73
SPY,2021-01-04,368.79
SPY,2021-01-05,371.33
SPY,2021-01-06,373.55
SPY,2021-01-07,379.1
SPY,2021-01-08,381.26
SPY,2021-01-11,378.69
SPY,2021-01-12,378.77
SPY,2021-01-13,379.79
SPY,2021-01-14,378.46
SPY,2021-01-15,375.7
SPY,2021-01-19,378.65
SPY,2021-01-20,383.89
SPY,2021-01-21,384.24
SPY,2021-01-22,382.88
SPY,2021-01-25,384.39
SPY,2021-01-26,383.79
SPY,2021-01-27,374.41
SPY,2021-01-28,377.63
SPY,2021-01-29,370.07
SPY,2021-02-01,376.23
SPY,2021-02-02,381.55
SPY,2021-02-03,381.85
SPY,2021-02-04,386.19
SPY,2021-02-05,387.71
SPY,2021-02-08,390.51
SPY,2021-02-09,390.25
SPY,2021-02-10,390.08
SPY,2021-02-11,390.71
SPY,2021-02-12,392.64
SPY,2021-02-16,392.3
SPY,2021-02-17,392.39
SPY,2021-02-18,390.72
SPY,2021-02-19,390.03
SPY,2021-02-22,387.03
SPY,2021-02-23,387.5
SPY,2021-02-24,391.77
SPY,2021-02-25,382.33
SPY,2021-02-26,380.36
SPY,2021-03-01,389.58
SPY,2021-03-02,386.54
SPY,2021-03-03,381.42
SPY,2021-03-04,376.7
SPY,2021-03-05,383.63
SPY,2021-03-08,381.72
SPY,2021-03-09,387.17
SPY,2021-03-10,389.58
SPY,2021-03-11,393.53
SPY,2021-03-12,394.06
SPY,2021-03-15,396.41
SPY,2021-03-16,395.91
SPY,2021-03-17,397.26
SPY,2021-03-18,391.48
SPY,2021-03-19,389.48
SPY,2021-03-22,392.59
SPY,2021-03-23,389.5
SPY,2021-03-24,387.52
SPY,2021-03-25,389.7
SPY,2021-03-26,395.98
SPY,2021-03-29,395.78
SPY,2021-03-30,394.73
SPY,2021-03-31,396.33
SPY,2021-04-01,400.61
SPY,2021-04-05,406.36
SPY,2021-04-06,406.12
SPY,2021-04-07,406.59
SPY,2021-04-08,408.52
SPY,2021-04-09,411.49
SPY,2021-04-12,411.64
SPY,2021-04-13,412.86
SPY,2021-04-14,411.45
SPY,2021-04-15,415.87
SPY,2021-04-16,417.26
SPY,2021-04-19,415.21
SPY,2021-04-20,412.17
SPY,2021-04-21,416.07
SPY,2021-04-22,412.27
SPY,2021-04-23,416.74
SPY,2021-04-26,417.61
SPY,2021-04-27,417.52
SPY,2021-04-28,417.4
SPY,2021-04-29,420.06
SPY,2021-04-30,417.3
SPY,2021-05-03,418.2
SPY,2021-05-04,415.62
SPY,2021-05-05,415.75
SPY,2021-05-06,419.07
SPY,2021-05-07,422.12
SPY,2021-05-10,417.94
SPY,2021-05-11,414.21
SPY,2021-05-12,405.41
SPY,2021-05-13,410.28
SPY,2021-05-14,416.58
SPY,2021-05-17,415.52
SPY,2021-05-18,411.94
SPY,2021-05-19,410.86
SPY,2021-05-20,415.28
SPY,2021-05-21,414.94
SPY,2021-05-24,419.17
SPY,2021-05-25,418.24
SPY,2021-05-26,419.07
SPY,2021-05-27,419.29
SPY,2021-05-28,420.04
SPY,2021-06-01,419.67
SPY,2021-06-02,420.33
SPY,2021-06-03,418.77
SPY,2021-06-04,422.6
SPY,2021-06-07,422.19
SPY,2021-06-08,422.28
SPY,2021-06-09,421.65
SPY,2021-06-10,423.61
SPY,2021-06-11,424.31
SPY,2021-06-14,425.26
SPY,2021-06-15,424.48
SPY,2021-06-16,422.11
SPY,2021-06-17,421.97
SPY,2021-06-18,414.92
SPY,2021-06-21,420.86
SPY,2021-06-22,423.11
SPY,2021-06-23,422.6
SPY,2021-06-24,425.1
SPY,2021-06-25,426.61
SPY,2021-06-28,427.47
SPY,2021-06-29,427.7
SPY,2021-06-30,428.06
SPY,2021-07-01,430.43
SPY,2021-07-02,433.72
SPY,2021-07-03,433.72
SPY,2021-07-04,433.72
SPY,2021-07-05,433.72
SPY,2021-07-06,432.93
SPY,2021-07-07,434.46
SPY,2021-07-08,430.92
SPY,2021-07-09,435.52
SPY,2021-07-12,437.08
SPY,2021-07-13,435.59
SPY,2021-07-14,436.24
SPY,2021-07-15,434.75
SPY,2021-07-16,431.34
SPY,2021-07-19,424.97
SPY,2021-07-20,431.06
SPY,2021-07-21,434.55
SPY,2021-07-22,435.46
SPY,2021-07-23,439.94
SPY,2021-07-26,441.02
SPY,2021-07-27,439.01
SPY,2021-07-28,438.83
SPY,2021-07-29,440.65
SPY,2021-07-30,438.51
SPY,2021-08-02,437.59
SPY,2021-08-03,441.15
SPY,2021-08-04,438.98
SPY,2021-08-05,441.76
SPY,2021-08-06,442.49
SPY,2021-08-07,442.49
SPY,2021-08-08,442.49
SPY,2021-08-09,442.13
SPY,2021-08-10,442.68
SPY,2021-08-11,443.78
SPY,2021-08-12,445.11
SPY,2021-08-13,445.92
SPY,2021-08-16,446.97
SPY,2021-08-17,444.04
SPY,2021-08-18,439.18
SPY,2021-08-19,439.86
SPY,2021-08-20,443.36
SPY,2021-08-23,447.26
SPY,2021-08-24,447.97
SPY,2021-08-25,448.91
SPY,2021-08-26,446.26
SPY,2021-08-27,450.25
SPY,2021-08-30,452.23
SPY,2021-08-31,451.56
SPY,2021-09-01,451.8
SPY,2021-09-02,453.19
SPY,2021-09-03,453.08
SPY,2021-09-07,451.46
SPY,2021-09-08,450.91
SPY,2021-09-09,448.98
SPY,2021-09-10,445.44
SPY,2021-09-13,446.58
SPY,2021-09-14,444.17
SPY,2021-09-15,447.88
SPY,2021-09-16,447.17
SPY,2021-09-17,441.4
SPY,2021-09-20,434.04
SPY,2021-09-21,433.63
SPY,2021-09-22,437.86
SPY,2021-09-23,443.18
SPY,2021-09-24,443.91
SPY,2021-09-27,442.64
SPY,2021-09-28,433.72
SPY,2021-09-29,434.45
SPY,2021-09-30,429.14
SPY,2021-10-01,434.24
SPY,2021-10-04,428.64
SPY,2021-10-05,433.1
SPY,2021-10-06,434.9
SPY,2021-10-07,438.66
SPY,2021-10-08,437.86
SPY,2021-10-11,434.69
SPY,2021-10-12,433.62
SPY,2021-10-13,435.18
SPY,2021-10-14,442.5
SPY,2021-10-15,445.87
SPY,2021-10-18,447.19
SPY,2021-10-19,450.64
SPY,2021-10-20,452.41
SPY,2021-10-21,453.59
SPY,2021-10-22,453.12
SPY,2021-10-25,455.55
SPY,2021-10-26,455.96
SPY,2021-10-27,453.94
SPY,2021-10-28,458.32
SPY,2021-10-29,459.25
SPY,2021-11-01,460.04
SPY,2021-11-02,461.9
SPY,2021-11-03,464.72
SPY,2021-11-04,466.91
SPY,2021-11-05,468.53
SPY,2021-11-08,468.93
SPY,2021-11-09,467.38
SPY,2021-11-10,463.62
SPY,2021-11-11,463.77
SPY,2021-11-12,467.27
SPY,2021-11-15,467.43
SPY,2021-11-16,469.28
SPY,2021-11-17,468.14
SPY,2021-11-18,469.73
SPY,2021-11-19,468.89
SPY,2021-11-22,467.57
SPY,2021-11-23,468.19
SPY,2021-11-24,469.44
SPY,2021-11-26,458.97
SPY,2021-11-29,464.6
SPY,2021-11-30,455.56
SPY,2021-12-01,450.5
SPY,2021-12-02,457.4
SPY,2021-12-03,453.42
SPY,2021-12-06,458.79
SPY,2021-12-07,468.28
SPY,2021-12-08,469.52
SPY,2021-12-09,466.35
SPY,2021-12-10,470.74
SPY,2021-12-13,466.57
SPY,2021-12-14,463.36
SPY,2021-12-15,470.6
SPY,2021-12-16,466.45
SPY,2021-12-17,459.87
SPY,2021-12-20,454.98
SPY,2021-12-21,463.06
SPY,2021-12-22,467.69
SPY,2021-12-23,470.6
SPY,2021-12-27,477.26
SPY,2021-12-28,476.87
SPY,2021-12-29,477.48
SPY,2021-12-30,476.16
SPY,2021-12-31,474.96
SPY,2022-01-03,477.71
SPY,2022-01-04,477.55
SPY,2022-01-05,468.38
SPY,2022-01-06,467.94
SPY,2022-01-07,466.09
SPY,2022-01-10,465.51
SPY,2022-01-11,469.75
SPY,2022-01-12,471.02
SPY,2022-01-13,464.53
SPY,2022-01-14,464.72
SPY,2022-01-18,456.49
SPY,2022-01-19,451.75
SPY,2022-01-20,446.75
SPY,2022-01-21,437.98
SPY,2022-01-24,439.84
SPY,2022-01-25,434.47
SPY,2022-01-26,433.38
SPY,2022-01-27,431.24
SPY,2022-01-28,441.95
SPY,2022-01-31,449.91
SPY,2022-02-01,452.95
SPY,2022-02-02,457.35
SPY,2022-02-03,446.6
SPY,2022-02-04,448.7
SPY,2022-02-07,447.26
SPY,2022-02-08,450.94
SPY,2022-02-09,457.54
SPY,2022-02-10,449.32
SPY,2022-02-11,440.46
SPY,2022-02-14,439.02
SPY,2022-02-15,446.1
SPY,2022-02-16,446.6
SPY,2022-02-17,437.06
SPY,2022-02-18,434.23
SPY,2022-02-22,429.57
SPY,2022-02-23,421.95
SPY,2022-02-24,428.3
SPY,2022-02-25,437.75
SPY,2022-02-28,436.63
SPY,2022-03-01,429.98
SPY,2022-03-02,437.89
SPY,2022-03-03,435.71
SPY,2022-03-04,432.17
SPY,2022-03-07,419.43
SPY,2022-03-08,416.25
SPY,2022-03-09,427.41
SPY,2022-03-10,425.48
SPY,2022-03-11,420.07
SPY,2022-03-14,417.0
SPY,2022-03-15,426.17
SPY,2022-03-16,435.62
SPY,2022-03-17,441.07
SPY,2022-03-18,444.52
SPY,2022-03-21,444.39
SPY,2022-03-22,449.59
SPY,2022-03-23,443.8
SPY,2022-03-24,450.49
SPY,2022-03-25,452.69
SPY,2022-03-28,455.91
SPY,2022-03-29,461.55
SPY,2022-03-30,458.7
SPY,2022-03-31,451.64
SPY,2022-04-01,452.92
SPY,2022-04-04,456.8
SPY,2022-04-05,451.03
SPY,2022-04-06,446.52
SPY,2022-04-07,448.77
SPY,2022-04-08,447.57
SPY,2022-04-11,439.92
SPY,2022-04-12,438.29
SPY,2022-04-13,443.31
SPY,2022-04-14,437.79
SPY,2022-04-18,437.97
SPY,2022-04-19,445.04
SPY,2022-04-20,444.71
SPY,2022-04-21,438.06
SPY,2022-04-22,426.04
SPY,2022-04-25,428.51
SPY,2022-04-26,416.1
SPY,2022-04-27,417.27
SPY,2022-04-28,427.81
SPY,2022-04-29,412.0
SPY,2022-05-02,414.48
SPY,2022-05-03,416.38
SPY,2022-05-04,429.06
SPY,2022-05-05,413.81
SPY,2022-05-06,411.34
SPY,2022-05-09,398.17
SPY,2022-05-10,399.09
SPY,2022-05-11,392.75
SPY,2022-05-12,392.34
SPY,2022-05-13,401.72
SPY,2022-05-16,400.09
SPY,2022-05-17,408.32
SPY,2022-05-18,391.86
SPY,2022-05-19,389.46
SPY,2022-05-20,389.63
SPY,2022-05-23,396.92
SPY,2022-05-24,393.89
SPY,2022-05-25,397.37
SPY,2022-05-26,405.31
SPY,2022-05-27,415.26
SPY,2022-05-31,412.93
SPY,2022-06-01,409.59
SPY,2022-06-02,417.39
SPY,2022-06-03,410.54
SPY,2022-06-06,411.79
SPY,2022-06-07,415.74
SPY,2022-06-08,411.22
SPY,2022-06-09,401.44
SPY,2022-06-10,389.8
SPY,2022-06-13,375.0
SPY,2022-06-14,373.87
SPY,2022-06-15,379.2
SPY,2022-06-16,366.65
SPY,2022-06-17,365.86
SPY,2022-06-21,375.07
SPY,2022-06-22,374.39
SPY,2022-06-23,378.06
SPY,2022-06-24,390.08
SPY,2022-06-27,388.59
SPY,2022-06-28,380.65
SPY,2022-06-29,380.34
SPY,2022-06-30,377.25
SPY,2022-07-01,381.24
SPY,2022-07-05,381.96
SPY,2022-07-06,383.25
SPY,2022-07-07,388.99
SPY,2022-07-08,388.67
SPY,2022-07-11,384.23
SPY,2022-07-12,380.83
SPY,2022-07-13,378.83
SPY,2022-07-14,377.91
SPY,2022-07-15,385.13
SPY,2022-07-18,381.95
SPY,2022-07-19,392.27
SPY,2022-07-20,394.77
SPY,2022-07-21,398.79
SPY,2022-07-22,395.09
SPY,2022-07-25,395.57
SPY,2022-07-26,390.89
SPY,2022-07-27,401.04
SPY,2022-07-28,406.07
SPY,2022-07-29,411.99
SPY,2022-08-01,410.77
SPY,2022-08-02,408.06
SPY,2022-08-03,414.45
SPY,2022-08-04,414.17
SPY,2022-08-05,413.47
SPY,2022-08-08,412.99
SPY,2022-08-09,411.35
SPY,2022-08-10,419.99
SPY,2022-08-11,419.99
SPY,2022-08-12,427.1
SPY,2022-08-15,428.86
SPY,2022-08-16,429.7
SPY,2022-08-17,426.65
SPY,2022-08-18,427.89
SPY,2022-08-19,422.14
SPY,2022-08-22,413.35
SPY,2022-08-23,412.35
SPY,2022-08-24,413.67
SPY,2022-08-25,419.51
SPY,2022-08-26,405.31
SPY,2022-08-29,402.63
SPY,2022-08-30,398.21
SPY,2022-08-31,395.18
SPY,2022-09-01,396.42
SPY,2022-09-02,392.24
SPY,2022-09-06,390.76
SPY,2022-09-07,397.78
SPY,2022-09-08,400.38
SPY,2022-09-09,406.6
SPY,2022-09-12,410.97
SPY,2022-09-13,393.1
SPY,2022-09-14,394.6
SPY,2022-09-15,390.12
SPY,2022-09-16,385.56
SPY,2022-09-19,388.55
SPY,2022-09-20,384.09
SPY,2022-09-21,377.39
SPY,2022-09-22,374.22
SPY,2022-09-23,367.95
SPY,2022-09-26,364.31
SPY,2022-09-27,363.38
SPY,2022-09-28,370.53
SPY,2022-09-29,362.79
SPY,2022-09-30,357.18
SPY,2022-10-03,366.61
SPY,2022-10-04,377.97
SPY,2022-10-05,377.09
SPY,2022-10-06,373.2
SPY,2022-10-07,362.79
SPY,2022-10-10,360.02
SPY,2022-10-11,357.74
SPY,2022-10-12,356.56
SPY,2022-10-13,365.97
SPY,2022-10-14,357.63
SPY,2022-10-17,366.82
SPY,2022-10-18,371.13
SPY,2022-10-19,368.5
SPY,2022-10-20,365.41
SPY,2022-10-21,374.29
SPY,2022-10-24,378.87
SPY,2022-10-25,384.92
SPY,2022-10-26,382.02
SPY,2022-10-27,379.98
SPY,2022-10-28,389.02
SPY,2022-10-31,386.21
SPY,2022-11-01,384.52
SPY,2022-11-02,374.87
SPY,2022-11-03,371.01
SPY,2022-11-04,376.35
SPY,2022-11-07,379.95
SPY,2022-11-08,382.0
SPY,2022-11-09,374.13
SPY,2022-11-10,394.69
SPY,2022-11-11,398.51
SPY,2022-11-14,395.12
SPY,2022-11-15,398.49
SPY,2022-11-16,395.45
SPY,2022-11-17,394.24
SPY,2022-11-18,396.03
SPY,2022-11-21,394.59
SPY,2022-11-22,399.9
SPY,2022-11-23,402.42
SPY,2022-11-25,402.33
SPY,2022-11-28,395.91
SPY,2022-11-29,395.23
SPY,2022-11-30,407.68
SPY,2022-12-01,407.38
SPY,2022-12-02,406.91
SPY,2022-12-05,399.59
SPY,2022-12-06,393.83
SPY,2022-12-07,393.16
SPY,2022-12-08,396.24
SPY,2022-12-09,393.28
SPY,2022-12-12,398.95
SPY,2022-12-13,401.97
SPY,2022-12-14,399.4
SPY,2022-12-15,389.63
SPY,2022-12-16,383.27
SPY,2022-12-19,380.02
SPY,2022-12-20,380.54
SPY,2022-12-21,386.23
SPY,2022-12-22,380.72
SPY,2022-12-23,382.91
SPY,2022-12-27,381.4
SPY,2022-12-28,376.66
SPY,2022-12-29,383.44
SPY,2022-12-30,382.43
SPY,2023-01-03,380.82
SPY,2023-01-04,383.76
SPY,2023-01-05,379.38
SPY,2023-01-06,388.08
SPY,2023-01-09,387.86
SPY,2023-01-10,390.58
SPY,2023-01-11,395.52
SPY,2023-01-12,396.96
SPY,2023-01-13,398.5
SPY,2023-01-17,397.77
SPY,2023-01-18,391.49
SPY,2023-01-19,388.64
SPY,2023-01-20,395.88
SPY,2023-01-23,400.63
SPY,2023-01-24,400.2
SPY,2023-01-25,400.35
SPY,2023-01-26,404.75
SPY,2023-01-27,405.68
SPY,2023-01-30,400.59
SPY,2023-01-31,406.48
SPY,2023-02-01,410.8
SPY,2023-02-02,416.78
SPY,2023-02-03,412.35
SPY,2023-02-06,409.83
SPY,2023-02-07,415.19
SPY,2023-02-08,410.65
SPY,2023-02-09,407.09
SPY,2023-02-10,408.04
SPY,2023-02-13,412.83
SPY,2023-02-14,412.64
SPY,2023-02-15,413.98
SPY,2023-02-16,408.28
SPY,2023-02-17,407.26
SPY,2023-02-21,399.09
SPY,2023-02-22,398.54
SPY,2023-02-23,400.66
SPY,2023-02-24,396.38
SPY,2023-02-27,397.73
SPY,2023-02-28,396.26
SPY,2023-03-01,394.74
SPY,2023-03-02,397.81
SPY,2023-03-03,404.19
SPY,2023-03-06,404.47
SPY,2023-03-07,398.27
SPY,2023-03-08,398.92
SPY,2023-03-09,391.56
SPY,2023-03-10,385.91
SPY,2023-03-13,385.36
SPY,2023-03-14,391.73
SPY,2023-03-15,389.28
SPY,2023-03-16,396.11
SPY,2023-03-17,389.99
SPY,2023-03-20,393.74
SPY,2023-03-21,398.91
SPY,2023-03-22,392.11
SPY,2023-03-23,393.17
SPY,2023-03-24,395.75
SPY,2023-03-27,396.49
SPY,2023-03-28,395.6
SPY,2023-03-29,401.35
SPY,2023-03-30,403.7
SPY,2023-03-31,409.39
SPY,2023-04-03,410.95
SPY,2023-04-04,408.67
SPY,2023-04-05,407.6
SPY,2023-04-06,409.19
SPY,2023-04-10,409.61
SPY,2023-04-11,409.72
SPY,2023-04-12,408.05
SPY,2023-04-13,413.47
SPY,2023-04-14,412.46
SPY,2023-04-17,413.94
SPY,2023-04-18,414.21
SPY,2023-04-19,414.14
SPY,2023-04-20,411.88
SPY,2023-04-21,412.2
SPY,2023-04-24,412.63
SPY,2023-04-25,406.08
SPY,2023-04-26,404.36
SPY,2023-04-27,412.41
SPY,2023-04-28,415.93
SPY,2023-05-01,415.51
SPY,2023-05-02,410.84
SPY,2023-05-03,408.02
SPY,2023-05-04,405.13
SPY,2023-05-05,412.63
SPY,2023-05-08,412.74
SPY,2023-05-09,410.93
SPY,2023-05-10,412.85
SPY,2023-05-11,412.13
SPY,2023-05-12,411.59
SPY,2023-05-15,413.01
SPY,2023-05-16,410.25
SPY,2023-05-17,415.23
SPY,2023-05-18,419.23
SPY,2023-05-19,418.62
SPY,2023-05-22,418.79
SPY,2023-05-23,414.09
SPY,2023-05-24,411.09
SPY,2023-05-25,414.65
SPY,2023-05-26,420.02
SPY,2023-05-30,420.18
SPY,2023-05-31,417.85
SPY,2023-06-01,421.82
SPY,2023-06-02,427.92
SPY,2023-06-05,427.1
SPY,2023-06-06,428.03
SPY,2023-06-07,426.55
SPY,2023-06-08,429.13
SPY,2023-06-09,429.9
SPY,2023-06-12,433.8
SPY,2023-06-13,436.66
SPY,2023-06-14,437.18
SPY,2023-06-15,442.6
SPY,2023-06-16,439.46
SPY,2023-06-20,437.18
SPY,2023-06-21,434.94
SPY,2023-06-22,436.51
SPY,2023-06-23,433.21
SPY,2023-06-26,431.44
SPY,2023-06-27,436.17
SPY,2023-06-28,436.39
SPY,2023-06-29,438.11
SPY,2023-06-30,443.28
SPY,2023-07-03,443.79
SPY,2023-07-05,443.13
SPY,2023-07-06,439.66
SPY,2023-07-07,438.55
SPY,2023-07-10,439.66
SPY,2023-07-11,442.46
SPY,2023-07-12,446.02
SPY,2023-07-13,449.56
SPY,2023-07-14,449.28
SPY,2023-07-17,450.84
SPY,2023-07-18,454.19
SPY,2023-07-19,455.2
SPY,2023-07-20,452.18
SPY,2023-07-21,452.18
SPY,2023-07-24,454.2
SPY,2023-07-25,455.44
SPY,2023-07-26,455.51
SPY,2023-07-27,452.49
SPY,2023-07-28,456.92
SPY,2023-07-31,457.79
SPY,2023-08-01,456.48
SPY,2023-08-02,450.13
SPY,2023-08-03,448.84
SPY,2023-08-04,446.81
SPY,2023-08-07,450.71
SPY,2023-08-08,448.75
SPY,2023-08-09,445.75
SPY,2023-08-10,445.91
SPY,2023-08-11,445.65
SPY,2023-08-14,448.11
SPY,2023-08-15,442.89
SPY,2023-08-16,439.64
SPY,2023-08-17,436.29
SPY,2023-08-18,436.5
SPY,2023-08-21,439.34
SPY,2023-08-22,438.15
SPY,2023-08-23,443.03
SPY,2023-08-24,436.89
SPY,2023-08-25,439.97
SPY,2023-08-28,442.76
SPY,2023-08-29,449.16
SPY,2023-08-30,451.01
SPY,2023-08-31,450.35
SPY,2023-09-01,451.19
SPY,2023-09-05,449.24
SPY,2023-09-06,446.22
SPY,2023-09-07,444.85
SPY,2023-09-08,445.52
SPY,2023-09-11,448.45
SPY,2023-09-12,445.99
SPY,2023-09-13,446.51
SPY,2023-09-14,450.36
SPY,2023-09-15,443.37
SPY,2023-09-18,443.63
SPY,2023-09-19,442.71
SPY,2023-09-20,438.64
SPY,2023-09-21,431.39
SPY,2023-09-22,430.42
SPY,2023-09-25,432.23
SPY,2023-09-26,425.88
SPY,2023-09-27,426.05
SPY,2023-09-28,428.52
SPY,2023-09-29,427.48
SPY,2023-10-02,427.31
SPY,2023-10-03,421.59
SPY,2023-10-04,424.66
SPY,2023-10-05,424.5
SPY,2023-10-06,429.54
SPY,2023-10-09,432.29
SPY,2023-10-10,434.54
SPY,2023-10-11,436.32
SPY,2023-10-12,433.66
SPY,2023-10-13,431.5
SPY,2023-10-16,436.04
SPY,2023-10-17,436.02
SPY,2023-10-18,430.21
SPY,2023-10-19,426.43
SPY,2023-10-20,421.19
SPY,2023-10-23,420.46
SPY,2023-10-24,423.63
SPY,2023-10-25,417.55
SPY,2023-10-26,412.55
SPY,2023-10-27,410.68
SPY,2023-10-30,415.59
SPY,2023-10-31,418.2
SPY,2023-11-01,422.66
SPY,2023-11-02,430.76
SPY,2023-11-03,434.69
SPY,2023-11-06,435.69
SPY,2023-11-07,436.93
SPY,2023-11-08,437.25
SPY,2023-11-09,433.84
SPY,2023-11-10,440.61
SPY,2023-11-13,440.19
SPY,2023-11-14,448.73
SPY,2023-11-15,449.68
SPY,2023-11-16,450.23
SPY,2023-11-17,450.79
SPY,2023-11-20,454.26
SPY,2023-11-21,453.27
SPY,2023-11-22,455.02
SPY,2023-11-24,455.3
SPY,2023-11-27,454.48
SPY,2023-11-28,454.93
SPY,2023-11-29,454.61
SPY,2023-11-30,456.4
SPY,2023-12-01,459.1
SPY,2023-12-04,456.69
SPY,2023-12-05,456.6
SPY,2023-12-06,454.76
SPY,2023-12-07,458.23
SPY,2023-12-08,460.2
SPY,2023-12-11,461.99
SPY,2023-12-12,464.1
SPY,2023-12-13,470.5
SPY,2023-12-14,472.01
SPY,2023-12-15,469.33
SPY,2023-12-18,471.97
SPY,2023-12-19,474.84
SPY,2023-12-20,468.26
SPY,2023-12-21,472.7
SPY,2023-12-22,473.65
SPY,2023-12-26,475.65
SPY,2023-12-27,476.51
SPY,2023-12-28,476.69
SPY,2023-12-29,475.31
SPY,2024-01-02,472.65
SPY,2024-01-03,468.79
SPY,2024-01-04,467.28
SPY,2024-01-05,467.92
SPY,2024-01-08,474.6
SPY,2024-01-09,473.88
SPY,2024-01-10,476.56
SPY,2024-01-11,476.35
SPY,2024-01-12,476.68
SPY,2024-01-16,474.93
SPY,2024-01-17,472.29
SPY,2024-01-18,476.49
SPY,2024-01-19,482.43
SPY,2024-01-22,483.45
SPY,2024-01-23,484.86
SPY,2024-01-24,485.39
SPY,2024-01-25,488.03
SPY,2024-01-26,487.41
SPY,2024-01-29,491.27
SPY,2024-01-30,490.89
SPY,2024-01-31,482.88
SPY,2024-02-01,489.2
SPY,2024-02-02,494.35
SPY,2024-02-05,492.55
SPY,2024-02-06,493.98
SPY,2024-02-07,498.1
SPY,2024-02-08,498.32
SPY,2024-02-09,501.2
SPY,2024-02-12,500.98
SPY,2024-02-13,494.08
SPY,2024-02-14,498.57
SPY,2024-02-15,502.01
SPY,2024-02-16,499.51
SPY,2024-02-20,496.76
SPY,2024-02-21,497.21
SPY,2024-02-22,507.5
SPY,2024-02-23,507.85
SPY,2024-02-26,505.99
SPY,2024-02-27,506.93
SPY,2024-02-28,506.26
SPY,2024-02-29,508.08
SPY,2024-03-01,512.85
SPY,2024-03-04,512.3
SPY,2024-03-05,507.18
SPY,2024-03-06,509.75
SPY,2024-03-07,514.81
SPY,2024-03-08,511.72
SPY,2024-03-11,511.28
SPY,2024-03-12,516.78
SPY,2024-03-13,515.97
SPY,2024-03-14,514.95
SPY,2024-03-15,509.83
SPY,2024-03-18,512.86
SPY,2024-03-19,515.71
SPY,2024-03-20,520.48
SPY,2024-03-21,522.2
SPY,2024-03-22,521.21
SPY,2024-03-25,519.77
SPY,2024-03-26,518.81
SPY,2024-03-27,523.17
SPY,2024-03-28,523.07
SPY,2024-04-01,522.16
SPY,2024-04-02,518.84
SPY,2024-04-03,519.41
SPY,2024-04-04,513.07
SPY,2024-04-05,518.43
SPY,2024-04-08,518.72
SPY,2024-04-09,519.32
SPY,2024-04-10,514.12
SPY,2024-04-11,518.0
SPY,2024-04-12,510.85
SPY,2024-04-15,504.45
SPY,2024-04-16,503.53
SPY,2024-04-17,500.55
SPY,2024-04-18,499.52
SPY,2024-04-19,495.16
SPY,2024-04-22,499.72
SPY,2024-04-23,505.65
SPY,2024-04-24,505.41
SPY,2024-04-25,503.49
SPY,2024-04-26,508.26
SPY,2024-04-29,510.06
SPY,2024-04-30,501.98
SPY,2024-05-01,500.35
SPY,2024-05-02,505.03
SPY,2024-05-03,511.29
SPY,2024-05-06,516.57
SPY,2024-05-07,517.14
SPY,2024-05-08,517.19
SPY,2024-05-09,520.17
SPY,2024-05-10,520.84
SPY,2024-05-13,520.91
SPY,2024-05-14,523.3
SPY,2024-05-15,529.78
SPY,2024-05-16,528.69
SPY,2024-05-17,529.45
SPY,2024-05-20,530.06
SPY,2024-05-21,531.36
SPY,2024-05-22,529.83
SPY,2024-05-23,525.96
SPY,2024-05-24,529.44
SPY,2024-05-28,529.81
SPY,2024-05-29,526.1
SPY,2024-05-30,522.61
SPY,2024-05-31,527.37
SPY,2024-06-03,527.8
SPY,2024-06-04,528.39
SPY,2024-06-05,534.67
SPY,2024-06-06,534.66
SPY,2024-06-07,534.01
SPY,2024-06-10,535.66
SPY,2024-06-11,536.95
SPY,2024-06-12,541.36
SPY,2024-06-13,542.45
SPY,2024-06-14,542.78
SPY,2024-06-17,547.1
SPY,2024-06-18,548.49
SPY,2024-06-20,547.0
SPY,2024-06-21,544.51
SPY,2024-06-24,542.74
SPY,2024-06-25,544.83
SPY,2024-06-26,545.51
SPY,2024-06-27,546.37
SPY,2024-06-28,544.22
SPY,2024-07-01,545.34
SPY,2024-07-02,549.01
SPY,2024-07-03,551.46
SPY,2024-07-05,554.64
SPY,2024-07-08,555.28
SPY,2024-07-09,555.82
SPY,2024-07-10,561.32
SPY,2024-07-11,556.48
SPY,2024-07-12,559.99
SPY,2024-07-15,561.53
SPY,2024-07-16,564.86
SPY,2024-07-17,556.94
SPY,2024-07-18,552.66
SPY,2024-07-19,548.99
SPY,2024-07-22,554.65
SPY,2024-07-23,553.78
SPY,2024-07-24,541.23
SPY,2024-07-25,538.41
SPY,2024-07-26,544.44
SPY,2024-07-29,544.76
SPY,2024-07-30,542.0
SPY,2024-07-31,550.81
SPY,2024-08-01,543.01
SPY,2024-08-02,532.9
SPY,2024-08-05,517.38
SPY,2024-08-06,522.15
SPY,2024-08-07,518.66
SPY,2024-08-08,530.65
SPY,2024-08-09,532.99
SPY,2024-08-12,533.27
SPY,2024-08-13,542.04
SPY,2024-08-14,543.75
SPY,2024-08-15,553.07
SPY,2024-08-16,554.31
SPY,2024-08-19,559.61
SPY,2024-08-20,558.7
SPY,2024-08-21,560.62
SPY,2024-08-22,556.22
SPY,2024-08-23,562.13
SPY,2024-08-26,560.79
SPY,2024-08-27,561.56
SPY,2024-08-28,558.3
SPY,2024-08-29,558.35
SPY,2024-08-30,563.68
SPY,2024-09-03,552.08
SPY,2024-09-04,550.95
SPY,2024-09-05,549.61
SPY,2024-09-06,540.36
SPY,2024-09-09,546.41
SPY,2024-09-10,548.79
SPY,2024-09-11,554.42
SPY,2024-09-12,559.09
SPY,2024-09-13,562.01
SPY,2024-09-16,562.84
SPY,2024-09-17,563.07
SPY,2024-09-18,561.4
SPY,2024-09-19,570.98
SPY,2024-09-20,568.25
SPY,2024-09-23,569.67
SPY,2024-09-24,571.3
SPY,2024-09-25,570.04
SPY,2024-09-26,572.3
SPY,2024-09-27,571.47
SPY,2024-09-30,573.76
SPY,2024-10-01,568.62
SPY,2024-10-02,568.86
SPY,2024-10-03,567.82
SPY,2024-10-04,572.98
SPY,2024-10-07,567.8
SPY,2024-10-08,573.17
SPY,2024-10-09,577.14
SPY,2024-10-10,576.13
SPY,2024-10-11,579.58
SPY,2024-10-14,584.32
SPY,2024-10-15,579.78
SPY,2024-10-16,582.3
SPY,2024-10-17,582.35
SPY,2024-10-18,584.59
SPY,2024-10-21,583.63
SPY,2024-10-22,583.32
SPY,2024-10-23,577.99
SPY,2024-10-24,579.24
SPY,2024-10-25,579.04
SPY,2024-10-28,580.83
SPY,2024-10-29,581.77
SPY,2024-10-30,580.01
SPY,2024-10-31,568.64
SPY,2024-11-01,571.04
SPY,2024-11-04,569.81
SPY,2024-11-05,576.7
SPY,2024-11-06,591.04
SPY,2024-11-07,595.61
SPY,2024-11-08,598.19
SPY,2024-11-11,598.76
SPY,2024-11-12,596.9
SPY,2024-11-13,597.19
SPY,2024-11-14,593.35
SPY,2024-11-15,585.75
SPY,2024-11-18,588.15
SPY,2024-11-19,590.3
SPY,2024-11-20,590.5
SPY,2024-11-21,593.67
SPY,2024-11-22,595.51
SPY,2024-11-25,597.53
SPY,2024-11-26,600.65
SPY,2024-11-27,598.83
SPY,2024-11-29,602.55
SPY,2024-12-02,603.63
SPY,2024-12-03,603.91
SPY,2024-12-04,607.66
SPY,2024-12-05,606.66
SPY,2024-12-06,607.81
SPY,2024-12-09,604.68
SPY,2024-12-10,602.8
SPY,2024-12-11,607.46
SPY,2024-12-12,604.33
SPY,2024-12-13,604.21
SPY,2024-12-16,606.79
SPY,2024-12-17,604.29
SPY,2024-12-18,586.28
SPY,2024-12-19,586.1
SPY,2024-12-20,591.15
SPY,2024-12-23,594.69
SPY,2024-12-24,601.3
SPY,2024-12-26,601.34
SPY,2024-12-27,595.01
SPY,2024-12-30,588.22
SPY,2024-12-31,586.08
SPY,2025-01-02,584.64
SPY,2025-01-03,591.95
SPY,2025-01-06,595.36
SPY,2025-01-07,588.63
SPY,2025-01-08,589.49
SPY,2025-01-10,580.49
SPY,2025-01-13,581.39
SPY,2025-01-14,582.19
SPY,2025-01-15,592.78
SPY,2025-01-16,591.64
SPY,2025-01-17,597.58
SPY,2025-01-21,603.05
SPY,2025-01-22,606.44
SPY,2025-01-23,609.75
SPY,2025-01-24,607.97
SPY,2025-01-27,599.37
SPY,2025-01-28,604.52
SPY,2025-01-29,601.81
SPY,2025-01-30,605.04
SPY,2025-01-31,601.82
SPY,2025-02-03,597.77
SPY,2025-02-04,601.78
SPY,2025-02-05,604.22
SPY,2025-02-06,606.32
SPY,2025-02-07,600.77
SPY,2025-02-10,604.85
SPY,2025-02-11,605.31
SPY,2025-02-12,603.36
SPY,2025-02-13,609.73
SPY,2025-02-14,609.7
SPY,2025-02-18,611.49
SPY,2025-02-19,612.93
SPY,2025-02-20,610.38
SPY,2025-02-21,599.94
SPY,2025-02-24,597.21
SPY,2025-02-25,594.24
SPY,2025-02-26,594.54
SPY,2025-02-27,585.05
SPY,2025-02-28,594.18
SPY,2025-03-03,583.77
SPY,2025-03-04,576.86
SPY,2025-03-05,583.06
SPY,2025-03-06,572.71
SPY,2025-03-07,575.92
SPY,2025-03-10,560.58
SPY,2025-03-11,555.92
SPY,2025-03-12,558.87
SPY,2025-03-13,551.42
SPY,2025-03-14,562.81
SPY,2025-03-17,567.15
SPY,2025-03-18,561.02
SPY,2025-03-19,567.13
SPY,2025-03-20,565.49
SPY,2025-03-21,563.98
SPY,2025-03-24,574.08
SPY,2025-03-25,575.46
SPY,2025-03-26,568.59
SPY,2025-03-27,567.08
SPY,2025-03-28,555.66
SPY,2025-03-31,559.39
SPY,2025-04-01,560.97
SPY,2025-04-02,564.52
SPY,2025-04-03,536.7
SPY,2025-04-04,505.28
SPY,2025-04-07,504.38
SPY,2025-04-08,496.48
SPY,2025-04-09,548.62
SPY,2025-04-10,524.58
SPY,2025-04-11,533.94
SPY,2025-04-14,539.12
SPY,2025-04-15,537.61
SPY,2025-04-16,525.66
SPY,2025-04-17,526.41
SPY,2025-04-21,513.88
SPY,2025-04-22,527.25
SPY,2025-04-23,535.42
SPY,2025-04-24,546.69
SPY,2025-04-25,550.64
SPY,2025-04-28,550.85
SPY,2025-04-29,554.32
SPY,2025-04-30,554.54
SPY,2025-05-01,558.47
SPY,2025-05-02,566.76
SPY,2025-05-05,563.51
SPY,2025-05-06,558.8
SPY,2025-05-07,561.15
SPY,2025-05-08,565.06
SPY,2025-05-09,564.34
SPY,2025-05-12,582.99
SPY,2025-05-13,586.84
SPY,2025-05-14,587.59
SPY,2025-05-15,590.46
SPY,2025-05-16,594.2
SPY,2025-05-19,594.85
SPY,2025-05-20,592.85
SPY,2025-05-21,582.86
SPY,2025-05-22,583.09
SPY,2025-05-23,579.11
SPY,2025-05-27,591.15
SPY,2025-05-28,587.73
SPY,2025-05-29,590.05
SPY,2025-05-30,589.39
SPY,2025-06-02,592.71
SPY,2025-06-03,596.09
SPY,2025-06-04,595.93
SPY,2025-06-05,593.05
SPY,2025-06-06,599.14
SPY,2025-06-09,599.68
SPY,2025-06-10,603.08
SPY,2025-06-11,601.36
SPY,2025-06-12,603.75
SPY,2025-06-13,597.0
SPY,2025-06-16,602.68
SPY,2025-06-17,597.53
SPY,2025-06-18,597.44
SPY,2025-06-20,594.28
SPY,2025-06-23,600.15
SPY,2025-06-24,606.78
SPY,2025-06-25,607.12
SPY,2025-06-26,611.87
SPY,2025-06-27,614.91
SPY,2025-06-30,617.85
SPY,2025-07-01,617.65
SPY,2025-07-02,620.45
SPY,2025-07-03,625.34
SPY,2025-07-07,620.68
SPY,2025-07-08,620.34
SPY,2025-07-09,624.06
SPY,2025-07-10,625.82
SPY,2025-07-11,623.62
SPY,2025-07-14,624.81
SPY,2025-07-15,622.14
SPY,2025-07-16,624.22
SPY,2025-07-17,628.04
SPY,2025-07-18,627.58
SPY,2025-07-21,628.77
SPY,2025-07-22,628.86
SPY,2025-07-23,634.21
SPY,2025-07-24,634.42
SPY,2025-07-25,637.1
SPY,2025-07-28,636.94
SPY,2025-07-29,635.26
SPY,2025-07-30,634.46
SPY,2025-07-31,632.08
SPY,2025-08-01,621.72
SPY,2025-08-04,631.17
SPY,2025-08-05,627.97
SPY,2025-08-06,632.78
SPY,2025-08-07,632.25
SPY,2025-08-08,637.18
SPY,2025-08-11,635.92
SPY,2025-08-12,642.69
SPY,2025-08-13,644.89
SPY,2025-08-14,644.95
SPY,2025-08-15,643.44
SPY,2025-08-18,643.3
SPY,2025-08-19,639.81
SPY,2025-08-20,638.11
SPY,2025-08-21,635.55
SPY,2025-08-22,645.31
SPY,2025-08-25,642.47
SPY,2025-08-26,645.16
SPY,2025-08-27,646.63
SPY,2025-08-28,648.92
SPY,2025-08-29,645.05
SPY,2025-09-02,640.27
SPY,2025-09-03,643.74
SPY,2025-09-04,649.12
SPY,2025-09-05,647.24
SPY,2025-09-08,648.83
SPY,2025-09-09,650.33
SPY,2025-09-10,652.21
SPY,2025-09-11,657.63
SPY,2025-09-12,657.41
SPY,2025-09-15,660.91
SPY,2025-09-16,660.0
SPY,2025-09-17,659.18
SPY,2025-09-18,662.26
SPY,2025-09-19,663.7
SPY,2025-09-22,666.84
SPY,2025-09-23,663.21
SPY,2025-09-24,661.1
SPY,2025-09-25,658.05
SPY,2025-09-26,661.82
SPY,2025-09-29,663.68
SPY,2025-09-30,666.18
SPY,2025-10-01,668.45
SPY,2025-10-02,669.22
SPY,2025-10-03,669.21
SPY,2025-10-06,671.61
SPY,2025-10-07,669.12
SPY,2025-10-08,673.11
SPY,2025-10-09,671.16
SPY,2025-10-10,653.02
SPY,2025-10-13,663.04
SPY,2025-10-14,662.23
SPY,2025-10-15,665.17
SPY,2025-10-16,660.64
SPY,2025-10-17,664.39
SPY,2025-10-20,671.3
SPY,2025-10-21,671.29
SPY,2025-10-22,667.8
SPY,2025-10-23,671.76
SPY,2025-10-24,677.25
SPY,2025-10-27,685.24
SPY,2025-10-28,687.06
SPY,2025-10-29,687.39
SPY,2025-10-30,679.83
SPY,2025-10-31,682.06
SPY,2025-11-03,683.34
SPY,2025-11-04,675.24
SPY,2025-11-05,677.58
SPY,2025-11-06,670.31
SPY,2025-11-07,670.97
SPY,2025-11-10,681.44
SPY,2025-11-11,683.0
SPY,2025-11-12,683.38
SPY,2025-11-13,672.04
SPY,2025-11-14,671.93
SPY,2025-11-17,665.67
SPY,2025-11-18,660.08
SPY,2025-11-19,662.63
SPY,2025-11-20,652.53
SPY,2025-11-21,659.03
SPY,2025-11-24,668.73
SPY,2025-11-25,675.02
SPY,2025-11-26,679.68
SPY,2025-11-28,683.39
SPY,2025-12-01,680.27
