window_end_date,correlation_value,pair_name,window_length_days
2021-05-13,0.3585509084016953,BTC-USD vs SPY,90
2021-05-14,0.3482223035143205,BTC-USD vs SPY,90
2021-05-17,0.3469491103857443,BTC-USD vs SPY,90
2021-05-18,0.3347830484022017,BTC-USD vs SPY,90
2021-05-19,0.32997631376922315,BTC-USD vs SPY,90
2021-05-20,0.33600153790108583,BTC-USD vs SPY,90
2021-05-21,0.33514150944116555,BTC-USD vs SPY,90
2021-05-24,0.3500415396869889,BTC-USD vs SPY,90
2021-05-25,0.35688674648409646,BTC-USD vs SPY,90
2021-05-26,0.34938207981370956,BTC-USD vs SPY,90
2021-05-27,0.35376519055625416,BTC-USD vs SPY,90
2021-05-28,0.3581888326512548,BTC-USD vs SPY,90
2021-06-01,0.3710089663125599,BTC-USD vs SPY,90
2021-06-02,0.3815520113044454,BTC-USD vs SPY,90
2021-06-03,0.37615982693322164,BTC-USD vs SPY,90
2021-06-04,0.35992930423432273,BTC-USD vs SPY,90
2021-06-07,0.3381404998357924,BTC-USD vs SPY,90
2021-06-08,0.3289622692996557,BTC-USD vs SPY,90
2021-06-09,0.33662012668720354,BTC-USD vs SPY,90
2021-06-10,0.3374142513975038,BTC-USD vs SPY,90
2021-06-11,0.32597968413073825,BTC-USD vs SPY,90
2021-06-14,0.3288413195587312,BTC-USD vs SPY,90
2021-06-15,0.33818064062101955,BTC-USD vs SPY,90
2021-06-16,0.34210033514468946,BTC-USD vs SPY,90
2021-06-17,0.33765488312663244,BTC-USD vs SPY,90
2021-06-18,0.3551558120272109,BTC-USD vs SPY,90
2021-06-21,0.3026475255604737,BTC-USD vs SPY,90
2021-06-22,0.3069121742480001,BTC-USD vs SPY,90
2021-06-23,0.30546597179901763,BTC-USD vs SPY,90
2021-06-24,0.31005802308202207,BTC-USD vs SPY,90
2021-06-25,0.3027139482143171,BTC-USD vs SPY,90
2021-06-28,0.30237946807023347,BTC-USD vs SPY,90
2021-06-29,0.3122120146160291,BTC-USD vs SPY,90
2021-06-30,0.30328516881454126,BTC-USD vs SPY,90
2021-07-01,0.30317808572472416,BTC-USD vs SPY,90
2021-07-02,0.30157586321912233,BTC-USD vs SPY,90
2021-07-03,0.27955123811267807,BTC-USD vs SPY,90
2021-07-04,0.2776353977992743,BTC-USD vs SPY,90
2021-07-05,0.228327118114439,BTC-USD vs SPY,90
2021-07-06,0.22233390320253543,BTC-USD vs SPY,90
2021-07-07,0.24789535338569862,BTC-USD vs SPY,90
2021-07-08,0.24299455990607643,BTC-USD vs SPY,90
2021-07-09,0.2516277052610738,BTC-USD vs SPY,90
2021-07-12,0.25680516591972785,BTC-USD vs SPY,90
2021-07-13,0.24114142612525488,BTC-USD vs SPY,90
2021-07-14,0.23848642210627524,BTC-USD vs SPY,90
2021-07-15,0.2326530567402256,BTC-USD vs SPY,90
2021-07-16,0.2332727656876703,BTC-USD vs SPY,90
2021-07-19,0.2504340185058661,BTC-USD vs SPY,90
2021-07-20,0.23449752812277475,BTC-USD vs SPY,90
2021-07-21,0.2462230418745947,BTC-USD vs SPY,90
2021-07-22,0.24460671873340542,BTC-USD vs SPY,90
2021-07-23,0.2579910084088092,BTC-USD vs SPY,90
2021-07-26,0.27252085323503233,BTC-USD vs SPY,90
2021-07-27,0.26234465170038834,BTC-USD vs SPY,90
2021-07-28,0.25535194955405854,BTC-USD vs SPY,90
2021-07-29,0.25843938815622075,BTC-USD vs SPY,90
2021-07-30,0.21651861555528765,BTC-USD vs SPY,90
2021-08-02,0.22055213754905253,BTC-USD vs SPY,90
2021-08-03,0.21692098933966592,BTC-USD vs SPY,90
2021-08-04,0.20575404268429162,BTC-USD vs SPY,90
2021-08-05,0.2118505435734978,BTC-USD vs SPY,90
2021-08-06,0.20939600734000954,BTC-USD vs SPY,90
2021-08-07,0.20632857169242788,BTC-USD vs SPY,90
2021-08-08,0.2075403547987772,BTC-USD vs SPY,90
2021-08-09,0.1985082755205702,BTC-USD vs SPY,90
2021-08-10,0.19897406536838705,BTC-USD vs SPY,90
2021-08-11,0.19889049155083832,BTC-USD vs SPY,90
2021-08-12,0.19408740491590654,BTC-USD vs SPY,90
2021-08-13,0.1931669795794077,BTC-USD vs SPY,90
2021-08-16,0.19278190473073076,BTC-USD vs SPY,90
2021-08-17,0.20102381439886494,BTC-USD vs SPY,90
2021-08-18,0.19608433562208602,BTC-USD vs SPY,90
2021-08-19,0.20242244554401492,BTC-USD vs SPY,90
2021-08-20,0.2302183810380503,BTC-USD vs SPY,90
2021-08-23,0.21981862184545603,BTC-USD vs SPY,90
2021-08-24,0.22536939935064196,BTC-USD vs SPY,90
2021-08-25,0.22718086485763958,BTC-USD vs SPY,90
2021-08-26,0.23604169800553199,BTC-USD vs SPY,90
2021-08-27,0.24622179228415694,BTC-USD vs SPY,90
2021-08-30,0.24629950765399608,BTC-USD vs SPY,90
2021-08-31,0.2718489102426535,BTC-USD vs SPY,90
2021-09-01,0.2701503556405326,BTC-USD vs SPY,90
2021-09-02,0.2596341682394045,BTC-USD vs SPY,90
2021-09-03,0.26351509017881797,BTC-USD vs SPY,90
2021-09-07,0.27885246930652086,BTC-USD vs SPY,90
2021-09-08,0.27712541421644865,BTC-USD vs SPY,90
2021-09-09,0.26470429943380885,BTC-USD vs SPY,90
2021-09-10,0.280837232790851,BTC-USD vs SPY,90
2021-09-13,0.1981410016246906,BTC-USD vs SPY,90
2021-09-14,0.183967023353021,BTC-USD vs SPY,90
2021-09-15,0.19387043302596024,BTC-USD vs SPY,90
2021-09-16,0.1879012496307267,BTC-USD vs SPY,90
2021-09-17,0.18463218128671588,BTC-USD vs SPY,90
2021-09-20,0.2285215744206533,BTC-USD vs SPY,90
2021-09-21,0.19429108778140944,BTC-USD vs SPY,90
2021-09-22,0.21570904939170396,BTC-USD vs SPY,90
2021-09-23,0.1888659078958726,BTC-USD vs SPY,90
2021-09-24,0.18478008670260132,BTC-USD vs SPY,90
2021-09-27,0.1866808866123689,BTC-USD vs SPY,90
2021-09-28,0.19767091371240195,BTC-USD vs SPY,90
2021-09-29,0.2055366185500033,BTC-USD vs SPY,90
2021-09-30,0.17121176089844897,BTC-USD vs SPY,90
2021-10-01,0.20608023732146896,BTC-USD vs SPY,90
2021-10-04,0.19942234690540017,BTC-USD vs SPY,90
2021-10-05,0.23745783114209967,BTC-USD vs SPY,90
2021-10-06,0.24367847619524285,BTC-USD vs SPY,90
2021-10-07,0.23118892115770456,BTC-USD vs SPY,90
2021-10-08,0.2496405387524379,BTC-USD vs SPY,90
2021-10-11,0.23635458995874936,BTC-USD vs SPY,90
2021-10-12,0.23798079350604373,BTC-USD vs SPY,90
2021-10-13,0.23845806092207958,BTC-USD vs SPY,90
2021-10-14,0.22851685999160015,BTC-USD vs SPY,90
2021-10-15,0.23391728303272144,BTC-USD vs SPY,90
2021-10-18,0.23384510384108487,BTC-USD vs SPY,90
2021-10-19,0.20742195280759315,BTC-USD vs SPY,90
2021-10-20,0.2875658740415637,BTC-USD vs SPY,90
2021-10-21,0.27637006345867215,BTC-USD vs SPY,90
2021-10-22,0.2811624788545804,BTC-USD vs SPY,90
2021-10-25,0.28169228858928014,BTC-USD vs SPY,90
2021-10-26,0.299010357957174,BTC-USD vs SPY,90
2021-10-27,0.3052669721246323,BTC-USD vs SPY,90
2021-10-28,0.3142298184121415,BTC-USD vs SPY,90
2021-10-29,0.31569018950406785,BTC-USD vs SPY,90
2021-11-01,0.3280959557197023,BTC-USD vs SPY,90
2021-11-02,0.3322537853074609,BTC-USD vs SPY,90
2021-11-03,0.32963029014447665,BTC-USD vs SPY,90
2021-11-04,0.323590438585482,BTC-USD vs SPY,90
2021-11-05,0.32299970221596647,BTC-USD vs SPY,90
2021-11-08,0.3200722229941273,BTC-USD vs SPY,90
2021-11-09,0.3244145032616531,BTC-USD vs SPY,90
2021-11-10,0.3243027046357033,BTC-USD vs SPY,90
2021-11-11,0.31990627085415413,BTC-USD vs SPY,90
2021-11-12,0.31965683005641443,BTC-USD vs SPY,90
2021-11-15,0.31668222116779515,BTC-USD vs SPY,90
2021-11-16,0.3043407851288849,BTC-USD vs SPY,90
2021-11-17,0.2999018936886753,BTC-USD vs SPY,90
2021-11-18,0.28513887685495465,BTC-USD vs SPY,90
2021-11-19,0.2692941879246369,BTC-USD vs SPY,90
2021-11-22,0.30566410584175646,BTC-USD vs SPY,90
2021-11-23,0.29046105630832475,BTC-USD vs SPY,90
2021-11-24,0.2892279840478111,BTC-USD vs SPY,90
2021-11-26,0.3398285267656731,BTC-USD vs SPY,90
2021-11-29,0.3355661529977892,BTC-USD vs SPY,90
2021-11-30,0.3504183828392246,BTC-USD vs SPY,90
2021-12-01,0.3447153420976448,BTC-USD vs SPY,90
2021-12-02,0.3288311161964928,BTC-USD vs SPY,90
2021-12-03,0.355534654328746,BTC-USD vs SPY,90
2021-12-06,0.3583516120564353,BTC-USD vs SPY,90
2021-12-07,0.3543973225126865,BTC-USD vs SPY,90
2021-12-08,0.3652078812338955,BTC-USD vs SPY,90
2021-12-09,0.3711204748751483,BTC-USD vs SPY,90
2021-12-10,0.366423333505871,BTC-USD vs SPY,90
2021-12-13,0.38358833010116616,BTC-USD vs SPY,90
2021-12-14,0.3705813973605167,BTC-USD vs SPY,90
2021-12-15,0.3761740661211461,BTC-USD vs SPY,90
2021-12-16,0.3810544837154457,BTC-USD vs SPY,90
2021-12-17,0.3878097970013318,BTC-USD vs SPY,90
2021-12-20,0.3852632066126008,BTC-USD vs SPY,90
2021-12-21,0.4035192971166243,BTC-USD vs SPY,90
2021-12-22,0.40111215684824375,BTC-USD vs SPY,90
2021-12-23,0.401745717214125,BTC-USD vs SPY,90
2021-12-27,0.40030595404487124,BTC-USD vs SPY,90
2021-12-28,0.40062120165607984,BTC-USD vs SPY,90
2021-12-29,0.39266525042390316,BTC-USD vs SPY,90
2021-12-30,0.3897495202411654,BTC-USD vs SPY,90
2021-12-31,0.39356277247902255,BTC-USD vs SPY,90
2022-01-03,0.38962358623010057,BTC-USD vs SPY,90
2022-01-04,0.3843311886531008,BTC-USD vs SPY,90
2022-01-05,0.39382360704680647,BTC-USD vs SPY,90
2022-01-06,0.40032703607477105,BTC-USD vs SPY,90
2022-01-07,0.40339891272542105,BTC-USD vs SPY,90
2022-01-10,0.405287448817039,BTC-USD vs SPY,90
2022-01-11,0.40866111750068157,BTC-USD vs SPY,90
2022-01-12,0.41027649404520555,BTC-USD vs SPY,90
2022-01-13,0.4211008641021691,BTC-USD vs SPY,90
2022-01-14,0.4204269173853441,BTC-USD vs SPY,90
2022-01-18,0.40967027079190577,BTC-USD vs SPY,90
2022-01-19,0.40625118170369895,BTC-USD vs SPY,90
2022-01-20,0.41245435981237605,BTC-USD vs SPY,90
2022-01-21,0.4608323956668448,BTC-USD vs SPY,90
2022-01-24,0.4583146784905575,BTC-USD vs SPY,90
2022-01-25,0.4497579360029503,BTC-USD vs SPY,90
2022-01-26,0.4519241677711331,BTC-USD vs SPY,90
2022-01-27,0.42332593522460865,BTC-USD vs SPY,90
2022-01-28,0.42346271330643087,BTC-USD vs SPY,90
2022-01-31,0.41476869139947015,BTC-USD vs SPY,90
2022-02-01,0.4081627027083077,BTC-USD vs SPY,90
2022-02-02,0.39441516505319874,BTC-USD vs SPY,90
2022-02-03,0.37052951026579967,BTC-USD vs SPY,90
2022-02-04,0.35892253277762354,BTC-USD vs SPY,90
2022-02-07,0.3529427432020844,BTC-USD vs SPY,90
2022-02-08,0.38253530259035745,BTC-USD vs SPY,90
2022-02-09,0.3656208829504599,BTC-USD vs SPY,90
2022-02-10,0.38275312103163195,BTC-USD vs SPY,90
2022-02-11,0.37853529846368766,BTC-USD vs SPY,90
2022-02-14,0.37731018258247734,BTC-USD vs SPY,90
2022-02-15,0.40193514115964174,BTC-USD vs SPY,90
2022-02-16,0.401920494235891,BTC-USD vs SPY,90
2022-02-17,0.4492645805821103,BTC-USD vs SPY,90
2022-02-18,0.4492590125210348,BTC-USD vs SPY,90
2022-02-22,0.43018710382525144,BTC-USD vs SPY,90
2022-02-23,0.4382999316277353,BTC-USD vs SPY,90
2022-02-24,0.4419213488370808,BTC-USD vs SPY,90
2022-02-25,0.44774790416200105,BTC-USD vs SPY,90
2022-02-28,0.39198768077846996,BTC-USD vs SPY,90
2022-03-01,0.37134287750029765,BTC-USD vs SPY,90
2022-03-02,0.3700273770557871,BTC-USD vs SPY,90
2022-03-03,0.3723047798332407,BTC-USD vs SPY,90
2022-03-04,0.37513106686567244,BTC-USD vs SPY,90
2022-03-07,0.36920720627128045,BTC-USD vs SPY,90
2022-03-08,0.3625142946997671,BTC-USD vs SPY,90
2022-03-09,0.39291597005726203,BTC-USD vs SPY,90
2022-03-10,0.3927153802242786,BTC-USD vs SPY,90
2022-03-11,0.39416597133342335,BTC-USD vs SPY,90
2022-03-14,0.37895009904125115,BTC-USD vs SPY,90
2022-03-15,0.36925556248356256,BTC-USD vs SPY,90
2022-03-16,0.38885525496824075,BTC-USD vs SPY,90
2022-03-17,0.3866374212243595,BTC-USD vs SPY,90
2022-03-18,0.39451519174491867,BTC-USD vs SPY,90
2022-03-21,0.39432851649201844,BTC-USD vs SPY,90
2022-03-22,0.39780001572010987,BTC-USD vs SPY,90
2022-03-23,0.39053935791143535,BTC-USD vs SPY,90
2022-03-24,0.39838360350067836,BTC-USD vs SPY,90
2022-03-25,0.40044518673020374,BTC-USD vs SPY,90
2022-03-28,0.4103864143503569,BTC-USD vs SPY,90
2022-03-29,0.4111418258521123,BTC-USD vs SPY,90
2022-03-30,0.42076352521484633,BTC-USD vs SPY,90
2022-03-31,0.4282004056956439,BTC-USD vs SPY,90
2022-04-01,0.42920235463597844,BTC-USD vs SPY,90
2022-04-04,0.42939622019275336,BTC-USD vs SPY,90
2022-04-05,0.43319716652888896,BTC-USD vs SPY,90
2022-04-06,0.41431072285886644,BTC-USD vs SPY,90
2022-04-07,0.41420173884200945,BTC-USD vs SPY,90
2022-04-08,0.41366744252224263,BTC-USD vs SPY,90
2022-04-11,0.43135795809236116,BTC-USD vs SPY,90
2022-04-12,0.43708763537626183,BTC-USD vs SPY,90
2022-04-13,0.43679507097253584,BTC-USD vs SPY,90
2022-04-14,0.4373822737048817,BTC-USD vs SPY,90
2022-04-18,0.44263873905249546,BTC-USD vs SPY,90
2022-04-19,0.44512246866025945,BTC-USD vs SPY,90
2022-04-20,0.442896704515742,BTC-USD vs SPY,90
2022-04-21,0.44988435058400184,BTC-USD vs SPY,90
2022-04-22,0.4463635766515249,BTC-USD vs SPY,90
2022-04-25,0.4564933305654449,BTC-USD vs SPY,90
2022-04-26,0.4754719953574671,BTC-USD vs SPY,90
2022-04-27,0.4740147416545642,BTC-USD vs SPY,90
2022-04-28,0.4662375060552065,BTC-USD vs SPY,90
2022-04-29,0.4716758769899252,BTC-USD vs SPY,90
2022-05-02,0.4617980879298235,BTC-USD vs SPY,90
2022-05-03,0.46118632634245355,BTC-USD vs SPY,90
2022-05-04,0.47613526276653373,BTC-USD vs SPY,90
2022-05-05,0.5078874653261163,BTC-USD vs SPY,90
2022-05-06,0.5166588268324607,BTC-USD vs SPY,90
2022-05-09,0.5491140152965509,BTC-USD vs SPY,90
2022-05-10,0.5502292373891691,BTC-USD vs SPY,90
2022-05-11,0.5567865980160056,BTC-USD vs SPY,90
2022-05-12,0.5605634441158346,BTC-USD vs SPY,90
2022-05-13,0.5576029377104107,BTC-USD vs SPY,90
2022-05-16,0.5482328244384601,BTC-USD vs SPY,90
2022-05-17,0.5496941637336636,BTC-USD vs SPY,90
2022-05-18,0.564000506419612,BTC-USD vs SPY,90
2022-05-19,0.5528740474831588,BTC-USD vs SPY,90
2022-05-20,0.5470256673075017,BTC-USD vs SPY,90
2022-05-23,0.5254503585507481,BTC-USD vs SPY,90
2022-05-24,0.5192094936690446,BTC-USD vs SPY,90
2022-05-25,0.5175366588963222,BTC-USD vs SPY,90
2022-05-26,0.5135978942535845,BTC-USD vs SPY,90
2022-05-27,0.49680901306854,BTC-USD vs SPY,90
2022-05-31,0.49434391043363857,BTC-USD vs SPY,90
2022-06-01,0.483037980220254,BTC-USD vs SPY,90
2022-06-02,0.4856134897312358,BTC-USD vs SPY,90
2022-06-03,0.4918776387303687,BTC-USD vs SPY,90
2022-06-06,0.49046946357372295,BTC-USD vs SPY,90
2022-06-07,0.4896537761721984,BTC-USD vs SPY,90
2022-06-08,0.4919394073235948,BTC-USD vs SPY,90
2022-06-09,0.4853317027122184,BTC-USD vs SPY,90
2022-06-10,0.49015569613036175,BTC-USD vs SPY,90
2022-06-13,0.5407088431758414,BTC-USD vs SPY,90
2022-06-14,0.5513466314385569,BTC-USD vs SPY,90
2022-06-15,0.5664371562668012,BTC-USD vs SPY,90
2022-06-16,0.589205538393643,BTC-USD vs SPY,90
2022-06-17,0.588657836104174,BTC-USD vs SPY,90
2022-06-21,0.5854366377028624,BTC-USD vs SPY,90
2022-06-22,0.5838429320730345,BTC-USD vs SPY,90
2022-06-23,0.5854505771459851,BTC-USD vs SPY,90
2022-06-24,0.5800047784306874,BTC-USD vs SPY,90
2022-06-27,0.5742857951654807,BTC-USD vs SPY,90
2022-06-28,0.5748114994854224,BTC-USD vs SPY,90
2022-06-29,0.5663508862175011,BTC-USD vs SPY,90
2022-06-30,0.5659487853513925,BTC-USD vs SPY,90
2022-07-01,0.5678107673180027,BTC-USD vs SPY,90
2022-07-05,0.566440521831845,BTC-USD vs SPY,90
2022-07-06,0.5628050012101066,BTC-USD vs SPY,90
2022-07-07,0.5654963440470129,BTC-USD vs SPY,90
2022-07-08,0.6165470125429587,BTC-USD vs SPY,90
2022-07-11,0.633181029986978,BTC-USD vs SPY,90
2022-07-12,0.6400159126918613,BTC-USD vs SPY,90
2022-07-13,0.6288154667159843,BTC-USD vs SPY,90
2022-07-14,0.6309768115172643,BTC-USD vs SPY,90
2022-07-15,0.6404641484156137,BTC-USD vs SPY,90
2022-07-18,0.6144995694435802,BTC-USD vs SPY,90
2022-07-19,0.6067930484167597,BTC-USD vs SPY,90
2022-07-20,0.6090909457346939,BTC-USD vs SPY,90
2022-07-21,0.6079235672960267,BTC-USD vs SPY,90
2022-07-22,0.6235047615974015,BTC-USD vs SPY,90
2022-07-25,0.6236685170009583,BTC-USD vs SPY,90
2022-07-26,0.6124795164426337,BTC-USD vs SPY,90
2022-07-27,0.6289918391203143,BTC-USD vs SPY,90
2022-07-28,0.6310770584613792,BTC-USD vs SPY,90
2022-07-29,0.6288725861453685,BTC-USD vs SPY,90
2022-08-01,0.625569841334914,BTC-USD vs SPY,90
2022-08-02,0.6325453095335593,BTC-USD vs SPY,90
2022-08-03,0.6256629344088928,BTC-USD vs SPY,90
2022-08-04,0.6250994288927474,BTC-USD vs SPY,90
2022-08-05,0.6205693743492162,BTC-USD vs SPY,90
2022-08-08,0.6170777765340261,BTC-USD vs SPY,90
2022-08-09,0.6173301086581061,BTC-USD vs SPY,90
2022-08-10,0.6209311241799191,BTC-USD vs SPY,90
2022-08-11,0.620897988210899,BTC-USD vs SPY,90
2022-08-12,0.6228919757831389,BTC-USD vs SPY,90
2022-08-15,0.6213895659280445,BTC-USD vs SPY,90
2022-08-16,0.6193626056964449,BTC-USD vs SPY,90
2022-08-17,0.619604899350508,BTC-USD vs SPY,90
2022-08-18,0.6197154885232796,BTC-USD vs SPY,90
2022-08-19,0.6131245008711829,BTC-USD vs SPY,90
2022-08-22,0.6094824836369963,BTC-USD vs SPY,90
2022-08-23,0.6061352947466468,BTC-USD vs SPY,90
2022-08-24,0.6042474904910322,BTC-USD vs SPY,90
2022-08-25,0.6072280472793176,BTC-USD vs SPY,90
2022-08-26,0.615363121844749,BTC-USD vs SPY,90
2022-08-29,0.6061342561815434,BTC-USD vs SPY,90
2022-08-30,0.606701581313806,BTC-USD vs SPY,90
2022-08-31,0.6067097087520129,BTC-USD vs SPY,90
2022-09-01,0.6061536106962406,BTC-USD vs SPY,90
2022-09-02,0.596176163405579,BTC-USD vs SPY,90
2022-09-06,0.5953098642740712,BTC-USD vs SPY,90
2022-09-07,0.5996388528637934,BTC-USD vs SPY,90
2022-09-08,0.6044600639876364,BTC-USD vs SPY,90
2022-09-09,0.6057166088204036,BTC-USD vs SPY,90
2022-09-12,0.6098815328012753,BTC-USD vs SPY,90
2022-09-13,0.6240628555291226,BTC-USD vs SPY,90
2022-09-14,0.6087599165925177,BTC-USD vs SPY,90
2022-09-15,0.6097733806777552,BTC-USD vs SPY,90
2022-09-16,0.5822429795863485,BTC-USD vs SPY,90
2022-09-19,0.5838099822576407,BTC-USD vs SPY,90
2022-09-20,0.5800103347945378,BTC-USD vs SPY,90
2022-09-21,0.58035591554786,BTC-USD vs SPY,90
2022-09-22,0.56711175840139,BTC-USD vs SPY,90
2022-09-23,0.5651576268914634,BTC-USD vs SPY,90
2022-09-26,0.5560779016117005,BTC-USD vs SPY,90
2022-09-27,0.5430299899264482,BTC-USD vs SPY,90
2022-09-28,0.5590655980088757,BTC-USD vs SPY,90
2022-09-29,0.5506609505667,BTC-USD vs SPY,90
2022-09-30,0.5708616468082116,BTC-USD vs SPY,90
2022-10-03,0.5801577309626295,BTC-USD vs SPY,90
2022-10-04,0.5876988200084765,BTC-USD vs SPY,90
2022-10-05,0.5971440464144383,BTC-USD vs SPY,90
2022-10-06,0.615831810706932,BTC-USD vs SPY,90
2022-10-07,0.6146867926962872,BTC-USD vs SPY,90
2022-10-10,0.6166760924984727,BTC-USD vs SPY,90
2022-10-11,0.6144251528035553,BTC-USD vs SPY,90
2022-10-12,0.6120380082693454,BTC-USD vs SPY,90
2022-10-13,0.6101854421760479,BTC-USD vs SPY,90
2022-10-14,0.6094153409072202,BTC-USD vs SPY,90
2022-10-17,0.6055988591443615,BTC-USD vs SPY,90
2022-10-18,0.6076849929017946,BTC-USD vs SPY,90
2022-10-19,0.604522181984225,BTC-USD vs SPY,90
2022-10-20,0.5654229423150577,BTC-USD vs SPY,90
2022-10-21,0.5602978196229642,BTC-USD vs SPY,90
2022-10-24,0.5524878926383506,BTC-USD vs SPY,90
2022-10-25,0.5262310613168035,BTC-USD vs SPY,90
2022-10-26,0.5162647541213464,BTC-USD vs SPY,90
2022-10-27,0.5223361856024105,BTC-USD vs SPY,90
2022-10-28,0.5238869346558416,BTC-USD vs SPY,90
2022-10-31,0.5219724940146614,BTC-USD vs SPY,90
2022-11-01,0.5318806533009125,BTC-USD vs SPY,90
2022-11-02,0.5319729456637402,BTC-USD vs SPY,90
2022-11-03,0.5262736858517222,BTC-USD vs SPY,90
2022-11-04,0.5332574424285925,BTC-USD vs SPY,90
2022-11-07,0.5264004868968957,BTC-USD vs SPY,90
2022-11-08,0.49948405165690346,BTC-USD vs SPY,90
2022-11-09,0.5113771597202942,BTC-USD vs SPY,90
2022-11-10,0.5621990765468192,BTC-USD vs SPY,90
2022-11-11,0.5483508763471134,BTC-USD vs SPY,90
2022-11-14,0.543718490854705,BTC-USD vs SPY,90
2022-11-15,0.5410180800913847,BTC-USD vs SPY,90
2022-11-16,0.5401149893746993,BTC-USD vs SPY,90
2022-11-17,0.5495063783235835,BTC-USD vs SPY,90
2022-11-18,0.550754536082579,BTC-USD vs SPY,90
2022-11-21,0.5512718027555269,BTC-USD vs SPY,90
2022-11-22,0.5859387095075712,BTC-USD vs SPY,90
2022-11-23,0.579141030144511,BTC-USD vs SPY,90
2022-11-25,0.5805523098597741,BTC-USD vs SPY,90
2022-11-28,0.5819131929166139,BTC-USD vs SPY,90
2022-11-29,0.5792772710263462,BTC-USD vs SPY,90
2022-11-30,0.5972247592303692,BTC-USD vs SPY,90
2022-12-01,0.5986733568115753,BTC-USD vs SPY,90
2022-12-02,0.582692681780886,BTC-USD vs SPY,90
2022-12-05,0.5769337924399499,BTC-USD vs SPY,90
2022-12-06,0.5749532339272888,BTC-USD vs SPY,90
2022-12-07,0.5749274065399526,BTC-USD vs SPY,90
2022-12-08,0.5759989914589403,BTC-USD vs SPY,90
2022-12-09,0.5814288204370093,BTC-USD vs SPY,90
2022-12-12,0.580834022501209,BTC-USD vs SPY,90
2022-12-13,0.585968497833632,BTC-USD vs SPY,90
2022-12-14,0.5879110783473426,BTC-USD vs SPY,90
2022-12-15,0.5902472303079229,BTC-USD vs SPY,90
2022-12-16,0.5891055228504785,BTC-USD vs SPY,90
2022-12-19,0.5900725934178005,BTC-USD vs SPY,90
2022-12-20,0.5867936260503436,BTC-USD vs SPY,90
2022-12-21,0.5838059958838205,BTC-USD vs SPY,90
2022-12-22,0.5819558754617137,BTC-USD vs SPY,90
2022-12-23,0.5803837378872048,BTC-USD vs SPY,90
2022-12-27,0.5811510499204693,BTC-USD vs SPY,90
2022-12-28,0.5855606806477744,BTC-USD vs SPY,90
2022-12-29,0.5868595725829275,BTC-USD vs SPY,90
2022-12-30,0.5871703853775143,BTC-USD vs SPY,90
2023-01-03,0.5877949907889694,BTC-USD vs SPY,90
2023-01-04,0.5885786192304259,BTC-USD vs SPY,90
2023-01-05,0.569414147617666,BTC-USD vs SPY,90
2023-01-06,0.5757654452262977,BTC-USD vs SPY,90
2023-01-09,0.5732421134794312,BTC-USD vs SPY,90
2023-01-10,0.5776074137645455,BTC-USD vs SPY,90
2023-01-11,0.5808428745293187,BTC-USD vs SPY,90
2023-01-12,0.5767037457874271,BTC-USD vs SPY,90
2023-01-13,0.5754341853526591,BTC-USD vs SPY,90
2023-01-17,0.5720512728292387,BTC-USD vs SPY,90
2023-01-18,0.5757337554415961,BTC-USD vs SPY,90
2023-01-19,0.5709476492851422,BTC-USD vs SPY,90
2023-01-20,0.5779890252251464,BTC-USD vs SPY,90
2023-01-23,0.5328063464578586,BTC-USD vs SPY,90
2023-01-24,0.5327543066726533,BTC-USD vs SPY,90
2023-01-25,0.5281834152204709,BTC-USD vs SPY,90
2023-01-26,0.5283458633565905,BTC-USD vs SPY,90
2023-01-27,0.5283915898955365,BTC-USD vs SPY,90
2023-01-30,0.5293614487699123,BTC-USD vs SPY,90
2023-01-31,0.525731878371724,BTC-USD vs SPY,90
2023-02-01,0.5476454971723838,BTC-USD vs SPY,90
2023-02-02,0.5405142812012692,BTC-USD vs SPY,90
2023-02-03,0.5480367450982426,BTC-USD vs SPY,90
2023-02-06,0.5483326619766677,BTC-USD vs SPY,90
2023-02-07,0.549406497639072,BTC-USD vs SPY,90
2023-02-08,0.5625857495500272,BTC-USD vs SPY,90
2023-02-09,0.5654398692202154,BTC-USD vs SPY,90
2023-02-10,0.5589751777671436,BTC-USD vs SPY,90
2023-02-13,0.5473726135706742,BTC-USD vs SPY,90
2023-02-14,0.545030975461185,BTC-USD vs SPY,90
2023-02-15,0.5218641478594491,BTC-USD vs SPY,90
2023-02-16,0.5256456525601223,BTC-USD vs SPY,90
2023-02-17,0.5144128432819024,BTC-USD vs SPY,90
2023-02-21,0.5160608836519015,BTC-USD vs SPY,90
2023-02-22,0.5170011814656849,BTC-USD vs SPY,90
2023-02-23,0.5191839142997552,BTC-USD vs SPY,90
2023-02-24,0.526221771261264,BTC-USD vs SPY,90
2023-02-27,0.528275704736248,BTC-USD vs SPY,90
2023-02-28,0.5354551397289103,BTC-USD vs SPY,90
2023-03-01,0.530364614405199,BTC-USD vs SPY,90
2023-03-02,0.5276419364031572,BTC-USD vs SPY,90
2023-03-03,0.5044295654143957,BTC-USD vs SPY,90
2023-03-06,0.511331295764499,BTC-USD vs SPY,90
2023-03-07,0.5036023230814284,BTC-USD vs SPY,90
2023-03-08,0.5128572203811538,BTC-USD vs SPY,90
2023-03-09,0.5258877098328123,BTC-USD vs SPY,90
2023-03-10,0.5269171165421274,BTC-USD vs SPY,90
2023-03-13,0.5001901184073833,BTC-USD vs SPY,90
2023-03-14,0.5040824594083205,BTC-USD vs SPY,90
2023-03-15,0.5066386223614266,BTC-USD vs SPY,90
2023-03-16,0.5143683193471618,BTC-USD vs SPY,90
2023-03-17,0.44567489079663897,BTC-USD vs SPY,90
2023-03-20,0.44762707268018453,BTC-USD vs SPY,90
2023-03-21,0.4835872940430732,BTC-USD vs SPY,90
2023-03-22,0.468853303877407,BTC-USD vs SPY,90
2023-03-23,0.369446692909738,BTC-USD vs SPY,90
2023-03-24,0.3742315630566703,BTC-USD vs SPY,90
2023-03-27,0.3751486946439929,BTC-USD vs SPY,90
2023-03-28,0.3726049325107336,BTC-USD vs SPY,90
2023-03-29,0.379806653185406,BTC-USD vs SPY,90
2023-03-30,0.3767576728825568,BTC-USD vs SPY,90
2023-03-31,0.3802395580420039,BTC-USD vs SPY,90
2023-04-03,0.3756842798152809,BTC-USD vs SPY,90
2023-04-04,0.3666879195051641,BTC-USD vs SPY,90
2023-04-05,0.3641011373571356,BTC-USD vs SPY,90
2023-04-06,0.3627101230652997,BTC-USD vs SPY,90
2023-04-10,0.3549760705536701,BTC-USD vs SPY,90
2023-04-11,0.3554028597931226,BTC-USD vs SPY,90
2023-04-12,0.33239073690503124,BTC-USD vs SPY,90
2023-04-13,0.3353311482085315,BTC-USD vs SPY,90
2023-04-14,0.33553354298479565,BTC-USD vs SPY,90
2023-04-17,0.3268922895239295,BTC-USD vs SPY,90
2023-04-18,0.3309457347238231,BTC-USD vs SPY,90
2023-04-19,0.3254016232881291,BTC-USD vs SPY,90
2023-04-20,0.32522058012296046,BTC-USD vs SPY,90
2023-04-21,0.3208200955688472,BTC-USD vs SPY,90
2023-04-24,0.32190154060721904,BTC-USD vs SPY,90
2023-04-25,0.29589347296762347,BTC-USD vs SPY,90
2023-04-26,0.29558868439226327,BTC-USD vs SPY,90
2023-04-27,0.2976314718654648,BTC-USD vs SPY,90
2023-04-28,0.2737821832981827,BTC-USD vs SPY,90
2023-05-01,0.26833711245392483,BTC-USD vs SPY,90
2023-05-02,0.2583815602643898,BTC-USD vs SPY,90
2023-05-03,0.26193452163236103,BTC-USD vs SPY,90
2023-05-04,0.2647031907252293,BTC-USD vs SPY,90
2023-05-05,0.27373104953447347,BTC-USD vs SPY,90
2023-05-08,0.2708127086720223,BTC-USD vs SPY,90
2023-05-09,0.2677590146991352,BTC-USD vs SPY,90
2023-05-10,0.2701925140462769,BTC-USD vs SPY,90
2023-05-11,0.2710617577687474,BTC-USD vs SPY,90
2023-05-12,0.27143095199430267,BTC-USD vs SPY,90
2023-05-15,0.270836121759223,BTC-USD vs SPY,90
2023-05-16,0.2725834934171256,BTC-USD vs SPY,90
2023-05-17,0.2795829396229882,BTC-USD vs SPY,90
2023-05-18,0.2692233896571722,BTC-USD vs SPY,90
2023-05-19,0.26725440549716195,BTC-USD vs SPY,90
2023-05-22,0.2587012808499581,BTC-USD vs SPY,90
2023-05-23,0.24913889721179613,BTC-USD vs SPY,90
2023-05-24,0.25434519675925,BTC-USD vs SPY,90
2023-05-25,0.25442642690327505,BTC-USD vs SPY,90
2023-05-26,0.24530272832434744,BTC-USD vs SPY,90
2023-05-30,0.25278517890742797,BTC-USD vs SPY,90
2023-05-31,0.2153366100735538,BTC-USD vs SPY,90
2023-06-01,0.20605372833438546,BTC-USD vs SPY,90
2023-06-02,0.21143789871818447,BTC-USD vs SPY,90
2023-06-05,0.21406742378407617,BTC-USD vs SPY,90
2023-06-06,0.21500752788431762,BTC-USD vs SPY,90
2023-06-07,0.21857056143746906,BTC-USD vs SPY,90
2023-06-08,0.20294344608508783,BTC-USD vs SPY,90
2023-06-09,0.19854356709888699,BTC-USD vs SPY,90
2023-06-12,0.18874806714635928,BTC-USD vs SPY,90
2023-06-13,0.19859883017687285,BTC-USD vs SPY,90
2023-06-14,0.1984198050785618,BTC-USD vs SPY,90
2023-06-15,0.20359385940484642,BTC-USD vs SPY,90
2023-06-16,0.18372947134204146,BTC-USD vs SPY,90
2023-06-20,0.1624749616935386,BTC-USD vs SPY,90
2023-06-21,0.12773524345962858,BTC-USD vs SPY,90
2023-06-22,0.12765929058317585,BTC-USD vs SPY,90
2023-06-23,0.12090561230412464,BTC-USD vs SPY,90
2023-06-26,0.1233270769947576,BTC-USD vs SPY,90
2023-06-27,0.1240261828710738,BTC-USD vs SPY,90
2023-06-28,0.10490780099817919,BTC-USD vs SPY,90
2023-06-29,0.11403772211107326,BTC-USD vs SPY,90
2023-06-30,0.10046527780241116,BTC-USD vs SPY,90
2023-07-03,0.09892135909089812,BTC-USD vs SPY,90
2023-07-05,0.10254772033970674,BTC-USD vs SPY,90
2023-07-06,0.0942875546153118,BTC-USD vs SPY,90
2023-07-07,0.09245995314038505,BTC-USD vs SPY,90
2023-07-10,0.08919756128210045,BTC-USD vs SPY,90
2023-07-11,0.09531349407510324,BTC-USD vs SPY,90
2023-07-12,0.09509226939277414,BTC-USD vs SPY,90
2023-07-13,0.14325869468616645,BTC-USD vs SPY,90
2023-07-14,0.144978960256296,BTC-USD vs SPY,90
2023-07-17,0.13793960501598368,BTC-USD vs SPY,90
2023-07-18,0.13479833497132934,BTC-USD vs SPY,90
2023-07-19,0.07607003969458336,BTC-USD vs SPY,90
2023-07-20,0.0690078380962446,BTC-USD vs SPY,90
2023-07-21,0.09122564331372443,BTC-USD vs SPY,90
2023-07-24,0.06873265217463743,BTC-USD vs SPY,90
2023-07-25,0.06056773983428831,BTC-USD vs SPY,90
2023-07-26,0.03594958418675085,BTC-USD vs SPY,90
2023-07-27,0.15075111733310756,BTC-USD vs SPY,90
2023-07-28,0.15706190376740553,BTC-USD vs SPY,90
2023-07-31,0.1490636358139553,BTC-USD vs SPY,90
2023-08-01,0.10942595395244414,BTC-USD vs SPY,90
2023-08-02,0.12557713584732225,BTC-USD vs SPY,90
2023-08-03,0.13814966923142488,BTC-USD vs SPY,90
2023-08-04,0.14189181395183653,BTC-USD vs SPY,90
2023-08-07,0.14377308807350023,BTC-USD vs SPY,90
2023-08-08,0.10299120523098082,BTC-USD vs SPY,90
2023-08-09,0.11127417563927383,BTC-USD vs SPY,90
2023-08-10,0.09951141340290594,BTC-USD vs SPY,90
2023-08-11,0.10325259953769225,BTC-USD vs SPY,90
2023-08-14,0.11075940173782468,BTC-USD vs SPY,90
2023-08-15,0.11679150454647073,BTC-USD vs SPY,90
2023-08-16,0.12698944681190014,BTC-USD vs SPY,90
2023-08-17,0.16333079389998012,BTC-USD vs SPY,90
2023-08-18,0.1642680636630729,BTC-USD vs SPY,90
2023-08-21,0.16043899143191617,BTC-USD vs SPY,90
2023-08-22,0.1482009342209029,BTC-USD vs SPY,90
2023-08-23,0.15902239562289308,BTC-USD vs SPY,90
2023-08-24,0.17121864542814316,BTC-USD vs SPY,90
2023-08-25,0.17112253952454914,BTC-USD vs SPY,90
2023-08-28,0.1733246763718094,BTC-USD vs SPY,90
2023-08-29,0.21236973543451548,BTC-USD vs SPY,90
2023-08-30,0.210672160177223,BTC-USD vs SPY,90
2023-08-31,0.21291789744706865,BTC-USD vs SPY,90
2023-09-01,0.2551709919584146,BTC-USD vs SPY,90
2023-09-05,0.2573735771583169,BTC-USD vs SPY,90
2023-09-06,0.2187353625852351,BTC-USD vs SPY,90
2023-09-07,0.21566122392540957,BTC-USD vs SPY,90
2023-09-08,0.2134149480401239,BTC-USD vs SPY,90
2023-09-11,0.2247981722119955,BTC-USD vs SPY,90
2023-09-12,0.218298287524819,BTC-USD vs SPY,90
2023-09-13,0.21619435811563695,BTC-USD vs SPY,90
2023-09-14,0.1988026884084047,BTC-USD vs SPY,90
2023-09-15,0.18834195465378584,BTC-USD vs SPY,90
2023-09-18,0.18819876510438202,BTC-USD vs SPY,90
2023-09-19,0.18430912792718956,BTC-USD vs SPY,90
2023-09-20,0.18149573916537692,BTC-USD vs SPY,90
2023-09-21,0.1993919919692316,BTC-USD vs SPY,90
2023-09-22,0.19745521705738714,BTC-USD vs SPY,90
2023-09-25,0.19603494601804708,BTC-USD vs SPY,90
2023-09-26,0.18627786543201855,BTC-USD vs SPY,90
2023-09-27,0.20349625933692134,BTC-USD vs SPY,90
2023-09-28,0.21156444055362336,BTC-USD vs SPY,90
2023-09-29,0.21221927465945775,BTC-USD vs SPY,90
2023-10-02,0.2277438732029252,BTC-USD vs SPY,90
2023-10-03,0.21195805488131367,BTC-USD vs SPY,90
2023-10-04,0.21547169135833324,BTC-USD vs SPY,90
2023-10-05,0.2115005741030213,BTC-USD vs SPY,90
2023-10-06,0.2236188773278654,BTC-USD vs SPY,90
2023-10-09,0.21071044125484575,BTC-USD vs SPY,90
2023-10-10,0.2201033742657319,BTC-USD vs SPY,90
2023-10-11,0.20241413736400396,BTC-USD vs SPY,90
2023-10-12,0.20200598238607734,BTC-USD vs SPY,90
2023-10-13,0.19969806460168824,BTC-USD vs SPY,90
2023-10-16,0.2244429389303279,BTC-USD vs SPY,90
2023-10-17,0.22306670122887695,BTC-USD vs SPY,90
2023-10-18,0.22266512264262092,BTC-USD vs SPY,90
2023-10-19,0.21458212742436011,BTC-USD vs SPY,90
2023-10-20,0.18058852336529027,BTC-USD vs SPY,90
2023-10-23,0.15701747934357618,BTC-USD vs SPY,90
2023-10-24,0.15749126412108425,BTC-USD vs SPY,90
2023-10-25,0.15422790785532162,BTC-USD vs SPY,90
2023-10-26,0.183000038565312,BTC-USD vs SPY,90
2023-10-27,0.21155356822957727,BTC-USD vs SPY,90
2023-10-30,0.20759913979283542,BTC-USD vs SPY,90
2023-10-31,0.2238893064241633,BTC-USD vs SPY,90
2023-11-01,0.23457126840379333,BTC-USD vs SPY,90
2023-11-02,0.1991115696579524,BTC-USD vs SPY,90
2023-11-03,0.19476715756214172,BTC-USD vs SPY,90
2023-11-06,0.19218055538949835,BTC-USD vs SPY,90
2023-11-07,0.19659110912521535,BTC-USD vs SPY,90
2023-11-08,0.1960401817002298,BTC-USD vs SPY,90
2023-11-09,0.1775270903498752,BTC-USD vs SPY,90
2023-11-10,0.17933812586698242,BTC-USD vs SPY,90
2023-11-13,0.1825223537195154,BTC-USD vs SPY,90
2023-11-14,0.1408515912163555,BTC-USD vs SPY,90
2023-11-15,0.1402374304156248,BTC-USD vs SPY,90
2023-11-16,0.13930368127113452,BTC-USD vs SPY,90
2023-11-17,0.125840155817288,BTC-USD vs SPY,90
2023-11-20,0.12606125588035544,BTC-USD vs SPY,90
2023-11-21,0.13067534177932108,BTC-USD vs SPY,90
2023-11-22,0.1432555355853378,BTC-USD vs SPY,90
2023-11-24,0.1435574808228723,BTC-USD vs SPY,90
2023-11-27,0.14264889289641763,BTC-USD vs SPY,90
2023-11-28,0.14311512382690988,BTC-USD vs SPY,90
2023-11-29,0.15363471897818745,BTC-USD vs SPY,90
2023-11-30,0.15212292392051915,BTC-USD vs SPY,90
2023-12-01,0.1590616309184759,BTC-USD vs SPY,90
2023-12-04,0.13774551931552492,BTC-USD vs SPY,90
2023-12-05,0.13545308974444994,BTC-USD vs SPY,90
2023-12-06,0.13823046012207924,BTC-USD vs SPY,90
2023-12-07,0.13329733456219883,BTC-USD vs SPY,90
2023-12-08,0.12188774067271547,BTC-USD vs SPY,90
2023-12-11,0.10473836479823413,BTC-USD vs SPY,90
2023-12-12,0.10374408928493682,BTC-USD vs SPY,90
2023-12-13,0.12415221296294292,BTC-USD vs SPY,90
2023-12-14,0.12909716312842542,BTC-USD vs SPY,90
2023-12-15,0.1345028237801132,BTC-USD vs SPY,90
2023-12-18,0.141005380455366,BTC-USD vs SPY,90
2023-12-19,0.13634940852973215,BTC-USD vs SPY,90
2023-12-20,0.10969003703376894,BTC-USD vs SPY,90
2023-12-21,0.1031440378076953,BTC-USD vs SPY,90
2023-12-22,0.09501954089681687,BTC-USD vs SPY,90
2023-12-26,0.056371518728034725,BTC-USD vs SPY,90
2023-12-27,0.056592757673760034,BTC-USD vs SPY,90
2023-12-28,0.05969974284692892,BTC-USD vs SPY,90
2023-12-29,0.06157744721239356,BTC-USD vs SPY,90
2024-01-02,0.051039950258568494,BTC-USD vs SPY,90
2024-01-03,0.0649483601097153,BTC-USD vs SPY,90
2024-01-04,0.06207670971936139,BTC-USD vs SPY,90
2024-01-05,0.06340245964883061,BTC-USD vs SPY,90
2024-01-08,0.06830291117893189,BTC-USD vs SPY,90
2024-01-09,0.07508757982577197,BTC-USD vs SPY,90
2024-01-10,0.07189087025993773,BTC-USD vs SPY,90
2024-01-11,0.07337694826434883,BTC-USD vs SPY,90
2024-01-12,0.06769076771489228,BTC-USD vs SPY,90
2024-01-16,0.06292385246087878,BTC-USD vs SPY,90
2024-01-17,0.07048478160833588,BTC-USD vs SPY,90
2024-01-18,0.0527328706249982,BTC-USD vs SPY,90
2024-01-19,0.06483742895163597,BTC-USD vs SPY,90
2024-01-22,0.06802047745117895,BTC-USD vs SPY,90
2024-01-23,0.06839997814257508,BTC-USD vs SPY,90
2024-01-24,0.06558881176076983,BTC-USD vs SPY,90
2024-01-25,0.06461806725045137,BTC-USD vs SPY,90
2024-01-26,0.058276816619952196,BTC-USD vs SPY,90
2024-01-29,0.06961118675473624,BTC-USD vs SPY,90
2024-01-30,0.06748942145492733,BTC-USD vs SPY,90
2024-01-31,0.05592258868723441,BTC-USD vs SPY,90
2024-02-01,0.05916686382936411,BTC-USD vs SPY,90
2024-02-02,0.058229685008061194,BTC-USD vs SPY,90
2024-02-05,0.05327891547454868,BTC-USD vs SPY,90
2024-02-06,0.053666423751630984,BTC-USD vs SPY,90
2024-02-07,0.057808617687685526,BTC-USD vs SPY,90
2024-02-08,0.054610458451764675,BTC-USD vs SPY,90
2024-02-09,0.05938190829027481,BTC-USD vs SPY,90
2024-02-12,0.04955620641492698,BTC-USD vs SPY,90
2024-02-13,0.05501031657115971,BTC-USD vs SPY,90
2024-02-14,0.06611512351772125,BTC-USD vs SPY,90
2024-02-15,0.05851011516168778,BTC-USD vs SPY,90
2024-02-16,0.06385835879045762,BTC-USD vs SPY,90
2024-02-20,0.06522044013816683,BTC-USD vs SPY,90
2024-02-21,0.06950663539824242,BTC-USD vs SPY,90
2024-02-22,0.04593192780582896,BTC-USD vs SPY,90
2024-02-23,0.04612645105402245,BTC-USD vs SPY,90
2024-02-26,0.012676954528455376,BTC-USD vs SPY,90
2024-02-27,0.011940214135775855,BTC-USD vs SPY,90
2024-02-28,-0.010113750246892457,BTC-USD vs SPY,90
2024-02-29,-0.009221882316798644,BTC-USD vs SPY,90
2024-03-01,0.014458320148051929,BTC-USD vs SPY,90
2024-03-04,0.021757032779033715,BTC-USD vs SPY,90
2024-03-05,0.0601990033139939,BTC-USD vs SPY,90
2024-03-06,0.07536649391284006,BTC-USD vs SPY,90
2024-03-07,0.06614736228341685,BTC-USD vs SPY,90
2024-03-08,0.05490905723685343,BTC-USD vs SPY,90
2024-03-11,0.05277183592434132,BTC-USD vs SPY,90
2024-03-12,0.045682618903828985,BTC-USD vs SPY,90
2024-03-13,0.03629515076022396,BTC-USD vs SPY,90
2024-03-14,0.06401857638605299,BTC-USD vs SPY,90
2024-03-15,0.08987178287348248,BTC-USD vs SPY,90
2024-03-18,0.08556232325691486,BTC-USD vs SPY,90
2024-03-19,0.0647151429888585,BTC-USD vs SPY,90
2024-03-20,0.09300787873445095,BTC-USD vs SPY,90
2024-03-21,0.10218948981846891,BTC-USD vs SPY,90
2024-03-22,0.10299995434511545,BTC-USD vs SPY,90
2024-03-25,0.09159675135995055,BTC-USD vs SPY,90
2024-03-26,0.1259123502853194,BTC-USD vs SPY,90
2024-03-27,0.12084370835177555,BTC-USD vs SPY,90
2024-03-28,0.1197701909359597,BTC-USD vs SPY,90
2024-04-01,0.12453650881876774,BTC-USD vs SPY,90
2024-04-02,0.1494728563719519,BTC-USD vs SPY,90
2024-04-03,0.14199318308012157,BTC-USD vs SPY,90
2024-04-04,0.11158837225039342,BTC-USD vs SPY,90
2024-04-05,0.10346722678650803,BTC-USD vs SPY,90
2024-04-08,0.10016492356320195,BTC-USD vs SPY,90
2024-04-09,0.10031174081393553,BTC-USD vs SPY,90
2024-04-10,0.08931676753263054,BTC-USD vs SPY,90
2024-04-11,0.08577577852129255,BTC-USD vs SPY,90
2024-04-12,0.11167864568089925,BTC-USD vs SPY,90
2024-04-15,0.14914914982790275,BTC-USD vs SPY,90
2024-04-16,0.15313242857901116,BTC-USD vs SPY,90
2024-04-17,0.16307262578754061,BTC-USD vs SPY,90
2024-04-18,0.16279687431693726,BTC-USD vs SPY,90
2024-04-19,0.15831193817866182,BTC-USD vs SPY,90
2024-04-22,0.1783450821452162,BTC-USD vs SPY,90
2024-04-23,0.17066774471463686,BTC-USD vs SPY,90
2024-04-24,0.1577028857864688,BTC-USD vs SPY,90
2024-04-25,0.15756206793626368,BTC-USD vs SPY,90
2024-04-26,0.1425014440745558,BTC-USD vs SPY,90
2024-04-29,0.13813890413815214,BTC-USD vs SPY,90
2024-04-30,0.17595708534391816,BTC-USD vs SPY,90
2024-05-01,0.2068535171060975,BTC-USD vs SPY,90
2024-05-02,0.2102834134795006,BTC-USD vs SPY,90
2024-05-03,0.2350444434631461,BTC-USD vs SPY,90
2024-05-06,0.23094476390340832,BTC-USD vs SPY,90
2024-05-07,0.2302125925474897,BTC-USD vs SPY,90
2024-05-08,0.23051014504210832,BTC-USD vs SPY,90
2024-05-09,0.2329571162475491,BTC-USD vs SPY,90
2024-05-10,0.23632797521522877,BTC-USD vs SPY,90
2024-05-13,0.21891162875522308,BTC-USD vs SPY,90
2024-05-14,0.22103589532091963,BTC-USD vs SPY,90
2024-05-15,0.2475846880419628,BTC-USD vs SPY,90
2024-05-16,0.2208772402195467,BTC-USD vs SPY,90
2024-05-17,0.21850631841267287,BTC-USD vs SPY,90
2024-05-20,0.21190226259804515,BTC-USD vs SPY,90
2024-05-21,0.20964469018282417,BTC-USD vs SPY,90
2024-05-22,0.2167342092124643,BTC-USD vs SPY,90
2024-05-23,0.2257046445609884,BTC-USD vs SPY,90
2024-05-24,0.22324889031347273,BTC-USD vs SPY,90
2024-05-28,0.23991201677054685,BTC-USD vs SPY,90
2024-05-29,0.2448867595255255,BTC-USD vs SPY,90
2024-05-30,0.24766468850201748,BTC-USD vs SPY,90
2024-05-31,0.23897908475227814,BTC-USD vs SPY,90
2024-06-03,0.23878819830393042,BTC-USD vs SPY,90
2024-06-04,0.24093194154853884,BTC-USD vs SPY,90
2024-06-05,0.24561326923171775,BTC-USD vs SPY,90
2024-06-06,0.23987668105697427,BTC-USD vs SPY,90
2024-06-07,0.24075780009201628,BTC-USD vs SPY,90
2024-06-10,0.23758269388237072,BTC-USD vs SPY,90
2024-06-11,0.2334247248855955,BTC-USD vs SPY,90
2024-06-12,0.23840815584689506,BTC-USD vs SPY,90
2024-06-13,0.23676567079336697,BTC-USD vs SPY,90
2024-06-14,0.23649803632721478,BTC-USD vs SPY,90
2024-06-17,0.2264149098858406,BTC-USD vs SPY,90
2024-06-18,0.225087965242388,BTC-USD vs SPY,90
2024-06-20,0.21903595973317885,BTC-USD vs SPY,90
2024-06-21,0.22502055168284976,BTC-USD vs SPY,90
2024-06-24,0.23342689924109083,BTC-USD vs SPY,90
2024-06-25,0.2235413171775584,BTC-USD vs SPY,90
2024-06-26,0.2236356515678808,BTC-USD vs SPY,90
2024-06-27,0.2258602085878431,BTC-USD vs SPY,90
2024-06-28,0.23402988916118858,BTC-USD vs SPY,90
2024-07-01,0.23409187674853188,BTC-USD vs SPY,90
2024-07-02,0.25293310919534734,BTC-USD vs SPY,90
2024-07-03,0.24551206938511438,BTC-USD vs SPY,90
2024-07-05,0.26018674040442624,BTC-USD vs SPY,90
2024-07-08,0.2608698401745881,BTC-USD vs SPY,90
2024-07-09,0.2858838111409494,BTC-USD vs SPY,90
2024-07-10,0.28448960963836517,BTC-USD vs SPY,90
2024-07-11,0.2776008928434074,BTC-USD vs SPY,90
2024-07-12,0.3011279770861672,BTC-USD vs SPY,90
2024-07-15,0.2705065658856986,BTC-USD vs SPY,90
2024-07-16,0.2653979944779398,BTC-USD vs SPY,90
2024-07-17,0.2653064629833838,BTC-USD vs SPY,90
2024-07-18,0.27362014206346474,BTC-USD vs SPY,90
2024-07-19,0.2581013351595844,BTC-USD vs SPY,90
2024-07-22,0.258490463099515,BTC-USD vs SPY,90
2024-07-23,0.2649368760662138,BTC-USD vs SPY,90
2024-07-24,0.2539385360195884,BTC-USD vs SPY,90
2024-07-25,0.2400433689845673,BTC-USD vs SPY,90
2024-07-26,0.2580111779781551,BTC-USD vs SPY,90
2024-07-29,0.2917132672928939,BTC-USD vs SPY,90
2024-07-30,0.26613701664102846,BTC-USD vs SPY,90
2024-07-31,0.24528667646471725,BTC-USD vs SPY,90
2024-08-01,0.2263485404494207,BTC-USD vs SPY,90
2024-08-02,0.2832334221176298,BTC-USD vs SPY,90
2024-08-05,0.35253064242075866,BTC-USD vs SPY,90
2024-08-06,0.36847440711579044,BTC-USD vs SPY,90
2024-08-07,0.3725085163380419,BTC-USD vs SPY,90
2024-08-08,0.4425302376057099,BTC-USD vs SPY,90
2024-08-09,0.4331119231867049,BTC-USD vs SPY,90
2024-08-12,0.4327889273664764,BTC-USD vs SPY,90
2024-08-13,0.4689006520859695,BTC-USD vs SPY,90
2024-08-14,0.4701407813827575,BTC-USD vs SPY,90
2024-08-15,0.45002493109859754,BTC-USD vs SPY,90
2024-08-16,0.4534808073592387,BTC-USD vs SPY,90
2024-08-19,0.47270471852596635,BTC-USD vs SPY,90
2024-08-20,0.47695199449924547,BTC-USD vs SPY,90
2024-08-21,0.4634093951169079,BTC-USD vs SPY,90
2024-08-22,0.4543566247583131,BTC-USD vs SPY,90
2024-08-23,0.4669678121221817,BTC-USD vs SPY,90
2024-08-26,0.4625076525356353,BTC-USD vs SPY,90
2024-08-27,0.4632740817005559,BTC-USD vs SPY,90
2024-08-28,0.46952043170413477,BTC-USD vs SPY,90
2024-08-29,0.46359893875063496,BTC-USD vs SPY,90
2024-08-30,0.466548350409774,BTC-USD vs SPY,90
2024-09-03,0.4738176755073595,BTC-USD vs SPY,90
2024-09-04,0.473697559508661,BTC-USD vs SPY,90
2024-09-05,0.4818330033009999,BTC-USD vs SPY,90
2024-09-06,0.49404655984124946,BTC-USD vs SPY,90
2024-09-09,0.4857379162407683,BTC-USD vs SPY,90
2024-09-10,0.4845236004156309,BTC-USD vs SPY,90
2024-09-11,0.47765276295094267,BTC-USD vs SPY,90
2024-09-12,0.46501312996545424,BTC-USD vs SPY,90
2024-09-13,0.47575761035490044,BTC-USD vs SPY,90
2024-09-16,0.475283972110748,BTC-USD vs SPY,90
2024-09-17,0.470998731474564,BTC-USD vs SPY,90
2024-09-18,0.462161929950162,BTC-USD vs SPY,90
2024-09-19,0.4693224123531665,BTC-USD vs SPY,90
2024-09-20,0.4697966645854965,BTC-USD vs SPY,90
2024-09-23,0.4748539639425864,BTC-USD vs SPY,90
2024-09-24,0.4594676367610711,BTC-USD vs SPY,90
2024-09-25,0.45961195315947756,BTC-USD vs SPY,90
2024-09-26,0.46216495645297806,BTC-USD vs SPY,90
2024-09-27,0.47976202361485726,BTC-USD vs SPY,90
2024-09-30,0.47280352628275185,BTC-USD vs SPY,90
2024-10-01,0.4805831076196468,BTC-USD vs SPY,90
2024-10-02,0.4777050272059646,BTC-USD vs SPY,90
2024-10-03,0.47624004637285106,BTC-USD vs SPY,90
2024-10-04,0.4811993104257527,BTC-USD vs SPY,90
2024-10-07,0.480318933584973,BTC-USD vs SPY,90
2024-10-08,0.48347343380565355,BTC-USD vs SPY,90
2024-10-09,0.4808011015627147,BTC-USD vs SPY,90
2024-10-10,0.48205108752477027,BTC-USD vs SPY,90
2024-10-11,0.48699402930346425,BTC-USD vs SPY,90
2024-10-14,0.49322735676262514,BTC-USD vs SPY,90
2024-10-15,0.48386474897764675,BTC-USD vs SPY,90
2024-10-16,0.48400059466582424,BTC-USD vs SPY,90
2024-10-17,0.4844415220816251,BTC-USD vs SPY,90
2024-10-18,0.49103045052703087,BTC-USD vs SPY,90
2024-10-21,0.489748214867726,BTC-USD vs SPY,90
2024-10-22,0.49260630250485643,BTC-USD vs SPY,90
2024-10-23,0.49439679514866713,BTC-USD vs SPY,90
2024-10-24,0.4971913355100656,BTC-USD vs SPY,90
2024-10-25,0.49982293641040365,BTC-USD vs SPY,90
2024-10-28,0.4999477593087421,BTC-USD vs SPY,90
2024-10-29,0.495102579674988,BTC-USD vs SPY,90
2024-10-30,0.495463199061858,BTC-USD vs SPY,90
2024-10-31,0.5041357530095357,BTC-USD vs SPY,90
2024-11-01,0.5026333310538806,BTC-USD vs SPY,90
2024-11-04,0.5033417101662511,BTC-USD vs SPY,90
2024-11-05,0.505620918398002,BTC-USD vs SPY,90
2024-11-06,0.546020695711344,BTC-USD vs SPY,90
2024-11-07,0.5501580143864394,BTC-USD vs SPY,90
2024-11-08,0.5595973810464965,BTC-USD vs SPY,90
2024-11-11,0.5312590079506957,BTC-USD vs SPY,90
2024-11-12,0.5323952602444662,BTC-USD vs SPY,90
2024-11-13,0.5313524558759849,BTC-USD vs SPY,90
2024-11-14,0.5418863423418314,BTC-USD vs SPY,90
2024-11-15,0.511834232454192,BTC-USD vs SPY,90
2024-11-18,0.5118436010009,BTC-USD vs SPY,90
2024-11-19,0.5185204675764151,BTC-USD vs SPY,90
2024-11-20,0.5184287238443642,BTC-USD vs SPY,90
2024-11-21,0.5175017460219027,BTC-USD vs SPY,90
2024-11-22,0.5176403862550455,BTC-USD vs SPY,90
2024-11-25,0.5203906223440047,BTC-USD vs SPY,90
2024-11-26,0.5245896894605583,BTC-USD vs SPY,90
2024-11-27,0.514188184008765,BTC-USD vs SPY,90
2024-11-29,0.5231249892329355,BTC-USD vs SPY,90
2024-12-02,0.5235689729900114,BTC-USD vs SPY,90
2024-12-03,0.5187602174405338,BTC-USD vs SPY,90
2024-12-04,0.5222350767687927,BTC-USD vs SPY,90
2024-12-05,0.5215421138279464,BTC-USD vs SPY,90
2024-12-06,0.5493067052437607,BTC-USD vs SPY,90
2024-12-09,0.5667077643857384,BTC-USD vs SPY,90
2024-12-10,0.5441085534325678,BTC-USD vs SPY,90
2024-12-11,0.5023940371152906,BTC-USD vs SPY,90
2024-12-12,0.49944601190172644,BTC-USD vs SPY,90
2024-12-13,0.4940078067013172,BTC-USD vs SPY,90
2024-12-16,0.43037799253819137,BTC-USD vs SPY,90
2024-12-17,0.43516933697668564,BTC-USD vs SPY,90
2024-12-18,0.47971377015018357,BTC-USD vs SPY,90
2024-12-19,0.4772136791637113,BTC-USD vs SPY,90
2024-12-20,0.4824565890485672,BTC-USD vs SPY,90
2024-12-23,0.5135070027983153,BTC-USD vs SPY,90
2024-12-24,0.5221533908709465,BTC-USD vs SPY,90
2024-12-26,0.5166074408386626,BTC-USD vs SPY,90
2024-12-27,0.5198232090834272,BTC-USD vs SPY,90
2024-12-30,0.5203627686286849,BTC-USD vs SPY,90
2024-12-31,0.5158630589457964,BTC-USD vs SPY,90
2025-01-02,0.4980837148555348,BTC-USD vs SPY,90
2025-01-03,0.4952779983980403,BTC-USD vs SPY,90
2025-01-06,0.5134171743371558,BTC-USD vs SPY,90
2025-01-07,0.5274344560085857,BTC-USD vs SPY,90
2025-01-08,0.5243539838523574,BTC-USD vs SPY,90
2025-01-10,0.5056693785954224,BTC-USD vs SPY,90
2025-01-13,0.49409927416888516,BTC-USD vs SPY,90
2025-01-14,0.4946022818339352,BTC-USD vs SPY,90
2025-01-15,0.5065541567795685,BTC-USD vs SPY,90
2025-01-16,0.4877931576701477,BTC-USD vs SPY,90
2025-01-17,0.4870242869610232,BTC-USD vs SPY,90
2025-01-21,0.49368957574429684,BTC-USD vs SPY,90
2025-01-22,0.49256179702015307,BTC-USD vs SPY,90
2025-01-23,0.49054525390258386,BTC-USD vs SPY,90
2025-01-24,0.4866782560435446,BTC-USD vs SPY,90
2025-01-27,0.48758808317718666,BTC-USD vs SPY,90
2025-01-28,0.48265821474124887,BTC-USD vs SPY,90
2025-01-29,0.4809228249559452,BTC-USD vs SPY,90
2025-01-30,0.4820025640132526,BTC-USD vs SPY,90
2025-01-31,0.48718693368455535,BTC-USD vs SPY,90
2025-02-03,0.47092899857870096,BTC-USD vs SPY,90
2025-02-04,0.45092265424179373,BTC-USD vs SPY,90
2025-02-05,0.44513283664992936,BTC-USD vs SPY,90
2025-02-06,0.44215346546414386,BTC-USD vs SPY,90
2025-02-07,0.44167428737750103,BTC-USD vs SPY,90
2025-02-10,0.45383385047854924,BTC-USD vs SPY,90
2025-02-11,0.4402286193329849,BTC-USD vs SPY,90
2025-02-12,0.4356736386113816,BTC-USD vs SPY,90
2025-02-13,0.42115038826486034,BTC-USD vs SPY,90
2025-02-14,0.41751662172735365,BTC-USD vs SPY,90
2025-02-18,0.41315378903695116,BTC-USD vs SPY,90
2025-02-19,0.41966902140061685,BTC-USD vs SPY,90
2025-02-20,0.42999667975965705,BTC-USD vs SPY,90
2025-02-21,0.44015222698169243,BTC-USD vs SPY,90
2025-02-24,0.43898433635809403,BTC-USD vs SPY,90
2025-02-25,0.4341350363662602,BTC-USD vs SPY,90
2025-02-26,0.43174894402723873,BTC-USD vs SPY,90
2025-02-27,0.4199487976496713,BTC-USD vs SPY,90
2025-02-28,0.40599158524537443,BTC-USD vs SPY,90
2025-03-03,0.4441121910149665,BTC-USD vs SPY,90
2025-03-04,0.4342988832523928,BTC-USD vs SPY,90
2025-03-05,0.4435402026479046,BTC-USD vs SPY,90
2025-03-06,0.4387479990797911,BTC-USD vs SPY,90
2025-03-07,0.42291092795473684,BTC-USD vs SPY,90
2025-03-10,0.432786483301985,BTC-USD vs SPY,90
2025-03-11,0.4060038164819065,BTC-USD vs SPY,90
2025-03-12,0.40688049016865013,BTC-USD vs SPY,90
2025-03-13,0.4160814109149934,BTC-USD vs SPY,90
2025-03-14,0.4173532351279221,BTC-USD vs SPY,90
2025-03-17,0.42287980290599586,BTC-USD vs SPY,90
2025-03-18,0.42619296413605595,BTC-USD vs SPY,90
2025-03-19,0.4330992119482978,BTC-USD vs SPY,90
2025-03-20,0.38253505610227057,BTC-USD vs SPY,90
2025-03-21,0.38399789773727605,BTC-USD vs SPY,90
2025-03-24,0.38491678862285517,BTC-USD vs SPY,90
2025-03-25,0.4058028572051675,BTC-USD vs SPY,90
2025-03-26,0.4049421118832946,BTC-USD vs SPY,90
2025-03-27,0.4055796975760984,BTC-USD vs SPY,90
2025-03-28,0.4159998269534272,BTC-USD vs SPY,90
2025-03-31,0.44683433176247295,BTC-USD vs SPY,90
2025-04-01,0.44717515754984327,BTC-USD vs SPY,90
2025-04-02,0.4318406639721121,BTC-USD vs SPY,90
2025-04-03,0.36625560243417665,BTC-USD vs SPY,90
2025-04-04,0.29809202347400254,BTC-USD vs SPY,90
2025-04-07,0.29722057260272783,BTC-USD vs SPY,90
2025-04-08,0.32332152683803683,BTC-USD vs SPY,90
2025-04-09,0.43656613312094056,BTC-USD vs SPY,90
2025-04-10,0.4605089191817061,BTC-USD vs SPY,90
2025-04-11,0.4691155614531163,BTC-USD vs SPY,90
2025-04-14,0.47184877519399626,BTC-USD vs SPY,90
2025-04-15,0.47184566504027164,BTC-USD vs SPY,90
2025-04-16,0.4643694901465553,BTC-USD vs SPY,90
2025-04-17,0.4654984580772501,BTC-USD vs SPY,90
2025-04-21,0.44627815850074765,BTC-USD vs SPY,90
2025-04-22,0.4680997282519412,BTC-USD vs SPY,90
2025-04-23,0.4661295504761524,BTC-USD vs SPY,90
2025-04-24,0.46143324250377876,BTC-USD vs SPY,90
2025-04-25,0.4613540371266686,BTC-USD vs SPY,90
2025-04-28,0.4615438800441585,BTC-USD vs SPY,90
2025-04-29,0.4587797284743223,BTC-USD vs SPY,90
2025-04-30,0.45874896461850834,BTC-USD vs SPY,90
2025-05-01,0.4406534976434059,BTC-USD vs SPY,90
2025-05-02,0.4422727688854525,BTC-USD vs SPY,90
2025-05-05,0.44221145181490684,BTC-USD vs SPY,90
2025-05-06,0.4384541002449794,BTC-USD vs SPY,90
2025-05-07,0.4339098337182779,BTC-USD vs SPY,90
2025-05-08,0.43736658570152215,BTC-USD vs SPY,90
2025-05-09,0.43496911954579737,BTC-USD vs SPY,90
2025-05-12,0.412347808937984,BTC-USD vs SPY,90
2025-05-13,0.41367599841053454,BTC-USD vs SPY,90
2025-05-14,0.41594504642252217,BTC-USD vs SPY,90
2025-05-15,0.41452153729477015,BTC-USD vs SPY,90
2025-05-16,0.4130932977016691,BTC-USD vs SPY,90
2025-05-19,0.4084481322532295,BTC-USD vs SPY,90
2025-05-20,0.4096916421151497,BTC-USD vs SPY,90
2025-05-21,0.407127545709258,BTC-USD vs SPY,90
2025-05-22,0.40664633663445765,BTC-USD vs SPY,90
2025-05-23,0.4079017525296553,BTC-USD vs SPY,90
2025-05-27,0.39242354433558974,BTC-USD vs SPY,90
2025-05-28,0.39328235359650543,BTC-USD vs SPY,90
2025-05-29,0.38605043849252874,BTC-USD vs SPY,90
2025-05-30,0.38247432789924457,BTC-USD vs SPY,90
2025-06-02,0.38766802556593194,BTC-USD vs SPY,90
2025-06-03,0.3866779460830754,BTC-USD vs SPY,90
2025-06-04,0.3872708081373017,BTC-USD vs SPY,90
2025-06-05,0.38692145769107394,BTC-USD vs SPY,90
2025-06-06,0.39266053383318056,BTC-USD vs SPY,90
2025-06-09,0.3921369860686634,BTC-USD vs SPY,90
2025-06-10,0.39114252272058814,BTC-USD vs SPY,90
2025-06-11,0.3903317730775987,BTC-USD vs SPY,90
2025-06-12,0.3953593112054895,BTC-USD vs SPY,90
2025-06-13,0.40356874465550535,BTC-USD vs SPY,90
2025-06-16,0.40668196802508194,BTC-USD vs SPY,90
2025-06-17,0.4091955779220766,BTC-USD vs SPY,90
2025-06-18,0.40936698613366646,BTC-USD vs SPY,90
2025-06-20,0.4094705376036869,BTC-USD vs SPY,90
2025-06-23,0.4140436492450231,BTC-USD vs SPY,90
2025-06-24,0.41731913252325287,BTC-USD vs SPY,90
2025-06-25,0.4220118075294265,BTC-USD vs SPY,90
2025-06-26,0.42073911219735094,BTC-USD vs SPY,90
2025-06-27,0.42077492146876017,BTC-USD vs SPY,90
2025-06-30,0.4186685204964013,BTC-USD vs SPY,90
2025-07-01,0.4206862976108913,BTC-USD vs SPY,90
2025-07-02,0.41523394326180857,BTC-USD vs SPY,90
2025-07-03,0.41831387487942634,BTC-USD vs SPY,90
2025-07-07,0.4191241086531823,BTC-USD vs SPY,90
2025-07-08,0.42887796876171236,BTC-USD vs SPY,90
2025-07-09,0.43288052525017945,BTC-USD vs SPY,90
2025-07-10,0.43375162918543847,BTC-USD vs SPY,90
2025-07-11,0.4248380142123013,BTC-USD vs SPY,90
2025-07-14,0.4286829485223215,BTC-USD vs SPY,90
2025-07-15,0.426300085365179,BTC-USD vs SPY,90
2025-07-16,0.42378744226657455,BTC-USD vs SPY,90
2025-07-17,0.43642506051566987,BTC-USD vs SPY,90
2025-07-18,0.42289786022790227,BTC-USD vs SPY,90
2025-07-21,0.4487496045274789,BTC-USD vs SPY,90
2025-07-22,0.4463904648358986,BTC-USD vs SPY,90
2025-07-23,0.43494989072146767,BTC-USD vs SPY,90
2025-07-24,0.4255196151341292,BTC-USD vs SPY,90
2025-07-25,0.42292856821395086,BTC-USD vs SPY,90
2025-07-28,0.41855477131740526,BTC-USD vs SPY,90
2025-07-29,0.4169797361618355,BTC-USD vs SPY,90
2025-07-30,0.41874183957151745,BTC-USD vs SPY,90
2025-07-31,0.4191497353788417,BTC-USD vs SPY,90
2025-08-01,0.423350816590151,BTC-USD vs SPY,90
2025-08-04,0.42360893747321243,BTC-USD vs SPY,90
2025-08-05,0.42299095314128576,BTC-USD vs SPY,90
2025-08-06,0.42348456906382953,BTC-USD vs SPY,90
2025-08-07,0.40733543502314984,BTC-USD vs SPY,90
2025-08-08,0.40491119840394174,BTC-USD vs SPY,90
2025-08-11,0.40814527257404737,BTC-USD vs SPY,90
2025-08-12,0.4210296229314967,BTC-USD vs SPY,90
2025-08-13,0.4478535735081937,BTC-USD vs SPY,90
2025-08-14,0.4893089783643356,BTC-USD vs SPY,90
2025-08-15,0.49172341152733423,BTC-USD vs SPY,90
2025-08-18,0.47971007574052876,BTC-USD vs SPY,90
2025-08-19,0.3160337433475509,BTC-USD vs SPY,90
2025-08-20,0.24854263815591232,BTC-USD vs SPY,90
2025-08-21,0.21889465369204827,BTC-USD vs SPY,90
2025-08-22,0.24111389243515,BTC-USD vs SPY,90
2025-08-25,0.24689611795266583,BTC-USD vs SPY,90
2025-08-26,0.2623508493862743,BTC-USD vs SPY,90
2025-08-27,0.2629292711146412,BTC-USD vs SPY,90
2025-08-28,0.32821146041309174,BTC-USD vs SPY,90
2025-08-29,0.2625761971417469,BTC-USD vs SPY,90
2025-09-02,0.24954611059312934,BTC-USD vs SPY,90
2025-09-03,0.25693594551530546,BTC-USD vs SPY,90
2025-09-04,0.24821212960982234,BTC-USD vs SPY,90
2025-09-05,0.25034987568172123,BTC-USD vs SPY,90
2025-09-08,0.2545648427539127,BTC-USD vs SPY,90
2025-09-09,0.25397449795499044,BTC-USD vs SPY,90
2025-09-10,0.24691089810593306,BTC-USD vs SPY,90
2025-09-11,0.2532792174124641,BTC-USD vs SPY,90
2025-09-12,0.2561102007008817,BTC-USD vs SPY,90
2025-09-15,0.27812917249775765,BTC-USD vs SPY,90
2025-09-16,0.2741063424708424,BTC-USD vs SPY,90
2025-09-17,0.26545182065343337,BTC-USD vs SPY,90
2025-09-18,0.265849966964804,BTC-USD vs SPY,90
2025-09-19,0.3429222323372252,BTC-USD vs SPY,90
2025-09-22,0.32734732419978946,BTC-USD vs SPY,90
2025-09-23,0.32927197381649115,BTC-USD vs SPY,90
2025-09-24,0.32213027851639736,BTC-USD vs SPY,90
2025-09-25,0.33692187685570346,BTC-USD vs SPY,90
2025-09-26,0.3387660634652352,BTC-USD vs SPY,90
2025-09-29,0.3464897240677912,BTC-USD vs SPY,90
2025-09-30,0.41779535342013824,BTC-USD vs SPY,90
2025-10-01,0.4188430177106895,BTC-USD vs SPY,90
2025-10-02,0.3971829411033751,BTC-USD vs SPY,90
2025-10-03,0.43111926917207993,BTC-USD vs SPY,90
2025-10-06,0.42804985305356896,BTC-USD vs SPY,90
2025-10-07,0.44611052129933076,BTC-USD vs SPY,90
2025-10-08,0.4481699941676222,BTC-USD vs SPY,90
2025-10-09,0.45311235945643935,BTC-USD vs SPY,90
2025-10-10,0.5566422251507454,BTC-USD vs SPY,90
2025-10-13,0.5425580271741876,BTC-USD vs SPY,90
2025-10-14,0.5369935782954804,BTC-USD vs SPY,90
2025-10-15,0.5167070955908417,BTC-USD vs SPY,90
2025-10-16,0.5403173421997849,BTC-USD vs SPY,90
2025-10-17,0.5315195691143151,BTC-USD vs SPY,90
2025-10-20,0.5355131382609654,BTC-USD vs SPY,90
2025-10-21,0.5475947075979594,BTC-USD vs SPY,90
2025-10-22,0.5642087175774286,BTC-USD vs SPY,90
2025-10-23,0.5656608549620521,BTC-USD vs SPY,90
2025-10-24,0.559565064766501,BTC-USD vs SPY,90
2025-10-27,0.5484662343961912,BTC-USD vs SPY,90
2025-10-28,0.5431273655262087,BTC-USD vs SPY,90
2025-10-29,0.5275653873207542,BTC-USD vs SPY,90
2025-10-30,0.5317964323520276,BTC-USD vs SPY,90
2025-10-31,0.5349084442006267,BTC-USD vs SPY,90
2025-11-03,0.5274818920542765,BTC-USD vs SPY,90
2025-11-04,0.5522026596359875,BTC-USD vs SPY,90
2025-11-05,0.5567178612743527,BTC-USD vs SPY,90
2025-11-06,0.5655894785940576,BTC-USD vs SPY,90
2025-11-07,0.561119981768353,BTC-USD vs SPY,90
2025-11-10,0.5606449384209055,BTC-USD vs SPY,90
2025-11-11,0.5530951703638893,BTC-USD vs SPY,90
2025-11-12,0.55440521494537,BTC-USD vs SPY,90
2025-11-13,0.5515756713501415,BTC-USD vs SPY,90
2025-11-14,0.54624701709427,BTC-USD vs SPY,90
2025-11-17,0.5613242545480011,BTC-USD vs SPY,90
2025-11-18,0.5456854385478657,BTC-USD vs SPY,90
2025-11-19,0.5388676154348857,BTC-USD vs SPY,90
2025-11-20,0.5650489262012228,BTC-USD vs SPY,90
2025-11-21,0.5485766006021361,BTC-USD vs SPY,90
2025-11-24,0.5561250163552051,BTC-USD vs SPY,90
2025-11-25,0.5479083932954543,BTC-USD vs SPY,90
2025-11-26,0.5583100447823328,BTC-USD vs SPY,90
2025-11-28,0.5635411278635613,BTC-USD vs SPY,90
2025-12-01,0.5659936282683481,BTC-USD vs SPY,90
2021-05-13,0.29137272509213746,ETH-USD vs SPY,90
2021-05-14,0.30483118495430295,ETH-USD vs SPY,90
2021-05-17,0.30332350871036906,ETH-USD vs SPY,90
2021-05-18,0.30025323462487735,ETH-USD vs SPY,90
2021-05-19,0.2874451556568641,ETH-USD vs SPY,90
2021-05-20,0.2913483685923923,ETH-USD vs SPY,90
2021-05-21,0.2894687008782647,ETH-USD vs SPY,90
2021-05-24,0.30550542412521436,ETH-USD vs SPY,90
2021-05-25,0.31277105968023644,ETH-USD vs SPY,90
2021-05-26,0.3070196125910004,ETH-USD vs SPY,90
2021-05-27,0.30053957314049257,ETH-USD vs SPY,90
2021-05-28,0.29838493104845726,ETH-USD vs SPY,90
2021-06-01,0.3118056434489936,ETH-USD vs SPY,90
2021-06-02,0.3231487118101508,ETH-USD vs SPY,90
2021-06-03,0.32315734599129636,ETH-USD vs SPY,90
2021-06-04,0.3117360626816301,ETH-USD vs SPY,90
2021-06-07,0.28481927738435525,ETH-USD vs SPY,90
2021-06-08,0.27979655852742374,ETH-USD vs SPY,90
2021-06-09,0.2997501461876771,ETH-USD vs SPY,90
2021-06-10,0.28936629172814476,ETH-USD vs SPY,90
2021-06-11,0.2710998408539236,ETH-USD vs SPY,90
2021-06-14,0.27512727951081944,ETH-USD vs SPY,90
2021-06-15,0.28931437064766063,ETH-USD vs SPY,90
2021-06-16,0.2940910775179158,ETH-USD vs SPY,90
2021-06-17,0.28706211403108994,ETH-USD vs SPY,90
2021-06-18,0.3008171737041404,ETH-USD vs SPY,90
2021-06-21,0.24644101156338413,ETH-USD vs SPY,90
2021-06-22,0.24512809722704232,ETH-USD vs SPY,90
2021-06-23,0.24080611380323885,ETH-USD vs SPY,90
2021-06-24,0.2412506088768495,ETH-USD vs SPY,90
2021-06-25,0.23532709293174103,ETH-USD vs SPY,90
2021-06-28,0.2412847933251549,ETH-USD vs SPY,90
2021-06-29,0.24133913189669873,ETH-USD vs SPY,90
2021-06-30,0.22996309058797093,ETH-USD vs SPY,90
2021-07-01,0.22545274805004784,ETH-USD vs SPY,90
2021-07-02,0.2238990982368391,ETH-USD vs SPY,90
2021-07-03,0.1890406312159836,ETH-USD vs SPY,90
2021-07-04,0.18495099916488966,ETH-USD vs SPY,90
2021-07-05,0.14625607666075013,ETH-USD vs SPY,90
2021-07-06,0.13274079552041018,ETH-USD vs SPY,90
2021-07-07,0.15287698038089062,ETH-USD vs SPY,90
2021-07-08,0.16490858313895285,ETH-USD vs SPY,90
2021-07-09,0.17369620001969066,ETH-USD vs SPY,90
2021-07-12,0.1807937082050335,ETH-USD vs SPY,90
2021-07-13,0.1828292588996903,ETH-USD vs SPY,90
2021-07-14,0.18843025197855434,ETH-USD vs SPY,90
2021-07-15,0.19028728968049116,ETH-USD vs SPY,90
2021-07-16,0.1932809615734027,ETH-USD vs SPY,90
2021-07-19,0.20635680073086718,ETH-USD vs SPY,90
2021-07-20,0.19717041394298687,ETH-USD vs SPY,90
2021-07-21,0.21081176306915328,ETH-USD vs SPY,90
2021-07-22,0.20710008374159977,ETH-USD vs SPY,90
2021-07-23,0.21755221627198285,ETH-USD vs SPY,90
2021-07-26,0.22877712655704932,ETH-USD vs SPY,90
2021-07-27,0.22357895893679272,ETH-USD vs SPY,90
2021-07-28,0.21733263257912022,ETH-USD vs SPY,90
2021-07-29,0.2194883415597246,ETH-USD vs SPY,90
2021-07-30,0.19781123724468644,ETH-USD vs SPY,90
2021-08-02,0.2004022758585385,ETH-USD vs SPY,90
2021-08-03,0.19325315475372395,ETH-USD vs SPY,90
2021-08-04,0.17681102061239748,ETH-USD vs SPY,90
2021-08-05,0.17710566919300935,ETH-USD vs SPY,90
2021-08-06,0.1776890136536767,ETH-USD vs SPY,90
2021-08-07,0.17401950885316653,ETH-USD vs SPY,90
2021-08-08,0.17614428059716322,ETH-USD vs SPY,90
2021-08-09,0.1696710498263595,ETH-USD vs SPY,90
2021-08-10,0.17214587108979684,ETH-USD vs SPY,90
2021-08-11,0.17207820418477027,ETH-USD vs SPY,90
2021-08-12,0.16691979025893447,ETH-USD vs SPY,90
2021-08-13,0.17383719498005767,ETH-USD vs SPY,90
2021-08-16,0.16646419994484168,ETH-USD vs SPY,90
2021-08-17,0.17583430880220996,ETH-USD vs SPY,90
2021-08-18,0.1695218769097569,ETH-USD vs SPY,90
2021-08-19,0.18722858162000855,ETH-USD vs SPY,90
2021-08-20,0.19062961891606509,ETH-USD vs SPY,90
2021-08-23,0.1988491190313309,ETH-USD vs SPY,90
2021-08-24,0.20443757255408157,ETH-USD vs SPY,90
2021-08-25,0.20394304547524425,ETH-USD vs SPY,90
2021-08-26,0.21135180201768788,ETH-USD vs SPY,90
2021-08-27,0.22100018768168952,ETH-USD vs SPY,90
2021-08-30,0.22115624892327973,ETH-USD vs SPY,90
2021-08-31,0.21874847323167257,ETH-USD vs SPY,90
2021-09-01,0.2159021183807253,ETH-USD vs SPY,90
2021-09-02,0.20915135578630337,ETH-USD vs SPY,90
2021-09-03,0.20999445609470208,ETH-USD vs SPY,90
2021-09-07,0.2229911754890749,ETH-USD vs SPY,90
2021-09-08,0.22347114543395472,ETH-USD vs SPY,90
2021-09-09,0.23037786065353372,ETH-USD vs SPY,90
2021-09-10,0.2583022813977444,ETH-USD vs SPY,90
2021-09-13,0.22694344797435698,ETH-USD vs SPY,90
2021-09-14,0.22918527197488842,ETH-USD vs SPY,90
2021-09-15,0.2088508396866529,ETH-USD vs SPY,90
2021-09-16,0.20340264958047607,ETH-USD vs SPY,90
2021-09-17,0.22615905642330947,ETH-USD vs SPY,90
2021-09-20,0.262461909990962,ETH-USD vs SPY,90
2021-09-21,0.23206762564491526,ETH-USD vs SPY,90
2021-09-22,0.2564032363792483,ETH-USD vs SPY,90
2021-09-23,0.21038126942850088,ETH-USD vs SPY,90
2021-09-24,0.2088479720784468,ETH-USD vs SPY,90
2021-09-27,0.21155885326817092,ETH-USD vs SPY,90
2021-09-28,0.223994556979812,ETH-USD vs SPY,90
2021-09-29,0.23548539982223138,ETH-USD vs SPY,90
2021-09-30,0.20777617370939352,ETH-USD vs SPY,90
2021-10-01,0.23560748101158752,ETH-USD vs SPY,90
2021-10-04,0.24290062258078107,ETH-USD vs SPY,90
2021-10-05,0.27060598196831104,ETH-USD vs SPY,90
2021-10-06,0.27111542044638065,ETH-USD vs SPY,90
2021-10-07,0.269621115851983,ETH-USD vs SPY,90
2021-10-08,0.27293711261232306,ETH-USD vs SPY,90
2021-10-11,0.27121924939122055,ETH-USD vs SPY,90
2021-10-12,0.2757726528457718,ETH-USD vs SPY,90
2021-10-13,0.2769215697479602,ETH-USD vs SPY,90
2021-10-14,0.28924827751532123,ETH-USD vs SPY,90
2021-10-15,0.2818957577354379,ETH-USD vs SPY,90
2021-10-18,0.27919320310623635,ETH-USD vs SPY,90
2021-10-19,0.2612717033971374,ETH-USD vs SPY,90
2021-10-20,0.3566800473937174,ETH-USD vs SPY,90
2021-10-21,0.357095994421889,ETH-USD vs SPY,90
2021-10-22,0.3622027067709712,ETH-USD vs SPY,90
2021-10-25,0.3652315242763126,ETH-USD vs SPY,90
2021-10-26,0.3813609388957474,ETH-USD vs SPY,90
2021-10-27,0.3869406535736169,ETH-USD vs SPY,90
2021-10-28,0.402443106972333,ETH-USD vs SPY,90
2021-10-29,0.4046114661482526,ETH-USD vs SPY,90
2021-11-01,0.4238660604350134,ETH-USD vs SPY,90
2021-11-02,0.42592250199002185,ETH-USD vs SPY,90
2021-11-03,0.4247869907390065,ETH-USD vs SPY,90
2021-11-04,0.42296600423125813,ETH-USD vs SPY,90
2021-11-05,0.4224075029264312,ETH-USD vs SPY,90
2021-11-08,0.42839695110530823,ETH-USD vs SPY,90
2021-11-09,0.43157830369174077,ETH-USD vs SPY,90
2021-11-10,0.42019673597865687,ETH-USD vs SPY,90
2021-11-11,0.4236464498199711,ETH-USD vs SPY,90
2021-11-12,0.42551681307876243,ETH-USD vs SPY,90
2021-11-15,0.4214468935244618,ETH-USD vs SPY,90
2021-11-16,0.40439818015737655,ETH-USD vs SPY,90
2021-11-17,0.39874390554026007,ETH-USD vs SPY,90
2021-11-18,0.3827555031732987,ETH-USD vs SPY,90
2021-11-19,0.36037864439513606,ETH-USD vs SPY,90
2021-11-22,0.38615512852379796,ETH-USD vs SPY,90
2021-11-23,0.3696884467634537,ETH-USD vs SPY,90
2021-11-24,0.3672899545637872,ETH-USD vs SPY,90
2021-11-26,0.41231470767920414,ETH-USD vs SPY,90
2021-11-29,0.41491293269806706,ETH-USD vs SPY,90
2021-11-30,0.3791659271328559,ETH-USD vs SPY,90
2021-12-01,0.37932647375457823,ETH-USD vs SPY,90
2021-12-02,0.35840125783461774,ETH-USD vs SPY,90
2021-12-03,0.3766156832799775,ETH-USD vs SPY,90
2021-12-06,0.3833909992396844,ETH-USD vs SPY,90
2021-12-07,0.3727103102837342,ETH-USD vs SPY,90
2021-12-08,0.393571553658359,ETH-USD vs SPY,90
2021-12-09,0.3996344241189023,ETH-USD vs SPY,90
2021-12-10,0.38122325419399444,ETH-USD vs SPY,90
2021-12-13,0.4035717326042481,ETH-USD vs SPY,90
2021-12-14,0.3983296759467191,ETH-USD vs SPY,90
2021-12-15,0.40951723144569685,ETH-USD vs SPY,90
2021-12-16,0.4107650179404125,ETH-USD vs SPY,90
2021-12-17,0.4112725350846286,ETH-USD vs SPY,90
2021-12-20,0.4110769479949594,ETH-USD vs SPY,90
2021-12-21,0.41386251691007997,ETH-USD vs SPY,90
2021-12-22,0.41330025580029683,ETH-USD vs SPY,90
2021-12-23,0.4111385953546635,ETH-USD vs SPY,90
2021-12-27,0.4066121511499252,ETH-USD vs SPY,90
2021-12-28,0.407717999359395,ETH-USD vs SPY,90
2021-12-29,0.40214510733302394,ETH-USD vs SPY,90
2021-12-30,0.3963423340395161,ETH-USD vs SPY,90
2021-12-31,0.39954785632749584,ETH-USD vs SPY,90
2022-01-03,0.39584107307771516,ETH-USD vs SPY,90
2022-01-04,0.39108171038305045,ETH-USD vs SPY,90
2022-01-05,0.40265544053474367,ETH-USD vs SPY,90
2022-01-06,0.4029290301670643,ETH-USD vs SPY,90
2022-01-07,0.41319143079168225,ETH-USD vs SPY,90
2022-01-10,0.42794942003491016,ETH-USD vs SPY,90
2022-01-11,0.43585497967867626,ETH-USD vs SPY,90
2022-01-12,0.43905956722852646,ETH-USD vs SPY,90
2022-01-13,0.4500309800976143,ETH-USD vs SPY,90
2022-01-14,0.45113037697406533,ETH-USD vs SPY,90
2022-01-18,0.4459860730136462,ETH-USD vs SPY,90
2022-01-19,0.4414547020494062,ETH-USD vs SPY,90
2022-01-20,0.44796635569681714,ETH-USD vs SPY,90
2022-01-21,0.49343039340292827,ETH-USD vs SPY,90
2022-01-24,0.48156376750943974,ETH-USD vs SPY,90
2022-01-25,0.47336180862055255,ETH-USD vs SPY,90
2022-01-26,0.4660070390508426,ETH-USD vs SPY,90
2022-01-27,0.4431821781457207,ETH-USD vs SPY,90
2022-01-28,0.4603184755651291,ETH-USD vs SPY,90
2022-01-31,0.45758365216025826,ETH-USD vs SPY,90
2022-02-01,0.4574163902611456,ETH-USD vs SPY,90
2022-02-02,0.45328972929067857,ETH-USD vs SPY,90
2022-02-03,0.4340557820365057,ETH-USD vs SPY,90
2022-02-04,0.4219353585247019,ETH-USD vs SPY,90
2022-02-07,0.4180195332526139,ETH-USD vs SPY,90
2022-02-08,0.4394382129032348,ETH-USD vs SPY,90
2022-02-09,0.4340126064882749,ETH-USD vs SPY,90
2022-02-10,0.4483846545116877,ETH-USD vs SPY,90
2022-02-11,0.4525795880413813,ETH-USD vs SPY,90
2022-02-14,0.4484384723413335,ETH-USD vs SPY,90
2022-02-15,0.4677372018748933,ETH-USD vs SPY,90
2022-02-16,0.4667890840550656,ETH-USD vs SPY,90
2022-02-17,0.495636081967457,ETH-USD vs SPY,90
2022-02-18,0.49802120492689533,ETH-USD vs SPY,90
2022-02-22,0.4855516043540479,ETH-USD vs SPY,90
2022-02-23,0.4740395979524808,ETH-USD vs SPY,90
2022-02-24,0.4700637800303503,ETH-USD vs SPY,90
2022-02-25,0.4905280210172599,ETH-USD vs SPY,90
2022-02-28,0.46266967188039737,ETH-USD vs SPY,90
2022-03-01,0.4503633489859884,ETH-USD vs SPY,90
2022-03-02,0.4425855748976794,ETH-USD vs SPY,90
2022-03-03,0.4443585970116855,ETH-USD vs SPY,90
2022-03-04,0.44675081894081903,ETH-USD vs SPY,90
2022-03-07,0.44206831575588135,ETH-USD vs SPY,90
2022-03-08,0.43356534007158043,ETH-USD vs SPY,90
2022-03-09,0.44249596868155217,ETH-USD vs SPY,90
2022-03-10,0.44303663562704293,ETH-USD vs SPY,90
2022-03-11,0.4433806419582341,ETH-USD vs SPY,90
2022-03-14,0.43569625211024177,ETH-USD vs SPY,90
2022-03-15,0.4337632134353847,ETH-USD vs SPY,90
2022-03-16,0.45130546681904804,ETH-USD vs SPY,90
2022-03-17,0.45381216145348013,ETH-USD vs SPY,90
2022-03-18,0.4591378942094934,ETH-USD vs SPY,90
2022-03-21,0.458597749249317,ETH-USD vs SPY,90
2022-03-22,0.461003201453224,ETH-USD vs SPY,90
2022-03-23,0.45177512955769616,ETH-USD vs SPY,90
2022-03-24,0.4574281181868084,ETH-USD vs SPY,90
2022-03-25,0.45736978879305806,ETH-USD vs SPY,90
2022-03-28,0.47131184849084135,ETH-USD vs SPY,90
2022-03-29,0.47531121302449425,ETH-USD vs SPY,90
2022-03-30,0.48536205578476244,ETH-USD vs SPY,90
2022-03-31,0.4987539342668827,ETH-USD vs SPY,90
2022-04-01,0.4981879004787109,ETH-USD vs SPY,90
2022-04-04,0.5008821457518501,ETH-USD vs SPY,90
2022-04-05,0.5054582325332733,ETH-USD vs SPY,90
2022-04-06,0.48853440035023726,ETH-USD vs SPY,90
2022-04-07,0.4850904428098052,ETH-USD vs SPY,90
2022-04-08,0.5118209255914203,ETH-USD vs SPY,90
2022-04-11,0.5235448791595833,ETH-USD vs SPY,90
2022-04-12,0.5301149398980468,ETH-USD vs SPY,90
2022-04-13,0.5302428992549165,ETH-USD vs SPY,90
2022-04-14,0.5286220436956576,ETH-USD vs SPY,90
2022-04-18,0.5405958403805516,ETH-USD vs SPY,90
2022-04-19,0.5403372689736837,ETH-USD vs SPY,90
2022-04-20,0.5401251902977785,ETH-USD vs SPY,90
2022-04-21,0.5593725193481071,ETH-USD vs SPY,90
2022-04-22,0.5484583647580528,ETH-USD vs SPY,90
2022-04-25,0.5543896970539411,ETH-USD vs SPY,90
2022-04-26,0.5634268234885874,ETH-USD vs SPY,90
2022-04-27,0.5632255254107639,ETH-USD vs SPY,90
2022-04-28,0.5581790530694697,ETH-USD vs SPY,90
2022-04-29,0.5638320480526242,ETH-USD vs SPY,90
2022-05-02,0.5634931376342189,ETH-USD vs SPY,90
2022-05-03,0.5630283087522945,ETH-USD vs SPY,90
2022-05-04,0.5738063701146559,ETH-USD vs SPY,90
2022-05-05,0.5931601541154363,ETH-USD vs SPY,90
2022-05-06,0.6007729014728342,ETH-USD vs SPY,90
2022-05-09,0.6288424419562606,ETH-USD vs SPY,90
2022-05-10,0.6288306431361198,ETH-USD vs SPY,90
2022-05-11,0.630731884594817,ETH-USD vs SPY,90
2022-05-12,0.6275342279449937,ETH-USD vs SPY,90
2022-05-13,0.6283080975439014,ETH-USD vs SPY,90
2022-05-16,0.6188696608012783,ETH-USD vs SPY,90
2022-05-17,0.6242836845312822,ETH-USD vs SPY,90
2022-05-18,0.6445842445311467,ETH-USD vs SPY,90
2022-05-19,0.6356825669908859,ETH-USD vs SPY,90
2022-05-20,0.6307874623031832,ETH-USD vs SPY,90
2022-05-23,0.613642005744847,ETH-USD vs SPY,90
2022-05-24,0.6099249114048957,ETH-USD vs SPY,90
2022-05-25,0.6058322697938014,ETH-USD vs SPY,90
2022-05-26,0.5688607899899735,ETH-USD vs SPY,90
2022-05-27,0.5448781584681919,ETH-USD vs SPY,90
2022-05-31,0.5441666390606065,ETH-USD vs SPY,90
2022-06-01,0.5368575381322104,ETH-USD vs SPY,90
2022-06-02,0.540686702894706,ETH-USD vs SPY,90
2022-06-03,0.5472277688088362,ETH-USD vs SPY,90
2022-06-06,0.5474828030978279,ETH-USD vs SPY,90
2022-06-07,0.5418838405429393,ETH-USD vs SPY,90
2022-06-08,0.5325786312101305,ETH-USD vs SPY,90
2022-06-09,0.5213704875510156,ETH-USD vs SPY,90
2022-06-10,0.5323908863852366,ETH-USD vs SPY,90
2022-06-13,0.5735998787938813,ETH-USD vs SPY,90
2022-06-14,0.5823930874674677,ETH-USD vs SPY,90
2022-06-15,0.5953009438155692,ETH-USD vs SPY,90
2022-06-16,0.6179968241285413,ETH-USD vs SPY,90
2022-06-17,0.6180371619991931,ETH-USD vs SPY,90
2022-06-21,0.6072304066422821,ETH-USD vs SPY,90
2022-06-22,0.5983178225639091,ETH-USD vs SPY,90
2022-06-23,0.5949434775318341,ETH-USD vs SPY,90
2022-06-24,0.6102933355438974,ETH-USD vs SPY,90
2022-06-27,0.6043037709377235,ETH-USD vs SPY,90
2022-06-28,0.6071946239113994,ETH-USD vs SPY,90
2022-06-29,0.5989758524096503,ETH-USD vs SPY,90
2022-06-30,0.5992101260944593,ETH-USD vs SPY,90
2022-07-01,0.6046616433929457,ETH-USD vs SPY,90
2022-07-05,0.6047880119946967,ETH-USD vs SPY,90
2022-07-06,0.6034326175626875,ETH-USD vs SPY,90
2022-07-07,0.5986047789346499,ETH-USD vs SPY,90
2022-07-08,0.6255388539526139,ETH-USD vs SPY,90
2022-07-11,0.6372349500083796,ETH-USD vs SPY,90
2022-07-12,0.6426754454098556,ETH-USD vs SPY,90
2022-07-13,0.626108116056795,ETH-USD vs SPY,90
2022-07-14,0.6164046861001828,ETH-USD vs SPY,90
2022-07-15,0.6252402283206439,ETH-USD vs SPY,90
2022-07-18,0.5625192936720403,ETH-USD vs SPY,90
2022-07-19,0.536229740338749,ETH-USD vs SPY,90
2022-07-20,0.5347630503572716,ETH-USD vs SPY,90
2022-07-21,0.5373167299151318,ETH-USD vs SPY,90
2022-07-22,0.5434519530976863,ETH-USD vs SPY,90
2022-07-25,0.5322486937985939,ETH-USD vs SPY,90
2022-07-26,0.5182644067700393,ETH-USD vs SPY,90
2022-07-27,0.5369761358434854,ETH-USD vs SPY,90
2022-07-28,0.5394611328700661,ETH-USD vs SPY,90
2022-07-29,0.5379176338397945,ETH-USD vs SPY,90
2022-08-01,0.5354503620242784,ETH-USD vs SPY,90
2022-08-02,0.5416331686332999,ETH-USD vs SPY,90
2022-08-03,0.5360238984055875,ETH-USD vs SPY,90
2022-08-04,0.5359259462469138,ETH-USD vs SPY,90
2022-08-05,0.5259390836552013,ETH-USD vs SPY,90
2022-08-08,0.520790756648732,ETH-USD vs SPY,90
2022-08-09,0.52128675553787,ETH-USD vs SPY,90
2022-08-10,0.5318584158847266,ETH-USD vs SPY,90
2022-08-11,0.5326250649707485,ETH-USD vs SPY,90
2022-08-12,0.5375712707632332,ETH-USD vs SPY,90
2022-08-15,0.5350464435552432,ETH-USD vs SPY,90
2022-08-16,0.5322034645144749,ETH-USD vs SPY,90
2022-08-17,0.5320666038798255,ETH-USD vs SPY,90
2022-08-18,0.5322684077248826,ETH-USD vs SPY,90
2022-08-19,0.5296171853803754,ETH-USD vs SPY,90
2022-08-22,0.5234578645816585,ETH-USD vs SPY,90
2022-08-23,0.5193098350254014,ETH-USD vs SPY,90
2022-08-24,0.5178887366147277,ETH-USD vs SPY,90
2022-08-25,0.5206356082673572,ETH-USD vs SPY,90
2022-08-26,0.538661946247594,ETH-USD vs SPY,90
2022-08-29,0.5235529694140756,ETH-USD vs SPY,90
2022-08-30,0.522538269787363,ETH-USD vs SPY,90
2022-08-31,0.5266638269262397,ETH-USD vs SPY,90
2022-09-01,0.5259390876461462,ETH-USD vs SPY,90
2022-09-02,0.5169322877451219,ETH-USD vs SPY,90
2022-09-06,0.516961040797375,ETH-USD vs SPY,90
2022-09-07,0.5230827656543985,ETH-USD vs SPY,90
2022-09-08,0.5242986703796599,ETH-USD vs SPY,90
2022-09-09,0.5289705708329647,ETH-USD vs SPY,90
2022-09-12,0.5258843121385495,ETH-USD vs SPY,90
2022-09-13,0.5298043626108035,ETH-USD vs SPY,90
2022-09-14,0.5223743428104359,ETH-USD vs SPY,90
2022-09-15,0.5254683290867025,ETH-USD vs SPY,90
2022-09-16,0.5058237771953897,ETH-USD vs SPY,90
2022-09-19,0.5086508616447581,ETH-USD vs SPY,90
2022-09-20,0.5023988747659603,ETH-USD vs SPY,90
2022-09-21,0.5100417332743287,ETH-USD vs SPY,90
2022-09-22,0.49596807430230616,ETH-USD vs SPY,90
2022-09-23,0.4920123832904203,ETH-USD vs SPY,90
2022-09-26,0.4816008221401353,ETH-USD vs SPY,90
2022-09-27,0.4626605927310804,ETH-USD vs SPY,90
2022-09-28,0.4684930819018987,ETH-USD vs SPY,90
2022-09-29,0.4637593540391435,ETH-USD vs SPY,90
2022-09-30,0.4751167201140605,ETH-USD vs SPY,90
2022-10-03,0.4809212268171521,ETH-USD vs SPY,90
2022-10-04,0.4848658280993017,ETH-USD vs SPY,90
2022-10-05,0.5151679989470477,ETH-USD vs SPY,90
2022-10-06,0.5359085106387463,ETH-USD vs SPY,90
2022-10-07,0.5311618924863003,ETH-USD vs SPY,90
2022-10-10,0.5309665968070775,ETH-USD vs SPY,90
2022-10-11,0.5337626145271152,ETH-USD vs SPY,90
2022-10-12,0.530766944334034,ETH-USD vs SPY,90
2022-10-13,0.5186677128244316,ETH-USD vs SPY,90
2022-10-14,0.5163977016434796,ETH-USD vs SPY,90
2022-10-17,0.5142091939685283,ETH-USD vs SPY,90
2022-10-18,0.5148906744428118,ETH-USD vs SPY,90
2022-10-19,0.5035173444620643,ETH-USD vs SPY,90
2022-10-20,0.4599267099161842,ETH-USD vs SPY,90
2022-10-21,0.4571646609553323,ETH-USD vs SPY,90
2022-10-24,0.45077506843827725,ETH-USD vs SPY,90
2022-10-25,0.4221927695376208,ETH-USD vs SPY,90
2022-10-26,0.40937089180053443,ETH-USD vs SPY,90
2022-10-27,0.42017670287473474,ETH-USD vs SPY,90
2022-10-28,0.4241098193015286,ETH-USD vs SPY,90
2022-10-31,0.42088871184414717,ETH-USD vs SPY,90
2022-11-01,0.40259034799435545,ETH-USD vs SPY,90
2022-11-02,0.41046369871800314,ETH-USD vs SPY,90
2022-11-03,0.401078847275987,ETH-USD vs SPY,90
2022-11-04,0.41147368455405825,ETH-USD vs SPY,90
2022-11-07,0.406869622577129,ETH-USD vs SPY,90
2022-11-08,0.37725068651427296,ETH-USD vs SPY,90
2022-11-09,0.40196981831712436,ETH-USD vs SPY,90
2022-11-10,0.472663896134791,ETH-USD vs SPY,90
2022-11-11,0.4666538894372803,ETH-USD vs SPY,90
2022-11-14,0.4641885448359431,ETH-USD vs SPY,90
2022-11-15,0.45925982592887177,ETH-USD vs SPY,90
2022-11-16,0.45826435284994976,ETH-USD vs SPY,90
2022-11-17,0.46783898951926245,ETH-USD vs SPY,90
2022-11-18,0.47386037152602595,ETH-USD vs SPY,90
2022-11-21,0.4719100158489517,ETH-USD vs SPY,90
2022-11-22,0.528147611212162,ETH-USD vs SPY,90
2022-11-23,0.5483432663073464,ETH-USD vs SPY,90
2022-11-25,0.5504141470756461,ETH-USD vs SPY,90
2022-11-28,0.5492872258929322,ETH-USD vs SPY,90
2022-11-29,0.5448398593733633,ETH-USD vs SPY,90
2022-11-30,0.5677247957422644,ETH-USD vs SPY,90
2022-12-01,0.5705608159091436,ETH-USD vs SPY,90
2022-12-02,0.5524893506873468,ETH-USD vs SPY,90
2022-12-05,0.5482999494327663,ETH-USD vs SPY,90
2022-12-06,0.547571254824477,ETH-USD vs SPY,90
2022-12-07,0.5469643811363909,ETH-USD vs SPY,90
2022-12-08,0.5492848863145167,ETH-USD vs SPY,90
2022-12-09,0.5554637199159711,ETH-USD vs SPY,90
2022-12-12,0.5542860708673853,ETH-USD vs SPY,90
2022-12-13,0.5656922170498038,ETH-USD vs SPY,90
2022-12-14,0.5693116884247778,ETH-USD vs SPY,90
2022-12-15,0.5719108952500759,ETH-USD vs SPY,90
2022-12-16,0.566978666463693,ETH-USD vs SPY,90
2022-12-19,0.5674323006293948,ETH-USD vs SPY,90
2022-12-20,0.561725635679022,ETH-USD vs SPY,90
2022-12-21,0.5601191849103284,ETH-USD vs SPY,90
2022-12-22,0.5578418015386926,ETH-USD vs SPY,90
2022-12-23,0.5567478896072512,ETH-USD vs SPY,90
2022-12-27,0.5567747539255476,ETH-USD vs SPY,90
2022-12-28,0.5584788992308267,ETH-USD vs SPY,90
2022-12-29,0.563061546397997,ETH-USD vs SPY,90
2022-12-30,0.5644730262216677,ETH-USD vs SPY,90
2023-01-03,0.564792984918858,ETH-USD vs SPY,90
2023-01-04,0.5649562246603843,ETH-USD vs SPY,90
2023-01-05,0.5389807401097095,ETH-USD vs SPY,90
2023-01-06,0.5577078018410311,ETH-USD vs SPY,90
2023-01-09,0.5553607411965388,ETH-USD vs SPY,90
2023-01-10,0.5595444468415849,ETH-USD vs SPY,90
2023-01-11,0.5628445294559217,ETH-USD vs SPY,90
2023-01-12,0.5634866513109711,ETH-USD vs SPY,90
2023-01-13,0.5638210127727217,ETH-USD vs SPY,90
2023-01-17,0.5583959586629454,ETH-USD vs SPY,90
2023-01-18,0.5625233499265918,ETH-USD vs SPY,90
2023-01-19,0.5521297609704786,ETH-USD vs SPY,90
2023-01-20,0.5694522366348569,ETH-USD vs SPY,90
2023-01-23,0.5426809921880296,ETH-USD vs SPY,90
2023-01-24,0.5406427177777412,ETH-USD vs SPY,90
2023-01-25,0.5368952698562535,ETH-USD vs SPY,90
2023-01-26,0.5307610023424552,ETH-USD vs SPY,90
2023-01-27,0.5289100697222953,ETH-USD vs SPY,90
2023-01-30,0.5301518203052235,ETH-USD vs SPY,90
2023-01-31,0.520357978688178,ETH-USD vs SPY,90
2023-02-01,0.5402535875676507,ETH-USD vs SPY,90
2023-02-02,0.5407649342394889,ETH-USD vs SPY,90
2023-02-03,0.5458127609320554,ETH-USD vs SPY,90
2023-02-06,0.5461595621327133,ETH-USD vs SPY,90
2023-02-07,0.5528626313521194,ETH-USD vs SPY,90
2023-02-08,0.5592937834966986,ETH-USD vs SPY,90
2023-02-09,0.5641704623291464,ETH-USD vs SPY,90
2023-02-10,0.5584878636668444,ETH-USD vs SPY,90
2023-02-13,0.5552139828365473,ETH-USD vs SPY,90
2023-02-14,0.5523471191713805,ETH-USD vs SPY,90
2023-02-15,0.5474963236098673,ETH-USD vs SPY,90
2023-02-16,0.5539078657045563,ETH-USD vs SPY,90
2023-02-17,0.5478241429603727,ETH-USD vs SPY,90
2023-02-21,0.5502238297034561,ETH-USD vs SPY,90
2023-02-22,0.5516644192894113,ETH-USD vs SPY,90
2023-02-23,0.5665572889531003,ETH-USD vs SPY,90
2023-02-24,0.5815598189893963,ETH-USD vs SPY,90
2023-02-27,0.5849509516989764,ETH-USD vs SPY,90
2023-02-28,0.592359885635637,ETH-USD vs SPY,90
2023-03-01,0.5850525688754097,ETH-USD vs SPY,90
2023-03-02,0.5826492979617636,ETH-USD vs SPY,90
2023-03-03,0.5647818624827954,ETH-USD vs SPY,90
2023-03-06,0.5716977917773238,ETH-USD vs SPY,90
2023-03-07,0.5585245882752786,ETH-USD vs SPY,90
2023-03-08,0.579683633882057,ETH-USD vs SPY,90
2023-03-09,0.5884483057747883,ETH-USD vs SPY,90
2023-03-10,0.5860871727736733,ETH-USD vs SPY,90
2023-03-13,0.5776875018476719,ETH-USD vs SPY,90
2023-03-14,0.5777297905491854,ETH-USD vs SPY,90
2023-03-15,0.5746189145739582,ETH-USD vs SPY,90
2023-03-16,0.5774157161489089,ETH-USD vs SPY,90
2023-03-17,0.5337580562472266,ETH-USD vs SPY,90
2023-03-20,0.5279473293061456,ETH-USD vs SPY,90
2023-03-21,0.5892399238638951,ETH-USD vs SPY,90
2023-03-22,0.5902908340017609,ETH-USD vs SPY,90
2023-03-23,0.4609594032697344,ETH-USD vs SPY,90
2023-03-24,0.45356842235824063,ETH-USD vs SPY,90
2023-03-27,0.45434324668941417,ETH-USD vs SPY,90
2023-03-28,0.4490406800784372,ETH-USD vs SPY,90
2023-03-29,0.4442851673597395,ETH-USD vs SPY,90
2023-03-30,0.44307776842463414,ETH-USD vs SPY,90
2023-03-31,0.4450751185720987,ETH-USD vs SPY,90
2023-04-03,0.4442403839191138,ETH-USD vs SPY,90
2023-04-04,0.4297748290602861,ETH-USD vs SPY,90
2023-04-05,0.42414771281606933,ETH-USD vs SPY,90
2023-04-06,0.42005907012486904,ETH-USD vs SPY,90
2023-04-10,0.4124825844605573,ETH-USD vs SPY,90
2023-04-11,0.4186001914207341,ETH-USD vs SPY,90
2023-04-12,0.37849361087667605,ETH-USD vs SPY,90
2023-04-13,0.3917488306530558,ETH-USD vs SPY,90
2023-04-14,0.38502584188506217,ETH-USD vs SPY,90
2023-04-17,0.37581250113139625,ETH-USD vs SPY,90
2023-04-18,0.38313869903049746,ETH-USD vs SPY,90
2023-04-19,0.3704405180517051,ETH-USD vs SPY,90
2023-04-20,0.36417256495831113,ETH-USD vs SPY,90
2023-04-21,0.35604485422504795,ETH-USD vs SPY,90
2023-04-24,0.35578226911505245,ETH-USD vs SPY,90
2023-04-25,0.3391438872983385,ETH-USD vs SPY,90
2023-04-26,0.3374011017467961,ETH-USD vs SPY,90
2023-04-27,0.32829222750115444,ETH-USD vs SPY,90
2023-04-28,0.29086926219877896,ETH-USD vs SPY,90
2023-05-01,0.2879969222549928,ETH-USD vs SPY,90
2023-05-02,0.2789310585717789,ETH-USD vs SPY,90
2023-05-03,0.27921861502032247,ETH-USD vs SPY,90
2023-05-04,0.28641259393193386,ETH-USD vs SPY,90
2023-05-05,0.3136292931207374,ETH-USD vs SPY,90
2023-05-08,0.31154243099503437,ETH-USD vs SPY,90
2023-05-09,0.30533981868080823,ETH-USD vs SPY,90
2023-05-10,0.3057555104668983,ETH-USD vs SPY,90
2023-05-11,0.30662080382350915,ETH-USD vs SPY,90
2023-05-12,0.30616300678775826,ETH-USD vs SPY,90
2023-05-15,0.3012177509759995,ETH-USD vs SPY,90
2023-05-16,0.2991906885133332,ETH-USD vs SPY,90
2023-05-17,0.2944135269706776,ETH-USD vs SPY,90
2023-05-18,0.2900438491499999,ETH-USD vs SPY,90
2023-05-19,0.2883867179496242,ETH-USD vs SPY,90
2023-05-22,0.2755844353856523,ETH-USD vs SPY,90
2023-05-23,0.2630722732877286,ETH-USD vs SPY,90
2023-05-24,0.267776317517149,ETH-USD vs SPY,90
2023-05-25,0.26659029385382327,ETH-USD vs SPY,90
2023-05-26,0.2524392464785972,ETH-USD vs SPY,90
2023-05-30,0.2621889860085412,ETH-USD vs SPY,90
2023-05-31,0.2286262633650433,ETH-USD vs SPY,90
2023-06-01,0.2272338903161321,ETH-USD vs SPY,90
2023-06-02,0.23644042906021667,ETH-USD vs SPY,90
2023-06-05,0.24052999241522238,ETH-USD vs SPY,90
2023-06-06,0.24477197625352348,ETH-USD vs SPY,90
2023-06-07,0.24832104240945765,ETH-USD vs SPY,90
2023-06-08,0.2288039979120563,ETH-USD vs SPY,90
2023-06-09,0.22559870206505414,ETH-USD vs SPY,90
2023-06-12,0.21066125744209663,ETH-USD vs SPY,90
2023-06-13,0.21297577435152668,ETH-USD vs SPY,90
2023-06-14,0.21615937214251793,ETH-USD vs SPY,90
2023-06-15,0.2164840720330781,ETH-USD vs SPY,90
2023-06-16,0.18983145085156072,ETH-USD vs SPY,90
2023-06-20,0.17610806331471235,ETH-USD vs SPY,90
2023-06-21,0.13830852613778705,ETH-USD vs SPY,90
2023-06-22,0.13870661553652483,ETH-USD vs SPY,90
2023-06-23,0.14064235501688624,ETH-USD vs SPY,90
2023-06-26,0.14685151247897665,ETH-USD vs SPY,90
2023-06-27,0.14926252915090274,ETH-USD vs SPY,90
2023-06-28,0.13666589578693064,ETH-USD vs SPY,90
2023-06-29,0.14395238343266004,ETH-USD vs SPY,90
2023-06-30,0.1412320734568924,ETH-USD vs SPY,90
2023-07-03,0.1399723958403487,ETH-USD vs SPY,90
2023-07-05,0.14126809547454663,ETH-USD vs SPY,90
2023-07-06,0.1407411727818276,ETH-USD vs SPY,90
2023-07-07,0.1395012765864248,ETH-USD vs SPY,90
2023-07-10,0.13607133051803547,ETH-USD vs SPY,90
2023-07-11,0.1452636430988758,ETH-USD vs SPY,90
2023-07-12,0.14767379393945657,ETH-USD vs SPY,90
2023-07-13,0.20358339359720395,ETH-USD vs SPY,90
2023-07-14,0.20473923129768673,ETH-USD vs SPY,90
2023-07-17,0.20410395996115288,ETH-USD vs SPY,90
2023-07-18,0.20135768662137574,ETH-USD vs SPY,90
2023-07-19,0.14855589248003978,ETH-USD vs SPY,90
2023-07-20,0.1424418164637632,ETH-USD vs SPY,90
2023-07-21,0.15572390486472032,ETH-USD vs SPY,90
2023-07-24,0.1446962648901843,ETH-USD vs SPY,90
2023-07-25,0.13274064194800142,ETH-USD vs SPY,90
2023-07-26,0.125300179220122,ETH-USD vs SPY,90
2023-07-27,0.20398235179795482,ETH-USD vs SPY,90
2023-07-28,0.22112767429610378,ETH-USD vs SPY,90
2023-07-31,0.19963471304941235,ETH-USD vs SPY,90
2023-08-01,0.15924949153108459,ETH-USD vs SPY,90
2023-08-02,0.17401187252955982,ETH-USD vs SPY,90
2023-08-03,0.18988852500995584,ETH-USD vs SPY,90
2023-08-04,0.1945942125622102,ETH-USD vs SPY,90
2023-08-07,0.20177271950983622,ETH-USD vs SPY,90
2023-08-08,0.19160581239493418,ETH-USD vs SPY,90
2023-08-09,0.19264214336308333,ETH-USD vs SPY,90
2023-08-10,0.1849003488105738,ETH-USD vs SPY,90
2023-08-11,0.18413412046841834,ETH-USD vs SPY,90
2023-08-14,0.20070596934099197,ETH-USD vs SPY,90
2023-08-15,0.2112647255005186,ETH-USD vs SPY,90
2023-08-16,0.22151287248208515,ETH-USD vs SPY,90
2023-08-17,0.24794428966794355,ETH-USD vs SPY,90
2023-08-18,0.2476914286668515,ETH-USD vs SPY,90
2023-08-21,0.24827058889989168,ETH-USD vs SPY,90
2023-08-22,0.2202152297942398,ETH-USD vs SPY,90
2023-08-23,0.24971202756148653,ETH-USD vs SPY,90
2023-08-24,0.258405340807692,ETH-USD vs SPY,90
2023-08-25,0.2565519128134698,ETH-USD vs SPY,90
2023-08-28,0.2675747293589391,ETH-USD vs SPY,90
2023-08-29,0.3007778438005194,ETH-USD vs SPY,90
2023-08-30,0.3038663495218499,ETH-USD vs SPY,90
2023-08-31,0.305734170456038,ETH-USD vs SPY,90
2023-09-01,0.32988259543057374,ETH-USD vs SPY,90
2023-09-05,0.328922734255418,ETH-USD vs SPY,90
2023-09-06,0.310896072296695,ETH-USD vs SPY,90
2023-09-07,0.31484717147308006,ETH-USD vs SPY,90
2023-09-08,0.31324100089429663,ETH-USD vs SPY,90
2023-09-11,0.31578864500909604,ETH-USD vs SPY,90
2023-09-12,0.3137497955446092,ETH-USD vs SPY,90
2023-09-13,0.30827711717646517,ETH-USD vs SPY,90
2023-09-14,0.25344782383136144,ETH-USD vs SPY,90
2023-09-15,0.2323837988103555,ETH-USD vs SPY,90
2023-09-18,0.2327365420903084,ETH-USD vs SPY,90
2023-09-19,0.23270036782306433,ETH-USD vs SPY,90
2023-09-20,0.23602993269906797,ETH-USD vs SPY,90
2023-09-21,0.25705089494584576,ETH-USD vs SPY,90
2023-09-22,0.2537510296509966,ETH-USD vs SPY,90
2023-09-25,0.2587152487650227,ETH-USD vs SPY,90
2023-09-26,0.25208773916753,ETH-USD vs SPY,90
2023-09-27,0.262387786776078,ETH-USD vs SPY,90
2023-09-28,0.27262974965002135,ETH-USD vs SPY,90
2023-09-29,0.27046087835997074,ETH-USD vs SPY,90
2023-10-02,0.290158260349602,ETH-USD vs SPY,90
2023-10-03,0.27591334802230055,ETH-USD vs SPY,90
2023-10-04,0.2715382663810942,ETH-USD vs SPY,90
2023-10-05,0.2644670633485403,ETH-USD vs SPY,90
2023-10-06,0.27737630012110387,ETH-USD vs SPY,90
2023-10-09,0.2555599961296278,ETH-USD vs SPY,90
2023-10-10,0.25840516071724423,ETH-USD vs SPY,90
2023-10-11,0.23962171369089452,ETH-USD vs SPY,90
2023-10-12,0.2436677358037904,ETH-USD vs SPY,90
2023-10-13,0.23790389837531742,ETH-USD vs SPY,90
2023-10-16,0.24946898380762972,ETH-USD vs SPY,90
2023-10-17,0.24615284239890836,ETH-USD vs SPY,90
2023-10-18,0.24141455303446474,ETH-USD vs SPY,90
2023-10-19,0.2428302365688074,ETH-USD vs SPY,90
2023-10-20,0.2177217118426921,ETH-USD vs SPY,90
2023-10-23,0.2149628414190007,ETH-USD vs SPY,90
2023-10-24,0.21535227981943794,ETH-USD vs SPY,90
2023-10-25,0.2276345716945789,ETH-USD vs SPY,90
2023-10-26,0.23053366858556285,ETH-USD vs SPY,90
2023-10-27,0.2614075056543414,ETH-USD vs SPY,90
2023-10-30,0.2681085782016175,ETH-USD vs SPY,90
2023-10-31,0.2763941870286429,ETH-USD vs SPY,90
2023-11-01,0.282316590036908,ETH-USD vs SPY,90
2023-11-02,0.2275754172281053,ETH-USD vs SPY,90
2023-11-03,0.24098098709847013,ETH-USD vs SPY,90
2023-11-06,0.2387572607214851,ETH-USD vs SPY,90
2023-11-07,0.20757613485189347,ETH-USD vs SPY,90
2023-11-08,0.2070820956530941,ETH-USD vs SPY,90
2023-11-09,0.11433149601417177,ETH-USD vs SPY,90
2023-11-10,0.07767511615869763,ETH-USD vs SPY,90
2023-11-13,0.0793775154032655,ETH-USD vs SPY,90
2023-11-14,0.03311746416868443,ETH-USD vs SPY,90
2023-11-15,0.03756723525840983,ETH-USD vs SPY,90
2023-11-16,0.03585369879239306,ETH-USD vs SPY,90
2023-11-17,0.004374690964797804,ETH-USD vs SPY,90
2023-11-20,0.005541620345694436,ETH-USD vs SPY,90
2023-11-21,0.012310464801283517,ETH-USD vs SPY,90
2023-11-22,0.02912168102327568,ETH-USD vs SPY,90
2023-11-24,0.030021811487163996,ETH-USD vs SPY,90
2023-11-27,0.03231878670250172,ETH-USD vs SPY,90
2023-11-28,0.032805864757259745,ETH-USD vs SPY,90
2023-11-29,0.03864009042670222,ETH-USD vs SPY,90
2023-11-30,0.04038979395113138,ETH-USD vs SPY,90
2023-12-01,0.045751441567681586,ETH-USD vs SPY,90
2023-12-04,0.036335995266694704,ETH-USD vs SPY,90
2023-12-05,0.03286031809314763,ETH-USD vs SPY,90
2023-12-06,0.03917889847100409,ETH-USD vs SPY,90
2023-12-07,0.06192668535613776,ETH-USD vs SPY,90
2023-12-08,0.04769537963425057,ETH-USD vs SPY,90
2023-12-11,0.03512242568860654,ETH-USD vs SPY,90
2023-12-12,0.031607794990951316,ETH-USD vs SPY,90
2023-12-13,0.04958017722278543,ETH-USD vs SPY,90
2023-12-14,0.05644381275941832,ETH-USD vs SPY,90
2023-12-15,0.06919184216665303,ETH-USD vs SPY,90
2023-12-18,0.07135117765843826,ETH-USD vs SPY,90
2023-12-19,0.06527356835407903,ETH-USD vs SPY,90
2023-12-20,0.055757321610200465,ETH-USD vs SPY,90
2023-12-21,0.05707413559933299,ETH-USD vs SPY,90
2023-12-22,0.053699541239838056,ETH-USD vs SPY,90
2023-12-26,0.01988653531291972,ETH-USD vs SPY,90
2023-12-27,0.021571091884930924,ETH-USD vs SPY,90
2023-12-28,0.026097225544052482,ETH-USD vs SPY,90
2023-12-29,0.026188289568174088,ETH-USD vs SPY,90
2024-01-02,0.013333771517324879,ETH-USD vs SPY,90
2024-01-03,0.03262142781490532,ETH-USD vs SPY,90
2024-01-04,0.02984336959090976,ETH-USD vs SPY,90
2024-01-05,0.03153721080751094,ETH-USD vs SPY,90
2024-01-08,0.033270606021778185,ETH-USD vs SPY,90
2024-01-09,0.03611550789105749,ETH-USD vs SPY,90
2024-01-10,0.054484803802027144,ETH-USD vs SPY,90
2024-01-11,0.05490593876209872,ETH-USD vs SPY,90
2024-01-12,0.05391592784310783,ETH-USD vs SPY,90
2024-01-16,0.04637622382391067,ETH-USD vs SPY,90
2024-01-17,0.05505972861220152,ETH-USD vs SPY,90
2024-01-18,0.043715055093519854,ETH-USD vs SPY,90
2024-01-19,0.058960475977294105,ETH-USD vs SPY,90
2024-01-22,0.060974484199743474,ETH-USD vs SPY,90
2024-01-23,0.05734226856155038,ETH-USD vs SPY,90
2024-01-24,0.05444194034535523,ETH-USD vs SPY,90
2024-01-25,0.05846353106757053,ETH-USD vs SPY,90
2024-01-26,0.056216852744204356,ETH-USD vs SPY,90
2024-01-29,0.06374287395052651,ETH-USD vs SPY,90
2024-01-30,0.05559976624805662,ETH-USD vs SPY,90
2024-01-31,0.05705651382033497,ETH-USD vs SPY,90
2024-02-01,0.05998883864895647,ETH-USD vs SPY,90
2024-02-02,0.05877221204569104,ETH-USD vs SPY,90
2024-02-05,0.05965745834911721,ETH-USD vs SPY,90
2024-02-06,0.06099311473133418,ETH-USD vs SPY,90
2024-02-07,0.06085714381127246,ETH-USD vs SPY,90
2024-02-08,0.062391689183814825,ETH-USD vs SPY,90
2024-02-09,0.06278139295708272,ETH-USD vs SPY,90
2024-02-12,0.050568314475863824,ETH-USD vs SPY,90
2024-02-13,0.061182364154809106,ETH-USD vs SPY,90
2024-02-14,0.07365481208390248,ETH-USD vs SPY,90
2024-02-15,0.06960359451635333,ETH-USD vs SPY,90
2024-02-16,0.08301979932047529,ETH-USD vs SPY,90
2024-02-20,0.07903125697477026,ETH-USD vs SPY,90
2024-02-21,0.0803500385719786,ETH-USD vs SPY,90
2024-02-22,0.06436344432831573,ETH-USD vs SPY,90
2024-02-23,0.06623121460053719,ETH-USD vs SPY,90
2024-02-26,0.054412022488590665,ETH-USD vs SPY,90
2024-02-27,0.0524202865758149,ETH-USD vs SPY,90
2024-02-28,0.04205957884106351,ETH-USD vs SPY,90
2024-02-29,0.038316677177847744,ETH-USD vs SPY,90
2024-03-01,0.05842693297913887,ETH-USD vs SPY,90
2024-03-04,0.06424944837518448,ETH-USD vs SPY,90
2024-03-05,0.07717046877990694,ETH-USD vs SPY,90
2024-03-06,0.08246782736870002,ETH-USD vs SPY,90
2024-03-07,0.08789590340164323,ETH-USD vs SPY,90
2024-03-08,0.08233354603208236,ETH-USD vs SPY,90
2024-03-11,0.07565608722991068,ETH-USD vs SPY,90
2024-03-12,0.063725284346472,ETH-USD vs SPY,90
2024-03-13,0.06031282124046266,ETH-USD vs SPY,90
2024-03-14,0.09855061887273976,ETH-USD vs SPY,90
2024-03-15,0.11882927183521524,ETH-USD vs SPY,90
2024-03-18,0.10925326419628278,ETH-USD vs SPY,90
2024-03-19,0.0853195199007904,ETH-USD vs SPY,90
2024-03-20,0.11477595238849934,ETH-USD vs SPY,90
2024-03-21,0.17720471376721644,ETH-USD vs SPY,90
2024-03-22,0.2053250315624989,ETH-USD vs SPY,90
2024-03-25,0.19620429336019546,ETH-USD vs SPY,90
2024-03-26,0.24414194128835603,ETH-USD vs SPY,90
2024-03-27,0.23229187566671494,ETH-USD vs SPY,90
2024-03-28,0.2327101326594166,ETH-USD vs SPY,90
2024-04-01,0.2377480356423981,ETH-USD vs SPY,90
2024-04-02,0.25848904881779705,ETH-USD vs SPY,90
2024-04-03,0.2527682207479527,ETH-USD vs SPY,90
2024-04-04,0.2436807836586885,ETH-USD vs SPY,90
2024-04-05,0.23821767588837472,ETH-USD vs SPY,90
2024-04-08,0.2280621743989856,ETH-USD vs SPY,90
2024-04-09,0.22593194691492569,ETH-USD vs SPY,90
2024-04-10,0.2178014504321618,ETH-USD vs SPY,90
2024-04-11,0.21126418024441804,ETH-USD vs SPY,90
2024-04-12,0.25074112277164806,ETH-USD vs SPY,90
2024-04-15,0.26385373119119904,ETH-USD vs SPY,90
2024-04-16,0.2661839080810456,ETH-USD vs SPY,90
2024-04-17,0.2691454040491594,ETH-USD vs SPY,90
2024-04-18,0.254309054470008,ETH-USD vs SPY,90
2024-04-19,0.25424915681287086,ETH-USD vs SPY,90
2024-04-22,0.26855730621443197,ETH-USD vs SPY,90
2024-04-23,0.2691647664454476,ETH-USD vs SPY,90
2024-04-24,0.26238849723506313,ETH-USD vs SPY,90
2024-04-25,0.2597244110939227,ETH-USD vs SPY,90
2024-04-26,0.24433402609475685,ETH-USD vs SPY,90
2024-04-29,0.24104305113264254,ETH-USD vs SPY,90
2024-04-30,0.28137550852894644,ETH-USD vs SPY,90
2024-05-01,0.29566195050936195,ETH-USD vs SPY,90
2024-05-02,0.2913518783686805,ETH-USD vs SPY,90
2024-05-03,0.3036268463886203,ETH-USD vs SPY,90
2024-05-06,0.2935140026556993,ETH-USD vs SPY,90
2024-05-07,0.29606063561072865,ETH-USD vs SPY,90
2024-05-08,0.2962252964753762,ETH-USD vs SPY,90
2024-05-09,0.29670749258130524,ETH-USD vs SPY,90
2024-05-10,0.2954085097125486,ETH-USD vs SPY,90
2024-05-13,0.27730838514588907,ETH-USD vs SPY,90
2024-05-14,0.2789042917207595,ETH-USD vs SPY,90
2024-05-15,0.2966333005811835,ETH-USD vs SPY,90
2024-05-16,0.28044275371512006,ETH-USD vs SPY,90
2024-05-17,0.27866726567949285,ETH-USD vs SPY,90
2024-05-20,0.23352264734838804,ETH-USD vs SPY,90
2024-05-21,0.23511797519812322,ETH-USD vs SPY,90
2024-05-22,0.23750645522551705,ETH-USD vs SPY,90
2024-05-23,0.2388898903308466,ETH-USD vs SPY,90
2024-05-24,0.22933196431701763,ETH-USD vs SPY,90
2024-05-28,0.2395858374570593,ETH-USD vs SPY,90
2024-05-29,0.24501633046822077,ETH-USD vs SPY,90
2024-05-30,0.25223089715487146,ETH-USD vs SPY,90
2024-05-31,0.25456227089152655,ETH-USD vs SPY,90
2024-06-03,0.25464335453874065,ETH-USD vs SPY,90
2024-06-04,0.2572621458100025,ETH-USD vs SPY,90
2024-06-05,0.26090640436609247,ETH-USD vs SPY,90
2024-06-06,0.25657942112111304,ETH-USD vs SPY,90
2024-06-07,0.2590624338511007,ETH-USD vs SPY,90
2024-06-10,0.24712461449633064,ETH-USD vs SPY,90
2024-06-11,0.24290263944434345,ETH-USD vs SPY,90
2024-06-12,0.2483675901354889,ETH-USD vs SPY,90
2024-06-13,0.24790831510844166,ETH-USD vs SPY,90
2024-06-14,0.24653009570760115,ETH-USD vs SPY,90
2024-06-17,0.23054956406638924,ETH-USD vs SPY,90
2024-06-18,0.22985667540643853,ETH-USD vs SPY,90
2024-06-20,0.22741546142085353,ETH-USD vs SPY,90
2024-06-21,0.23300878848428963,ETH-USD vs SPY,90
2024-06-24,0.237940951184477,ETH-USD vs SPY,90
2024-06-25,0.22531593282730245,ETH-USD vs SPY,90
2024-06-26,0.22175331607122456,ETH-USD vs SPY,90
2024-06-27,0.2212226505202574,ETH-USD vs SPY,90
2024-06-28,0.23342253294400553,ETH-USD vs SPY,90
2024-07-01,0.23358623570449855,ETH-USD vs SPY,90
2024-07-02,0.24208349256754363,ETH-USD vs SPY,90
2024-07-03,0.23470690063578792,ETH-USD vs SPY,90
2024-07-05,0.23421332605928302,ETH-USD vs SPY,90
2024-07-08,0.23307760636428554,ETH-USD vs SPY,90
2024-07-09,0.23978919315977035,ETH-USD vs SPY,90
2024-07-10,0.24421092512812836,ETH-USD vs SPY,90
2024-07-11,0.23196882591985207,ETH-USD vs SPY,90
2024-07-12,0.23981329454032066,ETH-USD vs SPY,90
2024-07-15,0.23564342921748158,ETH-USD vs SPY,90
2024-07-16,0.22452378865070485,ETH-USD vs SPY,90
2024-07-17,0.2224868262561498,ETH-USD vs SPY,90
2024-07-18,0.2180658640315792,ETH-USD vs SPY,90
2024-07-19,0.2133806437960928,ETH-USD vs SPY,90
2024-07-22,0.21120257619895402,ETH-USD vs SPY,90
2024-07-23,0.21041544225115102,ETH-USD vs SPY,90
2024-07-24,0.23237311620282422,ETH-USD vs SPY,90
2024-07-25,0.22961262178497607,ETH-USD vs SPY,90
2024-07-26,0.24956361659759213,ETH-USD vs SPY,90
2024-07-29,0.28158702956649856,ETH-USD vs SPY,90
2024-07-30,0.2560880855652325,ETH-USD vs SPY,90
2024-07-31,0.24108724421600983,ETH-USD vs SPY,90
2024-08-01,0.2368993539374495,ETH-USD vs SPY,90
2024-08-02,0.28422940540817665,ETH-USD vs SPY,90
2024-08-05,0.3611173906721165,ETH-USD vs SPY,90
2024-08-06,0.3750285107195111,ETH-USD vs SPY,90
2024-08-07,0.38265815647993195,ETH-USD vs SPY,90
2024-08-08,0.4508233855398331,ETH-USD vs SPY,90
2024-08-09,0.43884088544273536,ETH-USD vs SPY,90
2024-08-12,0.43188166460599164,ETH-USD vs SPY,90
2024-08-13,0.4288578042322204,ETH-USD vs SPY,90
2024-08-14,0.4307969685735254,ETH-USD vs SPY,90
2024-08-15,0.4110882746384087,ETH-USD vs SPY,90
2024-08-16,0.41555025794410494,ETH-USD vs SPY,90
2024-08-19,0.4252569227628734,ETH-USD vs SPY,90
2024-08-20,0.42975757584212604,ETH-USD vs SPY,90
2024-08-21,0.4095694776343156,ETH-USD vs SPY,90
2024-08-22,0.4066692167320939,ETH-USD vs SPY,90
2024-08-23,0.41669758713174543,ETH-USD vs SPY,90
2024-08-26,0.4139157207178559,ETH-USD vs SPY,90
2024-08-27,0.40831599289124476,ETH-USD vs SPY,90
2024-08-28,0.4010236331656128,ETH-USD vs SPY,90
2024-08-29,0.39844032108125893,ETH-USD vs SPY,90
2024-08-30,0.39722361715802273,ETH-USD vs SPY,90
2024-09-03,0.410744364201004,ETH-USD vs SPY,90
2024-09-04,0.4107318201712875,ETH-USD vs SPY,90
2024-09-05,0.41628852661236554,ETH-USD vs SPY,90
2024-09-06,0.43579493583214524,ETH-USD vs SPY,90
2024-09-09,0.4229821013433791,ETH-USD vs SPY,90
2024-09-10,0.4229457274418886,ETH-USD vs SPY,90
2024-09-11,0.4149307953829141,ETH-USD vs SPY,90
2024-09-12,0.4071969308656206,ETH-USD vs SPY,90
2024-09-13,0.41972146054749115,ETH-USD vs SPY,90
2024-09-16,0.41998489279547896,ETH-USD vs SPY,90
2024-09-17,0.41879102763283,ETH-USD vs SPY,90
2024-09-18,0.4142468959412206,ETH-USD vs SPY,90
2024-09-19,0.4274037665680071,ETH-USD vs SPY,90
2024-09-20,0.4170299543896077,ETH-USD vs SPY,90
2024-09-23,0.4211917462070437,ETH-USD vs SPY,90
2024-09-24,0.4098522352163253,ETH-USD vs SPY,90
2024-09-25,0.40992982158418684,ETH-USD vs SPY,90
2024-09-26,0.4139138210817147,ETH-USD vs SPY,90
2024-09-27,0.4788351695121207,ETH-USD vs SPY,90
2024-09-30,0.4767732985583511,ETH-USD vs SPY,90
2024-10-01,0.4860573098327017,ETH-USD vs SPY,90
2024-10-02,0.49215256435060456,ETH-USD vs SPY,90
2024-10-03,0.4961915621266984,ETH-USD vs SPY,90
2024-10-04,0.5011199108896333,ETH-USD vs SPY,90
2024-10-07,0.49704292194342103,ETH-USD vs SPY,90
2024-10-08,0.4987749617372165,ETH-USD vs SPY,90
2024-10-09,0.4905869113106457,ETH-USD vs SPY,90
2024-10-10,0.4891009982902099,ETH-USD vs SPY,90
2024-10-11,0.49178658463804853,ETH-USD vs SPY,90
2024-10-14,0.4952120475983291,ETH-USD vs SPY,90
2024-10-15,0.4942701789511957,ETH-USD vs SPY,90
2024-10-16,0.49428536094413206,ETH-USD vs SPY,90
2024-10-17,0.4952322544872801,ETH-USD vs SPY,90
2024-10-18,0.5030806275558172,ETH-USD vs SPY,90
2024-10-21,0.5012979558454136,ETH-USD vs SPY,90
2024-10-22,0.5038152426434307,ETH-USD vs SPY,90
2024-10-23,0.5100809313300009,ETH-USD vs SPY,90
2024-10-24,0.5220594375642772,ETH-USD vs SPY,90
2024-10-25,0.5208867646372964,ETH-USD vs SPY,90
2024-10-28,0.5206531797022039,ETH-USD vs SPY,90
2024-10-29,0.5211554780482028,ETH-USD vs SPY,90
2024-10-30,0.5179168790947091,ETH-USD vs SPY,90
2024-10-31,0.5327138669750111,ETH-USD vs SPY,90
2024-11-01,0.5322952446233729,ETH-USD vs SPY,90
2024-11-04,0.5336094955533376,ETH-USD vs SPY,90
2024-11-05,0.5319136829968384,ETH-USD vs SPY,90
2024-11-06,0.5739413976867239,ETH-USD vs SPY,90
2024-11-07,0.5790207986257496,ETH-USD vs SPY,90
2024-11-08,0.5875088601558494,ETH-USD vs SPY,90
2024-11-11,0.586637797086772,ETH-USD vs SPY,90
2024-11-12,0.5890060498757501,ETH-USD vs SPY,90
2024-11-13,0.5888724979006273,ETH-USD vs SPY,90
2024-11-14,0.5924492107852712,ETH-USD vs SPY,90
2024-11-15,0.5844897188938518,ETH-USD vs SPY,90
2024-11-18,0.5842680917062479,ETH-USD vs SPY,90
2024-11-19,0.5861452550439272,ETH-USD vs SPY,90
2024-11-20,0.5891628777370328,ETH-USD vs SPY,90
2024-11-21,0.5843119890846319,ETH-USD vs SPY,90
2024-11-22,0.589009795062623,ETH-USD vs SPY,90
2024-11-25,0.5978414978186025,ETH-USD vs SPY,90
2024-11-26,0.6052383362769457,ETH-USD vs SPY,90
2024-11-27,0.5750329985357123,ETH-USD vs SPY,90
2024-11-29,0.5684232714865459,ETH-USD vs SPY,90
2024-12-02,0.5638300865837763,ETH-USD vs SPY,90
2024-12-03,0.5603362763694614,ETH-USD vs SPY,90
2024-12-04,0.5624115491691417,ETH-USD vs SPY,90
2024-12-05,0.5622367944475037,ETH-USD vs SPY,90
2024-12-06,0.5757017639435393,ETH-USD vs SPY,90
2024-12-09,0.5834758828643846,ETH-USD vs SPY,90
2024-12-10,0.5677782760004345,ETH-USD vs SPY,90
2024-12-11,0.526518233554152,ETH-USD vs SPY,90
2024-12-12,0.5211091884722036,ETH-USD vs SPY,90
2024-12-13,0.5128209228085968,ETH-USD vs SPY,90
2024-12-16,0.4520969605623693,ETH-USD vs SPY,90
2024-12-17,0.46268545367481817,ETH-USD vs SPY,90
2024-12-18,0.5058353737539492,ETH-USD vs SPY,90
2024-12-19,0.5177055250425893,ETH-USD vs SPY,90
2024-12-20,0.5209359277296726,ETH-USD vs SPY,90
2024-12-23,0.5636795179934707,ETH-USD vs SPY,90
2024-12-24,0.5644294726250608,ETH-USD vs SPY,90
2024-12-26,0.5623559346229948,ETH-USD vs SPY,90
2024-12-27,0.5564445782638195,ETH-USD vs SPY,90
2024-12-30,0.5486572670771468,ETH-USD vs SPY,90
2024-12-31,0.5509989104515423,ETH-USD vs SPY,90
2025-01-02,0.5371286152932949,ETH-USD vs SPY,90
2025-01-03,0.5444576016526796,ETH-USD vs SPY,90
2025-01-06,0.5645330419715989,ETH-USD vs SPY,90
2025-01-07,0.5887301554629287,ETH-USD vs SPY,90
2025-01-08,0.5873065252968279,ETH-USD vs SPY,90
2025-01-10,0.5725317752712137,ETH-USD vs SPY,90
2025-01-13,0.5559613873308288,ETH-USD vs SPY,90
2025-01-14,0.5566439444062811,ETH-USD vs SPY,90
2025-01-15,0.5742508411756987,ETH-USD vs SPY,90
2025-01-16,0.556200963684554,ETH-USD vs SPY,90
2025-01-17,0.5606392146858437,ETH-USD vs SPY,90
2025-01-21,0.5597059861564161,ETH-USD vs SPY,90
2025-01-22,0.5655962880419364,ETH-USD vs SPY,90
2025-01-23,0.5690332773521818,ETH-USD vs SPY,90
2025-01-24,0.5678660137177232,ETH-USD vs SPY,90
2025-01-27,0.5679532551340049,ETH-USD vs SPY,90
2025-01-28,0.552475654714374,ETH-USD vs SPY,90
2025-01-29,0.5516132511479737,ETH-USD vs SPY,90
2025-01-30,0.5483763439882948,ETH-USD vs SPY,90
2025-01-31,0.5551444411661912,ETH-USD vs SPY,90
2025-02-03,0.551773557105619,ETH-USD vs SPY,90
2025-02-04,0.531308289907587,ETH-USD vs SPY,90
2025-02-05,0.5313556443941713,ETH-USD vs SPY,90
2025-02-06,0.5231775862413987,ETH-USD vs SPY,90
2025-02-07,0.5296436230256014,ETH-USD vs SPY,90
2025-02-10,0.5343723068782049,ETH-USD vs SPY,90
2025-02-11,0.5231612839552834,ETH-USD vs SPY,90
2025-02-12,0.5131811794967829,ETH-USD vs SPY,90
2025-02-13,0.4976842290447867,ETH-USD vs SPY,90
2025-02-14,0.49342890803203054,ETH-USD vs SPY,90
2025-02-18,0.48986328122490574,ETH-USD vs SPY,90
2025-02-19,0.49219385830743106,ETH-USD vs SPY,90
2025-02-20,0.5016400536494197,ETH-USD vs SPY,90
2025-02-21,0.5066000989135158,ETH-USD vs SPY,90
2025-02-24,0.5005090427694893,ETH-USD vs SPY,90
2025-02-25,0.49263365100126566,ETH-USD vs SPY,90
2025-02-26,0.4851965761444032,ETH-USD vs SPY,90
2025-02-27,0.4819574723840672,ETH-USD vs SPY,90
2025-02-28,0.4545728914621979,ETH-USD vs SPY,90
2025-03-03,0.492320861300009,ETH-USD vs SPY,90
2025-03-04,0.48253604531446265,ETH-USD vs SPY,90
2025-03-05,0.48785031148628333,ETH-USD vs SPY,90
2025-03-06,0.48013715537870555,ETH-USD vs SPY,90
2025-03-07,0.47331437846405955,ETH-USD vs SPY,90
2025-03-10,0.5008869888954854,ETH-USD vs SPY,90
2025-03-11,0.4889749180403018,ETH-USD vs SPY,90
2025-03-12,0.4866705491014882,ETH-USD vs SPY,90
2025-03-13,0.48927995546659875,ETH-USD vs SPY,90
2025-03-14,0.47838506699790506,ETH-USD vs SPY,90
2025-03-17,0.48126974344497997,ETH-USD vs SPY,90
2025-03-18,0.4761731321611023,ETH-USD vs SPY,90
2025-03-19,0.487175316755213,ETH-USD vs SPY,90
2025-03-20,0.4405061633731941,ETH-USD vs SPY,90
2025-03-21,0.4327928835180698,ETH-USD vs SPY,90
2025-03-24,0.4398706025439163,ETH-USD vs SPY,90
2025-03-25,0.44245464603665596,ETH-USD vs SPY,90
2025-03-26,0.4452945015954088,ETH-USD vs SPY,90
2025-03-27,0.44589969813954405,ETH-USD vs SPY,90
2025-03-28,0.4565968999823893,ETH-USD vs SPY,90
2025-03-31,0.4665119608399705,ETH-USD vs SPY,90
2025-04-01,0.4649709685295742,ETH-USD vs SPY,90
2025-04-02,0.45365468860908836,ETH-USD vs SPY,90
2025-04-03,0.3807409291753745,ETH-USD vs SPY,90
2025-04-04,0.32402008428524776,ETH-USD vs SPY,90
2025-04-07,0.32460986207185366,ETH-USD vs SPY,90
2025-04-08,0.33279375178313464,ETH-USD vs SPY,90
2025-04-09,0.4635354609298607,ETH-USD vs SPY,90
2025-04-10,0.5104035773543801,ETH-USD vs SPY,90
2025-04-11,0.5146974459902763,ETH-USD vs SPY,90
2025-04-14,0.517230859616168,ETH-USD vs SPY,90
2025-04-15,0.5172886629070188,ETH-USD vs SPY,90
2025-04-16,0.5139948457154493,ETH-USD vs SPY,90
2025-04-17,0.5142554659840607,ETH-USD vs SPY,90
2025-04-21,0.512697518909851,ETH-USD vs SPY,90
2025-04-22,0.5348552669041615,ETH-USD vs SPY,90
2025-04-23,0.5376590077435647,ETH-USD vs SPY,90
2025-04-24,0.5286679425408736,ETH-USD vs SPY,90
2025-04-25,0.5311163558317362,ETH-USD vs SPY,90
2025-04-28,0.5312477116531018,ETH-USD vs SPY,90
2025-04-29,0.5307837452702935,ETH-USD vs SPY,90
2025-04-30,0.5305861238452919,ETH-USD vs SPY,90
2025-05-01,0.5187322502400069,ETH-USD vs SPY,90
2025-05-02,0.5228314364107954,ETH-USD vs SPY,90
2025-05-05,0.5205154812517846,ETH-USD vs SPY,90
2025-05-06,0.5193837521595892,ETH-USD vs SPY,90
2025-05-07,0.5171482488556532,ETH-USD vs SPY,90
2025-05-08,0.47343381853168426,ETH-USD vs SPY,90
2025-05-09,0.46876425997706206,ETH-USD vs SPY,90
2025-05-12,0.4577618667441406,ETH-USD vs SPY,90
2025-05-13,0.4572733466441463,ETH-USD vs SPY,90
2025-05-14,0.45791253181910424,ETH-USD vs SPY,90
2025-05-15,0.4520348629300027,ETH-USD vs SPY,90
2025-05-16,0.4508208515735365,ETH-USD vs SPY,90
2025-05-19,0.44714825811308373,ETH-USD vs SPY,90
2025-05-20,0.44773415724353716,ETH-USD vs SPY,90
2025-05-21,0.4481200996948836,ETH-USD vs SPY,90
2025-05-22,0.4487573315852886,ETH-USD vs SPY,90
2025-05-23,0.4504060614736615,ETH-USD vs SPY,90
2025-05-27,0.44722179956967,ETH-USD vs SPY,90
2025-05-28,0.4473245799325343,ETH-USD vs SPY,90
2025-05-29,0.44289889215212613,ETH-USD vs SPY,90
2025-05-30,0.4408906263857378,ETH-USD vs SPY,90
2025-06-02,0.4447916538913671,ETH-USD vs SPY,90
2025-06-03,0.4431767270238755,ETH-USD vs SPY,90
2025-06-04,0.4429579036219652,ETH-USD vs SPY,90
2025-06-05,0.440027902178336,ETH-USD vs SPY,90
2025-06-06,0.4471554580405729,ETH-USD vs SPY,90
2025-06-09,0.44370502173887294,ETH-USD vs SPY,90
2025-06-10,0.4436180304333399,ETH-USD vs SPY,90
2025-06-11,0.44546706770649624,ETH-USD vs SPY,90
2025-06-12,0.4415182223619104,ETH-USD vs SPY,90
2025-06-13,0.4511655445920757,ETH-USD vs SPY,90
2025-06-16,0.4496254115906539,ETH-USD vs SPY,90
2025-06-17,0.4531873316875364,ETH-USD vs SPY,90
2025-06-18,0.45152184162982556,ETH-USD vs SPY,90
2025-06-20,0.4515476997963309,ETH-USD vs SPY,90
2025-06-23,0.4545125089510154,ETH-USD vs SPY,90
2025-06-24,0.4605223058026069,ETH-USD vs SPY,90
2025-06-25,0.4647062965512252,ETH-USD vs SPY,90
2025-06-26,0.4645175978662634,ETH-USD vs SPY,90
2025-06-27,0.4662925220697669,ETH-USD vs SPY,90
2025-06-30,0.46562672116288123,ETH-USD vs SPY,90
2025-07-01,0.46531083004978846,ETH-USD vs SPY,90
2025-07-02,0.460541017879247,ETH-USD vs SPY,90
2025-07-03,0.46767137926093666,ETH-USD vs SPY,90
2025-07-07,0.468079189214386,ETH-USD vs SPY,90
2025-07-08,0.4720583855868693,ETH-USD vs SPY,90
2025-07-09,0.4708524062432738,ETH-USD vs SPY,90
2025-07-10,0.4781522365502173,ETH-USD vs SPY,90
2025-07-11,0.47260319000119605,ETH-USD vs SPY,90
2025-07-14,0.4745264000186797,ETH-USD vs SPY,90
2025-07-15,0.4682200346291471,ETH-USD vs SPY,90
2025-07-16,0.4615226288150282,ETH-USD vs SPY,90
2025-07-17,0.4663785777651667,ETH-USD vs SPY,90
2025-07-18,0.44742341126038093,ETH-USD vs SPY,90
2025-07-21,0.4517381825470677,ETH-USD vs SPY,90
2025-07-22,0.4531769023608786,ETH-USD vs SPY,90
2025-07-23,0.4425110295763879,ETH-USD vs SPY,90
2025-07-24,0.4409369156625719,ETH-USD vs SPY,90
2025-07-25,0.4401517308730445,ETH-USD vs SPY,90
2025-07-28,0.4400685568153236,ETH-USD vs SPY,90
2025-07-29,0.4373227005821848,ETH-USD vs SPY,90
2025-07-30,0.43724937277744647,ETH-USD vs SPY,90
2025-07-31,0.4375629922262146,ETH-USD vs SPY,90
2025-08-01,0.4428357170983867,ETH-USD vs SPY,90
2025-08-04,0.4493171152301305,ETH-USD vs SPY,90
2025-08-05,0.44685406438242203,ETH-USD vs SPY,90
2025-08-06,0.44706740561106956,ETH-USD vs SPY,90
2025-08-07,0.4306260297384312,ETH-USD vs SPY,90
2025-08-08,0.4317752241465995,ETH-USD vs SPY,90
2025-08-11,0.43315673833736057,ETH-USD vs SPY,90
2025-08-12,0.4460781236807532,ETH-USD vs SPY,90
2025-08-13,0.4704599377515809,ETH-USD vs SPY,90
2025-08-14,0.49941998972668683,ETH-USD vs SPY,90
2025-08-15,0.49960996930166124,ETH-USD vs SPY,90
2025-08-18,0.4891173576363489,ETH-USD vs SPY,90
2025-08-19,0.42604912743077694,ETH-USD vs SPY,90
2025-08-20,0.35277816133857026,ETH-USD vs SPY,90
2025-08-21,0.3545321724333553,ETH-USD vs SPY,90
2025-08-22,0.3828455088109855,ETH-USD vs SPY,90
2025-08-25,0.38664774525028894,ETH-USD vs SPY,90
2025-08-26,0.3922381778994434,ETH-USD vs SPY,90
2025-08-27,0.39111772042249215,ETH-USD vs SPY,90
2025-08-28,0.4013081942461888,ETH-USD vs SPY,90
2025-08-29,0.3628950969717216,ETH-USD vs SPY,90
2025-09-02,0.3624322641558884,ETH-USD vs SPY,90
2025-09-03,0.3935778028021076,ETH-USD vs SPY,90
2025-09-04,0.38124369186982227,ETH-USD vs SPY,90
2025-09-05,0.3812879360312916,ETH-USD vs SPY,90
2025-09-08,0.3833373520540056,ETH-USD vs SPY,90
2025-09-09,0.3827694981599645,ETH-USD vs SPY,90
2025-09-10,0.38122696997256006,ETH-USD vs SPY,90
2025-09-11,0.39316987536910686,ETH-USD vs SPY,90
2025-09-12,0.3887499905910984,ETH-USD vs SPY,90
2025-09-15,0.3845184278525073,ETH-USD vs SPY,90
2025-09-16,0.3869104092625059,ETH-USD vs SPY,90
2025-09-17,0.3997197010882853,ETH-USD vs SPY,90
2025-09-18,0.41032779216517157,ETH-USD vs SPY,90
2025-09-19,0.48301782817291683,ETH-USD vs SPY,90
2025-09-22,0.4603753424344247,ETH-USD vs SPY,90
2025-09-23,0.46266189605404306,ETH-USD vs SPY,90
2025-09-24,0.46988862117177477,ETH-USD vs SPY,90
2025-09-25,0.48180384794071507,ETH-USD vs SPY,90
2025-09-26,0.48564433992768336,ETH-USD vs SPY,90
2025-09-29,0.4861889368378809,ETH-USD vs SPY,90
2025-09-30,0.5121087689931214,ETH-USD vs SPY,90
2025-10-01,0.5172086847919694,ETH-USD vs SPY,90
2025-10-02,0.5042152752599084,ETH-USD vs SPY,90
2025-10-03,0.507054409403774,ETH-USD vs SPY,90
2025-10-06,0.5138171228139753,ETH-USD vs SPY,90
2025-10-07,0.5249646500877613,ETH-USD vs SPY,90
2025-10-08,0.5239495892371194,ETH-USD vs SPY,90
2025-10-09,0.5259934304189762,ETH-USD vs SPY,90
2025-10-10,0.5952187028142123,ETH-USD vs SPY,90
2025-10-13,0.5884342641695386,ETH-USD vs SPY,90
2025-10-14,0.5840223229876028,ETH-USD vs SPY,90
2025-10-15,0.5747197025564074,ETH-USD vs SPY,90
2025-10-16,0.5858526322550723,ETH-USD vs SPY,90
2025-10-17,0.5765913902336935,ETH-USD vs SPY,90
2025-10-20,0.5675276762809127,ETH-USD vs SPY,90
2025-10-21,0.5782987676282142,ETH-USD vs SPY,90
2025-10-22,0.5788327141100931,ETH-USD vs SPY,90
2025-10-23,0.5868690052948288,ETH-USD vs SPY,90
2025-10-24,0.5895541930388235,ETH-USD vs SPY,90
2025-10-27,0.5755216547491899,ETH-USD vs SPY,90
2025-10-28,0.5646842209063156,ETH-USD vs SPY,90
2025-10-29,0.5532888704207473,ETH-USD vs SPY,90
2025-10-30,0.5567933171741246,ETH-USD vs SPY,90
2025-10-31,0.5571467415865177,ETH-USD vs SPY,90
2025-11-03,0.5468929787245759,ETH-USD vs SPY,90
2025-11-04,0.5692794219664964,ETH-USD vs SPY,90
2025-11-05,0.5719434285499096,ETH-USD vs SPY,90
2025-11-06,0.5758339884746239,ETH-USD vs SPY,90
2025-11-07,0.5730009834023095,ETH-USD vs SPY,90
2025-11-10,0.555901378604291,ETH-USD vs SPY,90
2025-11-11,0.5518402789909097,ETH-USD vs SPY,90
2025-11-12,0.5554154722255834,ETH-USD vs SPY,90
2025-11-13,0.56211925762707,ETH-USD vs SPY,90
2025-11-14,0.5647632214179742,ETH-USD vs SPY,90
2025-11-17,0.5668598432960783,ETH-USD vs SPY,90
2025-11-18,0.5471348223045897,ETH-USD vs SPY,90
2025-11-19,0.5555079220330146,ETH-USD vs SPY,90
2025-11-20,0.5736642104782254,ETH-USD vs SPY,90
2025-11-21,0.5579033602873417,ETH-USD vs SPY,90
2025-11-24,0.5739440608345978,ETH-USD vs SPY,90
2025-11-25,0.5718207148013282,ETH-USD vs SPY,90
2025-11-26,0.5744906936368379,ETH-USD vs SPY,90
2025-11-28,0.5871683506561749,ETH-USD vs SPY,90
2025-12-01,0.5921842237971434,ETH-USD vs SPY,90
