scenario_id,price_date,portfolio_return
1,2021-01-01,0.0
1,2021-01-04,0.00931036299457356
1,2021-01-05,0.00558845385111124
1,2021-01-06,-0.0026795984771947404
1,2021-01-07,0.007599070674792819
1,2021-01-08,-0.010017193938861062
1,2021-01-11,-0.0048235952431197006
1,2021-01-12,0.00250551089804372
1,2021-01-13,-0.00101838955201106
1,2021-01-14,-0.00145887323423904
1,2021-01-15,-0.00866079248847232
1,2021-01-18,0.0022555691206018
1,2021-01-19,0.00524471619355144
1,2021-01-20,0.015168688463829242
1,2021-01-21,0.00033323200004015997
1,2021-01-22,-0.0058372204154120404
1,2021-01-25,0.00289311802099992
1,2021-01-26,-0.0019457186783610398
1,2021-01-27,-0.01603052706842788
1,2021-01-28,0.004372695661289099
1,2021-01-29,-0.0107663490334184
1,2021-02-01,0.01303590513099456
1,2021-02-02,0.0035792175035914186
1,2021-02-03,-0.00030980047287326013
1,2021-02-04,-0.0022330069911503
1,2021-02-05,0.00668233355784922
1,2021-02-08,0.008426709298544919
1,2021-02-09,0.0011085872624380802
1,2021-02-10,0.0008621634268380601
1,2021-02-11,-0.0026917685624139
1,2021-02-12,0.0025474788438676196
1,2021-02-15,-0.0010858477838834
1,2021-02-16,-0.00584259909362638
1,2021-02-17,-0.0038861811298009597
1,2021-02-18,-0.0027269799341383795
1,2021-02-19,0.0004768949445840404
1,2021-02-22,0.001298644214678681
1,2021-02-23,-6.754385194922014e-05
1,2021-02-24,0.00645649340581292
1,2021-02-25,-0.02210116975068798
1,2021-02-26,-0.01131585650188886
1,2021-03-01,0.012317394285007981
1,2021-03-02,-0.0013753938177513397
1,2021-03-03,-0.01419336768659058
1,2021-03-04,-0.01064181222152512
1,2021-03-05,0.01190292038070828
1,2021-03-08,-0.0076013897211324
1,2021-03-09,0.016684306326767602
1,2021-03-10,0.0062275646982792605
1,2021-03-11,0.00500818700485618
1,2021-03-12,0.00196990880149648
1,2021-03-15,0.00483623738243184
1,2021-03-16,-0.0009646636069811999
1,2021-03-17,0.00516561171753566
1,2021-03-18,-0.010571077700505221
1,2021-03-19,-0.0011463890498406599
1,2021-03-22,0.00340397724197176
1,2021-03-23,-0.00738655869331576
1,2021-03-24,-0.0014103307573347002
1,2021-03-25,0.0016753805879212796
1,2021-03-26,0.010861920391404357
1,2021-03-29,-0.004917444241134881
1,2021-03-30,-0.007944634266620041
1,2021-03-31,0.00770507159509334
1,2021-04-01,0.0119088254562088
1,2021-04-02,-0.00030979435665656003
1,2021-04-05,0.00851931929879904
1,2021-04-06,0.00314705766154568
1,2021-04-07,-0.00074864029354934
1,2021-04-08,0.00714444925543322
1,2021-04-09,0.0014371584376887798
1,2021-04-12,-0.0022114358310918202
1,2021-04-13,0.00439180197043288
1,2021-04-14,-0.00384516740031634
1,2021-04-15,0.01271508288378792
1,2021-04-16,0.00497728686416808
1,2021-04-19,-0.004524103763354159
1,2021-04-20,-0.0025979077326414796
1,2021-04-21,0.009325602186886339
1,2021-04-22,-0.0076031172447046
1,2021-04-23,0.0049896994152287
1,2021-04-26,0.00193005734791074
1,2021-04-27,-0.0009157401572365
1,2021-04-28,0.0008699409821474799
1,2021-04-29,0.0015601803440187397
1,2021-04-30,-0.00454074476083334
1,2021-05-03,0.0066700670855317805
1,2021-05-04,-0.0067991701938592
1,2021-05-05,0.0019779642649641804
1,2021-05-06,0.01122648570726086
1,2021-05-07,0.00773837868329336
1,2021-05-10,-0.004857569741488439
1,2021-05-11,-0.00502793852954296
1,2021-05-12,-0.017428856151403042
1,2021-05-13,0.009659816380274959
1,2021-05-14,0.01263383921419802
1,2021-05-17,0.0036714433273474004
1,2021-05-18,-0.00472144032225592
1,2021-05-19,-0.0012839994307506
1,2021-05-20,0.00797809838427586
1,2021-05-21,0.00027820498207058
1,2021-05-24,0.00628035061900024
1,2021-05-25,0.0025368091538883406
1,2021-05-26,0.0005967883770718197
1,2021-05-27,0.00023905143123747997
1,2021-05-28,0.0024571507149242604
1,2021-05-31,0.00078207122734716
1,2021-06-01,-0.0018231349122350203
1,2021-06-02,0.0025750143474991
1,2021-06-03,-0.010061449706194839
1,2021-06-04,0.00963596721851776
1,2021-06-07,0.0013290307036702002
1,2021-06-08,-0.0011738332587392603
1,2021-06-09,-0.0018503292196048599
1,2021-06-10,0.00487345759795202
1,2021-06-11,-0.0035392731459611
1,2021-06-14,-0.0009266570430689605
1,2021-06-15,-0.0026653561950471002
1,2021-06-16,-0.013408678407929161
1,2021-06-17,-0.00872903696138752
1,2021-06-18,-0.01227331108946186
1,2021-06-21,0.01303798401185554
1,2021-06-22,0.0022116155649271997
1,2021-06-23,-0.00067373656433512
1,2021-06-24,0.0027511333515531197
1,2021-06-25,0.0032939622260854404
1,2021-06-28,0.0007242350808853999
1,2021-06-29,-0.00352155053672014
1,2021-06-30,0.00248334713285404
1,2021-07-01,0.0048588610351246
1,2021-07-02,0.0068803815167002205
1,2021-07-03,0.0
1,2021-07-04,0.0
1,2021-07-05,0.0010790299923326
1,2021-07-06,4.130442981101993e-05
1,2021-07-07,0.00361651964071298
1,2021-07-08,-0.00507735923602032
1,2021-07-09,0.00760763503132244
1,2021-07-12,0.0016845481236955
1,2021-07-13,-0.00169985423839494
1,2021-07-14,0.00523739020675256
1,2021-07-15,-0.0015830076986231597
1,2021-07-16,-0.00870792423728272
1,2021-07-19,-0.008540474992679679
1,2021-07-20,0.0080884158845527
1,2021-07-21,0.003372734159985879
1,2021-07-22,0.0020062046490978
1,2021-07-23,0.004988296257169119
1,2021-07-26,0.0005691564898922001
1,2021-07-27,-0.00240963259481284
1,2021-07-28,0.0015663817892430003
1,2021-07-29,0.00715282902943258
1,2021-07-30,-0.00605838336758276
1,2021-08-02,-0.00130071430123294
1,2021-08-03,0.004120275934596441
1,2021-08-04,-0.0026265044349127
1,2021-08-05,0.0021656313731141397
1,2021-08-06,-0.00817032315052982
1,2021-08-07,0.0
1,2021-08-08,0.0
1,2021-08-09,-0.008028894005206679
1,2021-08-10,0.0005729222596812199
1,2021-08-11,0.006778098405738881
1,2021-08-12,0.00199915200384362
1,2021-08-13,0.0071885073280092
1,2021-08-16,0.0032316555507344597
1,2021-08-17,-0.004219625111389259
1,2021-08-18,-0.00620190618171256
1,2021-08-19,-0.0007290942805025602
1,2021-08-20,0.0049292868526340195
1,2021-08-23,0.01074262278195842
1,2021-08-24,0.00037856849801334
1,2021-08-25,-0.0013882596855637603
1,2021-08-26,-0.00321131196715292
1,2021-08-27,0.010835079373467121
1,2021-08-30,0.0012073441131820403
1,2021-08-31,-0.00016855387076918007
1,2021-09-01,0.00036962708869287995
1,2021-09-02,0.00090641290759972
1,2021-09-03,0.00356609336309582
1,2021-09-06,-0.00067681895093064
1,2021-09-07,-0.00850152296191878
1,2021-09-08,-0.0018902980484641401
1,2021-09-09,-0.0012802192712076002
1,2021-09-10,-0.006368888894875619
1,2021-09-13,0.0029119073185426402
1,2021-09-14,-0.0008336907604271195
1,2021-09-15,0.0024221817669534598
1,2021-09-16,-0.0096982677176391
1,2021-09-17,-0.0075663623277556
1,2021-09-20,-0.007788085559429941
1,2021-09-21,0.0017848658581855002
1,2021-09-22,0.00442357974123124
1,2021-09-23,0.0015566778413883195
1,2021-09-24,0.00266170219895334
1,2021-09-27,-0.0017188500655700323
1,2021-09-28,-0.01578740665184468
1,2021-09-29,-0.0007367056444911402
1,2021-09-30,-0.00025390759361437927
1,2021-10-01,0.00797304809127406
1,2021-10-04,-0.005658536415467898
1,2021-10-05,0.004084211398372579
1,2021-10-06,0.00306639071670496
1,2021-10-07,0.003555607835732339
1,2021-10-08,-0.0007797636043104398
1,2021-10-11,-0.00498370118318514
1,2021-10-12,-9.253954717039969e-05
1,2021-10-13,0.0095952314341759
1,2021-10-14,0.01074169361742886
1,2021-10-15,-0.0017349483150716806
1,2021-10-18,0.0011742405606943
1,2021-10-19,0.00559682968188598
1,2021-10-20,0.00528733288371614
1,2021-10-21,0.0017737262706557801
1,2021-10-22,0.0015591812334565798
1,2021-10-25,0.00656277681560764
1,2021-10-26,-0.0027441419758024604
1,2021-10-27,-0.00175219639750264
1,2021-10-28,0.00621899038360124
1,2021-10-29,-0.0022985389921881803
1,2021-11-01,0.003329614231565
1,2021-11-02,0.0011386837963983797
1,2021-11-03,-0.0003116243871354005
1,2021-11-04,0.00784129808783794
1,2021-11-05,0.00766976070830936
1,2021-11-08,0.00217016426369574
1,2021-11-09,-0.0004001307653847398
1,2021-11-10,-0.0008760043467173802
1,2021-11-11,0.00277850897706612
1,2021-11-12,0.00506959957805082
1,2021-11-15,-0.0001335998483382
1,2021-11-16,-0.0003206727814200603
1,2021-11-17,0.0022291138432527
1,2021-11-18,0.00021670953272805984
1,2021-11-19,-0.004056071857220581
1,2021-11-22,-0.01026764913943038
1,2021-11-23,-0.0025971198015030603
1,2021-11-24,0.0013270119521332398
1,2021-11-25,-1.1182555213862245e-05
1,2021-11-26,-0.012630413121208718
1,2021-11-29,0.00584194007376422
1,2021-11-30,-0.01419107127275876
1,2021-12-01,-0.00466182209718422
1,2021-12-02,0.00604392844308908
1,2021-12-03,-0.0018057599181787796
1,2021-12-06,0.005843478604729059
1,2021-12-07,0.01374490765951004
1,2021-12-08,0.0011448567951977198
1,2021-12-09,-0.00575683658182752
1,2021-12-10,0.0074627549315243995
1,2021-12-13,-0.00432093208102756
1,2021-12-14,-0.00787966279967282
1,2021-12-15,0.0109296441604808
1,2021-12-16,-0.00034587107872471965
1,2021-12-17,-0.008764091435471801
1,2021-12-20,-0.0082402392682121
1,2021-12-21,0.01044080675854632
1,2021-12-22,0.00936319849620806
1,2021-12-23,0.00473357480970376
1,2021-12-24,4.424999032028e-05
1,2021-12-27,0.009108506802928979
1,2021-12-28,-0.0017117908646835
1,2021-12-29,0.00038863506531335994
1,2021-12-30,0.0008583958923855403
1,2021-12-31,0.0014366473098610202
1,2022-01-03,-0.0025509960343317404
1,2022-01-04,0.0028442699013716
1,2022-01-05,-0.012630115416482738
1,2022-01-06,-0.00517257650473404
1,2022-01-07,-0.00081788023355544
1,2022-01-10,0.0005409334635812802
1,2022-01-11,0.01003916855822248
1,2022-01-12,0.00234880943219284
1,2022-01-13,-0.00897498597060948
1,2022-01-14,-0.0008236926268542601
1,2022-01-17,0.00038960610162772004
1,2022-01-18,-0.011824220422970159
1,2022-01-19,-0.0004028703910187396
1,2022-01-20,-0.006988674821772839
1,2022-01-21,-0.012892435976091219
1,2022-01-24,0.00469071609046198
1,2022-01-25,-0.006348754370987899
1,2022-01-26,-0.007879094244539581
1,2022-01-27,-0.0077171195051421206
1,2022-01-28,0.013681071600186258
1,2022-01-31,0.01202159569285324
1,2022-02-01,0.004984858284861881
1,2022-02-02,0.00712798861220002
1,2022-02-03,-0.014567972130086298
1,2022-02-04,0.0035063088556081196
1,2022-02-07,0.0009115207325463
1,2022-02-08,0.0060727960715882
1,2022-02-09,0.01030454322721058
1,2022-02-10,-0.012058561148244839
1,2022-02-11,-0.004519145824149879
1,2022-02-14,0.0002599675366418402
1,2022-02-15,0.005991106732683238
1,2022-02-16,0.00397729890219342
1,2022-02-17,-0.0066296270215452195
1,2022-02-18,-0.0037585525610621196
1,2022-02-21,0.0016355177119612803
1,2022-02-22,-0.008013266469339819
1,2022-02-23,-0.008658089678344779
1,2022-02-24,0.008104759463170541
1,2022-02-25,0.0099637959981153
1,2022-02-28,0.002775203772176961
1,2022-03-01,-0.0017331716454964804
1,2022-03-02,0.007515733409243559
1,2022-03-03,-0.0010972321657461
1,2022-03-04,0.0019957701387311004
1,2022-03-07,-0.011660406949994599
1,2022-03-08,0.0063212415798734
1,2022-03-09,0.00421361508165034
1,2022-03-10,-0.0018316075562710993
1,2022-03-11,-0.009747415798818559
1,2022-03-14,-0.0112716347756004
1,2022-03-15,0.0063735117906873195
1,2022-03-16,0.01540900066806258
1,2022-03-17,0.01055852042758684
1,2022-03-18,0.0002558719743242198
1,2022-03-21,0.0029186066300788
1,2022-03-22,0.0040228487430812206
1,2022-03-23,-0.0031596324146747788
1,2022-03-24,0.011946774845260839
1,2022-03-25,0.002913795184578587
1,2022-03-28,-0.0027210415308258204
1,2022-03-29,0.006588490979862119
1,2022-03-30,-0.0008141044865127198
1,2022-03-31,-0.00837191336883962
1,2022-04-01,-0.0009693220027816602
1,2022-04-04,0.006832024430625101
1,2022-04-05,-0.00937550137153174
1,2022-04-06,-0.00564196794469526
1,2022-04-07,0.00441316413836468
1,2022-04-08,0.00122766361991872
1,2022-04-11,-0.008697191108419919
1,2022-04-12,0.00047161570982844027
1,2022-04-13,0.00913597933104706
1,2022-04-14,-0.00832053292395562
1,2022-04-15,0.00020673720053512
1,2022-04-18,0.00104890578103586
1,2022-04-19,0.003891306301283878
1,2022-04-20,0.00110804410532014
1,2022-04-21,-0.01018190102607764
1,2022-04-22,-0.02092367985824894
1,2022-04-25,-0.0031627969923136803
1,2022-04-26,-0.01571763170183696
1,2022-04-27,-0.0023935957423602203
1,2022-04-28,0.016898915910448398
1,2022-04-29,-0.021738414738274058
1,2022-05-02,-0.00348178971705204
1,2022-05-03,0.0038283988157813203
1,2022-05-04,0.021083650258223702
1,2022-05-05,-0.02219334922142564
1,2022-05-06,-0.0022770337341082
1,2022-05-09,-0.02537939606323106
1,2022-05-10,-0.0020183351389784997
1,2022-05-11,-0.006489478874481081
1,2022-05-12,-0.007191801964567522
1,2022-05-13,0.012023817464030499
1,2022-05-16,0.00035706498497386054
1,2022-05-17,0.010341992710153678
1,2022-05-18,-0.02397971201850512
1,2022-05-19,0.00207755487040412
1,2022-05-20,0.00112196668468288
1,2022-05-23,0.0128601210383349
1,2022-05-24,-0.0018434100547908196
1,2022-05-25,0.00249910730096968
1,2022-05-26,0.0113821869614866
1,2022-05-27,0.015315405945874317
1,2022-05-30,0.00075132372229088
1,2022-05-31,-0.00748678899130796
1,2022-06-01,-0.0030110791384319394
1,2022-06-02,0.01631999426414598
1,2022-06-03,-0.01356399184160772
1,2022-06-06,-0.0002846913880782801
1,2022-06-07,0.00813884797732398
1,2022-06-08,-0.00624468561272646
1,2022-06-09,-0.015489206675305019
1,2022-06-10,-0.01234219007598858
1,2022-06-13,-0.03393882152848636
1,2022-06-14,-0.0041546408616812604
1,2022-06-15,0.01414638640461886
1,2022-06-16,-0.014767542683493479
1,2022-06-17,-0.0050327346545223205
1,2022-06-20,-0.00023051621496720002
1,2022-06-21,0.013857327300030059
1,2022-06-22,-3.3534055497080016e-05
1,2022-06-23,0.0026247737455845
1,2022-06-24,0.0198994139702186
1,2022-06-27,-0.00304751335401408
1,2022-06-28,-0.01292683934708698
1,2022-06-29,-0.0010557674223234002
1,2022-06-30,-0.00712431211043198
1,2022-07-01,0.00707424770483408
1,2022-07-04,-0.00023423084997076
1,2022-07-05,-0.0087655908207982
1,2022-07-06,-0.0038794674833726402
1,2022-07-07,0.009287745309344059
1,2022-07-08,1.457392154811997e-05
1,2022-07-11,-0.00872574917997752
1,2022-07-12,-0.00712281385610606
1,2022-07-13,-0.0009676896489602201
1,2022-07-14,-0.00739984602182342
1,2022-07-15,0.01083828440670072
1,2022-07-18,-0.00443154977411242
1,2022-07-19,0.01669369649865972
1,2022-07-20,0.00040147691646249964
1,2022-07-21,0.011311398178764961
1,2022-07-22,-0.0037117226978192596
1,2022-07-25,-0.0010504157184960201
1,2022-07-26,-0.00751286450028342
1,2022-07-27,0.01951460059047494
1,2022-07-28,0.01242078478808088
1,2022-07-29,0.0110513894105008
1,2022-08-01,-0.0003015719201972197
1,2022-08-02,-0.006663120608422481
1,2022-08-03,0.01056629793312974
1,2022-08-04,0.0055031935629318
1,2022-08-05,-0.00477069985115996
1,2022-08-08,0.0025433174573678
1,2022-08-09,-0.00113913804218836
1,2022-08-10,0.01216764348835364
1,2022-08-11,-0.00059817089162056
1,2022-08-12,0.0129090681777993
1,2022-08-15,-0.0026003288108875405
1,2022-08-16,0.00041744129592439995
1,2022-08-17,-0.00752314421088222
1,2022-08-18,0.0010964770429684
1,2022-08-19,-0.01042205091535192
1,2022-08-22,-0.01526949925904778
1,2022-08-23,0.0013069868497538799
1,2022-08-24,0.00265767967367152
1,2022-08-25,0.010195357062548802
1,2022-08-26,-0.02521830511765978
1,2022-08-29,-0.00374624501464326
1,2022-08-30,-0.00987126742404094
1,2022-08-31,-0.007547647236570259
1,2022-09-01,-0.0015334590667724806
1,2022-09-02,-0.0027065323633542995
1,2022-09-05,-0.00028747721217216
1,2022-09-06,-0.00438295806182518
1,2022-09-07,0.014668128600642698
1,2022-09-08,0.0014975798294978799
1,2022-09-09,0.01137587524362056
1,2022-09-12,0.008318007530334081
1,2022-09-13,-0.03131434144254608
1,2022-09-14,0.0009377850313368999
1,2022-09-15,-0.014374174005041582
1,2022-09-16,-0.00432049826835202
1,2022-09-19,0.004853576500778559
1,2022-09-20,-0.00991140783976774
1,2022-09-21,-0.00790964105795112
1,2022-09-22,-0.005807023409935261
1,2022-09-23,-0.01662327993552218
1,2022-09-26,-0.011174498690022142
1,2022-09-27,0.00025179417833134
1,2022-09-28,0.019330381062067158
1,2022-09-29,-0.012328509709331019
1,2022-09-30,-0.009427466260907999
1,2022-10-03,0.025372767962385502
1,2022-10-04,0.0249525296485569
1,2022-10-05,-0.00381374968586
1,2022-10-06,-0.00734580901728246
1,2022-10-07,-0.02055431961717364
1,2022-10-10,-0.01085078473195014
1,2022-10-11,-0.00443529574730356
1,2022-10-12,-0.00024968322201638
1,2022-10-13,0.0142298684724303
1,2022-10-14,-0.01944585365880546
1,2022-10-17,0.01741115275668764
1,2022-10-18,0.0075079776631953605
1,2022-10-19,-0.00990379272784582
1,2022-10-20,-0.005235077440986601
1,2022-10-21,0.02170767727167438
1,2022-10-24,0.005395816375181899
1,2022-10-25,0.0105322328453293
1,2022-10-26,-0.0016230267550981
1,2022-10-27,-0.0035765071992250796
1,2022-10-28,0.009179843989996238
1,2022-10-31,-0.00643902539182582
1,2022-11-01,0.0008965780650927596
1,2022-11-02,-0.01811934281583456
1,2022-11-03,-0.00758251758537516
1,2022-11-04,0.02118721627357318
1,2022-11-07,0.004408599869562459
1,2022-11-08,0.012275412662346559
1,2022-11-09,-0.013809414814187059
1,2022-11-10,0.0443255835370306
1,2022-11-11,0.00944065514295526
1,2022-11-14,-0.00485326273862168
1,2022-11-15,0.0065735789705864195
1,2022-11-16,-0.00558501155019202
1,2022-11-17,-0.00474494127894278
1,2022-11-18,0.00019593322407805962
1,2022-11-21,-0.00490891524120144
1,2022-11-22,0.00863352827099408
1,2022-11-23,0.00585881955249528
1,2022-11-24,0.0012988200859782
1,2022-11-25,0.00013476383728375997
1,2022-11-28,-0.01307964539540866
1,2022-11-29,0.00103294114244048
1,2022-11-30,0.02317990452762032
1,2022-12-01,0.00734834972425498
1,2022-12-02,-0.0018170890266894398
1,2022-12-05,-0.01734147184049492
1,2022-12-06,-0.008078855077609578
1,2022-12-07,0.00243736411625314
1,2022-12-08,0.00537442554636614
1,2022-12-09,-0.00282778911154706
1,2022-12-12,0.005203872942854839
1,2022-12-13,0.01108600923225336
1,2022-12-14,-0.00450340357220132
1,2022-12-15,-0.02145187484148298
1,2022-12-16,-0.0062636874144228
1,2022-12-19,-0.00618133963414016
1,2022-12-20,0.00752780797043826
1,2022-12-21,0.008249555157902079
1,2022-12-22,-0.01331346034949836
1,2022-12-23,0.00464294059259666
1,2022-12-26,-6.67441640572e-05
1,2022-12-27,0.00126539722776952
1,2022-12-28,-0.009626612583395078
1,2022-12-29,0.013194750183585902
1,2022-12-30,0.0005155650051340602
1,2023-01-02,-0.00015566761675072
1,2023-01-03,0.0009395488020325204
1,2023-01-04,0.00780690267138692
1,2023-01-05,-0.01135698050120856
1,2023-01-06,0.02085511896753288
1,2023-01-09,0.0009205100266948201
1,2023-01-10,0.00542164489817784
1,2023-01-11,0.007399077140502339
1,2023-01-12,0.006550319417982699
1,2023-01-13,0.007251617358189641
1,2023-01-16,-0.00046036631410108003
1,2023-01-17,-0.00310329271786924
1,2023-01-18,-0.010443262453327459
1,2023-01-19,0.0014374259550145206
1,2023-01-20,0.01017919448798908
1,2023-01-23,0.00818120745108772
1,2023-01-24,0.0006297677078448201
1,2023-01-25,0.0019756424144118604
1,2023-01-26,0.0031120904033962987
1,2023-01-27,0.0010364808197574197
1,2023-01-30,-0.0085284434071559
1,2023-01-31,0.00993719053111476
1,2023-02-01,0.01105333712536484
1,2023-02-02,0.00093072975259198
1,2023-02-03,-0.01617473259465612
1,2023-02-06,-0.0032744061332556796
1,2023-02-07,0.009228785818315259
1,2023-02-08,-0.006180877167800339
1,2023-02-09,-0.00822989020450062
1,2023-02-10,0.00210503137962698
1,2023-02-13,0.004623696009752858
1,2023-02-14,-8.190405682137998e-05
1,2023-02-15,-0.0019560297648835
1,2023-02-16,-0.0079889656851395
1,2023-02-17,-0.00059554043388236
1,2023-02-20,-9.774162544320001e-05
1,2023-02-21,-0.013518227547699178
1,2023-02-22,-0.00285051934207482
1,2023-02-23,0.00266563365260546
1,2023-02-24,-0.00900565848380638
1,2023-02-27,0.0034793151556635604
1,2023-02-28,-5.17462741341599e-05
1,2023-03-01,-0.00018675030217369997
1,2023-03-02,0.00448996990120216
1,2023-03-03,0.01375558179945872
1,2023-03-06,-0.00133532560679946
1,2023-03-07,-0.0164159989738732
1,2023-03-08,0.0009946747793077313
1,2023-03-09,-0.00725425230978638
1,2023-03-10,-0.0005872849892202981
1,2023-03-13,0.00886739055957206
1,2023-03-14,0.007595225224830638
1,2023-03-15,-0.00039212372908279964
1,2023-03-16,0.0107398374984596
1,2023-03-17,0.005071837848345142
1,2023-03-20,0.0039141825935030995
1,2023-03-21,8.331778591667924e-05
1,2023-03-22,-0.004160298853393119
1,2023-03-23,0.006479882312101561
1,2023-03-24,0.0006706116673833597
1,2023-03-27,-0.0030576853047302403
1,2023-03-28,0.0021552465176563804
1,2023-03-29,0.006765202636025718
1,2023-03-30,0.006814501566368061
1,2023-03-31,0.005962140316952639
1,2023-04-03,0.00558121130993848
1,2023-04-04,0.00390056575842572
1,2023-04-05,-0.0014957010236831
1,2023-04-06,-0.00010063125363808049
1,2023-04-10,-0.0029837149141330203
1,2023-04-11,0.00281245177624964
1,2023-04-12,-0.00014318733100698
1,2023-04-13,0.012945116240431799
1,2023-04-14,-0.0086607143597479
1,2023-04-17,0.0005014463066810198
1,2023-04-18,0.00242868867852582
1,2023-04-19,-0.00242965867871116
1,2023-04-20,-0.0010507619108325993
1,2023-04-21,-0.0038145556666070403
1,2023-04-24,0.00183424707836962
1,2023-04-25,-0.007716218365372539
1,2023-04-26,-0.00422116013365096
1,2023-04-27,0.011621098985809238
1,2023-04-28,0.0054792896497821
1,2023-05-01,-0.0021337780985489
1,2023-05-02,0.00016447928210855996
1,2023-05-03,0.00039288660752258026
1,2023-05-04,-0.0018780640822497001
1,2023-05-05,0.00436583026467892
1,2023-05-08,0.0011219934886159
1,2023-05-09,-0.00010224354554787957
1,2023-05-10,0.0018870529139216798
1,2023-05-11,-0.00379778793357804
1,2023-05-12,-0.00165937049302628
1,2023-05-15,0.0039495428042478405
1,2023-05-16,-0.01034434019941078
1,2023-05-17,0.00589947564003302
1,2023-05-18,0.001002261311403299
1,2023-05-19,0.0029082839162116398
1,2023-05-22,-0.00119925318338484
1,2023-05-23,-0.00565723154735232
1,2023-05-24,-0.007936232568443521
1,2023-05-25,0.0017887039007756
1,2023-05-26,0.009005243910475018
1,2023-05-29,-0.00071724733215844
1,2023-05-30,0.00358447250866512
1,2023-05-31,-0.00268196446024002
1,2023-06-01,0.008876475323153681
1,2023-06-02,0.0025590254040612588
1,2023-06-05,0.0017522409543475803
1,2023-06-06,0.00152873500925606
1,2023-06-07,-0.00680651588645616
1,2023-06-08,0.00943022373335236
1,2023-06-09,-0.0003788652127595803
1,2023-06-12,0.0046923357341299606
1,2023-06-13,0.0011779054159937801
1,2023-06-14,0.00064453175803494
1,2023-06-15,0.010456612563954519
1,2023-06-16,-0.004315919879083579
1,2023-06-19,-0.001479543875424
1,2023-06-20,-0.00602760372941582
1,2023-06-21,-0.0038284158840916002
1,2023-06-22,-0.0017135791378418606
1,2023-06-23,-0.0028971140561680196
1,2023-06-26,-0.0021412700121482796
1,2023-06-27,0.00460173824894796
1,2023-06-28,-0.0009370761615159599
1,2023-06-29,0.0025179434911889397
1,2023-06-30,0.00947435537082494
1,2023-07-03,0.0010778954118489
1,2023-07-04,0.00076193251900924
1,2023-07-05,-0.00250678390509768
1,2023-07-06,-0.00605862749519178
1,2023-07-07,0.00130704782429792
1,2023-07-10,0.0016662286450976201
1,2023-07-11,0.005275687523697659
1,2023-07-12,0.01002426930193066
1,2023-07-13,0.00539571204465158
1,2023-07-14,-0.00144706406467848
1,2023-07-17,0.002044457261044329
1,2023-07-18,0.00936334457721538
1,2023-07-19,0.00103910159402806
1,2023-07-20,-0.00552422581024352
1,2023-07-21,-0.00190696682608824
1,2023-07-24,0.0015131385635110798
1,2023-07-25,0.0036989195067436004
1,2023-07-26,0.00162333457948472
1,2023-07-27,-0.00947666573360836
1,2023-07-28,0.0087965430285781
1,2023-07-31,0.00216121511237538
1,2023-08-01,-0.005812271277346679
1,2023-08-02,-0.01051099737082042
1,2023-08-03,-0.0016822662410238508
1,2023-08-04,-0.0010836599188636998
1,2023-08-07,0.00415967461154136
1,2023-08-08,-0.00499923097766726
1,2023-08-09,-0.00613705513367248
1,2023-08-10,-0.0003132053386418
1,2023-08-11,-8.625632685149996e-05
1,2023-08-14,0.00217890721465072
1,2023-08-15,-0.008318565418544279
1,2023-08-16,-0.006464364462949521
1,2023-08-17,-0.0051787647876085
1,2023-08-18,0.00014056352786602
1,2023-08-21,0.0051218778237213805
1,2023-08-22,-0.0008796292588291199
1,2023-08-23,0.0102326331806785
1,2023-08-24,-0.007663531936337601
1,2023-08-25,0.00362492123306022
1,2023-08-28,0.00487660839663976
1,2023-08-29,0.012311014432686259
1,2023-08-30,0.00352851933559466
1,2023-08-31,-0.0013928987411013201
1,2023-09-01,0.0009252891542916199
1,2023-09-04,-0.00012585104188156
1,2023-09-05,-0.0051481036504425
1,2023-09-06,-0.006012905602711961
1,2023-09-07,-0.0012347137585122
1,2023-09-08,0.0006160540559479598
1,2023-09-11,0.0047489500534240794
1,2023-09-12,-0.00503982511301718
1,2023-09-13,-0.0007555407806285201
1,2023-09-14,0.00601697522008128
1,2023-09-15,-0.00653814567174512
1,2023-09-18,0.00234190035006638
1,2023-09-19,-0.00169949807894936
1,2023-09-20,-0.005777039063588819
1,2023-09-21,-0.01201270049051968
1,2023-09-22,-0.00021970763025237977
1,2023-09-25,0.0005844055856026194
1,2023-09-26,-0.0119823281153563
1,2023-09-27,-0.00518856972688512
1,2023-09-28,0.0013149188015135196
1,2023-09-29,-0.00494225188517442
1,2023-10-02,-0.0047638225802268
1,2023-10-03,-0.00903634593299534
1,2023-10-04,0.00398954019932146
1,2023-10-05,-0.00046108857306492
1,2023-10-06,0.00981596781115042
1,2023-10-09,0.01008934018891022
1,2023-10-10,0.00295309147448074
1,2023-10-11,0.0053651576382044
1,2023-10-12,-0.00471678413137816
1,2023-10-13,0.010507858038713399
1,2023-10-16,0.0037741656239610004
1,2023-10-17,0.0007289502262976268
1,2023-10-18,-0.0028740676632804186
1,2023-10-19,6.98685070097205e-05
1,2023-10-20,-0.00588527818913596
1,2023-10-23,-0.00274608526371258
1,2023-10-24,0.00402072485418072
1,2023-10-25,-0.006680431499722839
1,2023-10-26,-0.0061340615899364605
1,2023-10-27,0.0015043902771178408
1,2023-10-30,0.005199174104379919
1,2023-10-31,0.0011266954964402197
1,2023-11-01,0.0062878924215266
1,2023-11-02,0.012176655689553458
1,2023-11-03,0.00683591259683006
1,2023-11-06,-0.0015490278262460801
1,2023-11-07,-0.00016931056212884
1,2023-11-08,-0.00334232201956416
1,2023-11-09,-0.0029559827778259593
1,2023-11-10,0.00499151498664498
1,2023-11-13,0.0013074640222661199
1,2023-11-14,0.0150897493872135
1,2023-11-15,0.0005406332729011801
1,2023-11-16,0.0051767342777331
1,2023-11-17,0.00057666108074434
1,2023-11-20,0.004048864438125579
1,2023-11-21,0.0029772477440434394
1,2023-11-22,0.0005850889992321401
1,2023-11-23,0.00041613895422472
1,2023-11-24,0.00241360677012482
1,2023-11-27,0.0012510970785584
1,2023-11-28,0.006007168323790201
1,2023-11-29,0.00030313086956224006
1,2023-11-30,0.0006330224414028201
1,2023-12-01,0.01045606346589768
1,2023-12-04,-0.011099807195410542
1,2023-12-05,-0.0021520001518819
1,2023-12-06,-0.0013324110404399798
1,2023-12-07,0.00525777880151544
1,2023-12-08,-0.00234078898873532
1,2023-12-11,-0.00207675623455796
1,2023-12-12,0.00236480802641218
1,2023-12-13,0.01776161068949756
1,2023-12-14,0.0037298047166678602
1,2023-12-15,-0.0068141738451234606
1,2023-12-18,0.0051211430176058195
1,2023-12-19,0.0062375848372542
1,2023-12-20,-0.0104573907759101
1,2023-12-21,0.008902251791427439
1,2023-12-22,0.00267052452161742
1,2023-12-25,0.00037993550838288004
1,2023-12-26,0.004805126534677
1,2023-12-27,0.003128768184697
1,2023-12-28,-0.0021419707716587204
1,2023-12-29,-0.0021767171661023397
1,2024-01-01,0.00023465642711348003
1,2024-01-02,-0.00431138936141006
1,2024-01-03,-0.008416506712643101
1,2024-01-04,-0.0014465464294283398
1,2024-01-05,0.0012602920151957
1,2024-01-08,0.00511213239542414
1,2024-01-09,-0.00056504531510506
1,2024-01-10,0.0021733132899910998
1,2024-01-11,0.0006627574882686
1,2024-01-12,0.0044845137138217
1,2024-01-15,0.00112655706978016
1,2024-01-16,-0.007440045090417241
1,2024-01-17,-0.0076497100740499
1,2024-01-18,0.008716037007435659
1,2024-01-19,0.00874930425386092
1,2024-01-22,-0.0003281970841872402
1,2024-01-23,0.0032739279941469603
1,2024-01-24,-0.00251860291442614
1,2024-01-25,0.00468639719103508
1,2024-01-26,-0.00104149070295024
1,2024-01-29,0.0074092759949519
1,2024-01-30,0.0003962388270283
1,2024-01-31,-0.009580177016226321
1,2024-02-01,0.0113282580983158
1,2024-02-02,0.00314351576422538
1,2024-02-05,-0.00491598653738426
1,2024-02-06,0.00387366054518046
1,2024-02-07,0.0047605716228816194
1,2024-02-08,6.0506038607759994e-05
1,2024-02-09,0.0016930912596056398
1,2024-02-12,-0.00112693601438274
1,2024-02-13,-0.013741600142963599
1,2024-02-14,0.005504763718516
1,2024-02-15,0.00648877765021354
1,2024-02-16,-0.0011896658564564799
1,2024-02-19,0.0009001043167254801
1,2024-02-20,-0.00213354798263694
1,2024-02-21,0.0008321265899732401
1,2024-02-22,0.012243460450756942
1,2024-02-23,0.00270813481412608
1,2024-02-26,-0.00319174208477096
1,2024-02-27,0.0009137266365522001
1,2024-02-28,0.00018844594258992005
1,2024-02-29,0.00385165977265378
1,2024-03-01,0.013493036571987239
1,2024-03-04,0.0054235719757711204
1,2024-03-05,-0.0036210614908226395
1,2024-03-06,0.006939661522463
1,2024-03-07,0.00797979603203266
1,2024-03-08,-0.0002018584811963797
1,2024-03-11,0.00039522530354880005
1,2024-03-12,0.00196772937406808
1,2024-03-13,0.00210128050628112
1,2024-03-14,-0.0036493237131836
1,2024-03-15,-0.00697811726120624
1,2024-03-18,0.00439167366896482
1,2024-03-19,0.00282312978589156
1,2024-03-20,0.01087683262004184
1,2024-03-21,0.0010404074017975797
1,2024-03-22,-0.00419324055488912
1,2024-03-25,-0.0003084216404569398
1,2024-03-26,0.0002052256260463201
1,2024-03-27,0.007877182451813701
1,2024-03-28,0.00687886973407498
1,2024-04-01,0.00217783638447684
1,2024-04-02,0.0014713426795825808
1,2024-04-03,0.00400463005173334
1,2024-04-04,-0.00901821873730072
1,2024-04-05,0.013269019756747161
1,2024-04-08,0.00194799189325132
1,2024-04-09,0.0030352975875666
1,2024-04-10,-0.00937267292696882
1,2024-04-11,0.01146402651772804
1,2024-04-12,-0.01330620817221402
1,2024-04-15,-0.00084631953764688
1,2024-04-16,-0.00104053622321886
1,2024-04-17,-0.007247375414641939
1,2024-04-18,0.0017202761215102602
1,2024-04-19,-0.0031850986070983997
1,2024-04-22,-0.00521056716970244
1,2024-04-23,0.00634966191094128
1,2024-04-24,-0.00131673548283058
1,2024-04-25,0.00047735336700918023
1,2024-04-26,0.00670328747572328
1,2024-04-29,0.0015636661056538598
1,2024-04-30,-0.01787850688455258
1,2024-05-01,0.0037098223757922005
1,2024-05-02,0.0030908238688243795
1,2024-05-03,0.00713674214391796
1,2024-05-06,0.01002132381933952
1,2024-05-07,-0.0010215568065763403
1,2024-05-08,-0.0008305740242971944
1,2024-05-09,0.00990766644251988
1,2024-05-10,0.0032043211912526405
1,2024-05-13,-0.0040021696791234605
1,2024-05-14,0.0065062190973738405
1,2024-05-15,0.01219149560448294
1,2024-05-16,-0.0028438358047708796
1,2024-05-17,0.0073343747003609995
1,2024-05-20,0.0023857705268054002
1,2024-05-21,0.0008975393099147799
1,2024-05-22,-0.008894686097965081
1,2024-05-23,-0.012771899720927519
1,2024-05-24,0.00489585331111062
1,2024-05-27,0.00291032496914844
1,2024-05-28,0.00215663623786948
1,2024-05-29,-0.00795931555673888
1,2024-05-30,-0.0032567746932144395
1,2024-05-31,0.0027282158088244197
1,2024-06-03,0.004508180370972841
1,2024-06-04,-0.0031874401846078205
1,2024-06-05,0.01178809387472054
1,2024-06-06,0.0035271129161851753
1,2024-06-07,-0.01468795565658324
1,2024-06-10,0.004975095052944059
1,2024-06-11,0.00242650965156716
1,2024-06-12,0.0060123353700891995
1,2024-06-13,-0.00212619764796174
1,2024-06-14,0.00545881527965176
1,2024-06-17,0.00243459951221832
1,2024-06-18,0.0031562306853085403
1,2024-06-19,-0.00014602741020384001
1,2024-06-20,0.0038953597112831202
1,2024-06-21,-0.00939162766981996
1,2024-06-24,0.0002199941799376603
1,2024-06-25,-7.619969085698045e-05
1,2024-06-26,-0.0028906266484229805
1,2024-06-27,0.0060879677085449
1,2024-06-28,-0.0026600771138269403
1,2024-07-01,0.00226501778078876
1,2024-07-02,0.00362270020178952
1,2024-07-03,0.00727639285239908
1,2024-07-04,1.0186497797182172e-05
1,2024-07-05,0.0094596008430517
1,2024-07-08,-0.004770430718019761
1,2024-07-09,0.00139407106243492
1,2024-07-10,0.00720474259339756
1,2024-07-11,0.0022003664904104193
1,2024-07-12,0.0032030831623218996
1,2024-07-15,0.00344161647082936
1,2024-07-16,0.01123751749343908
1,2024-07-17,-0.010063862395796439
1,2024-07-18,-0.0067928342953516
1,2024-07-19,-0.01121226706513018
1,2024-07-22,0.00566274389946302
1,2024-07-23,0.0009874209949810402
1,2024-07-24,-0.015526720593532922
1,2024-07-25,-0.00864675606174652
1,2024-07-26,0.010284175971110521
1,2024-07-29,1.2276072763019977e-05
1,2024-07-30,0.0011371096888597404
1,2024-07-31,0.01634129200212534
1,2024-08-01,-0.00893446837633178
1,2024-08-02,-0.01151947139831014
1,2024-08-05,-0.02330895338163904
1,2024-08-06,0.002494731226788279
1,2024-08-07,-0.00532282171449598
1,2024-08-08,0.02146547565533822
1,2024-08-09,0.00333479906905032
1,2024-08-12,0.007114246899154941
1,2024-08-13,0.00869925510652056
1,2024-08-14,-0.0009290231142191805
1,2024-08-15,0.01166669418930778
1,2024-08-16,0.00968038401389338
1,2024-08-19,0.00520082299043032
1,2024-08-20,0.0005930607242682203
1,2024-08-21,0.0017770949298309999
1,2024-08-22,-0.00927285720593534
1,2024-08-23,0.011010960881242201
1,2024-08-26,-0.00066277959949774
1,2024-08-27,0.0020443917378436404
1,2024-08-28,-0.0070195979008410795
1,2024-08-29,0.00307981108243848
1,2024-08-30,0.002847986226232659
1,2024-09-02,-0.0005976756171520401
1,2024-09-03,-0.01339252797411248
1,2024-09-04,-0.0009986183572613801
1,2024-09-05,0.0020897504106104805
1,2024-09-06,-0.01316445219425386
1,2024-09-09,0.00803450804241198
1,2024-09-10,0.00434897748932314
1,2024-09-11,0.005411357302981719
1,2024-09-12,0.0125890495275073
1,2024-09-13,0.00590845601106472
1,2024-09-16,0.00183002139478484
1,2024-09-17,-0.0017775982855901804
1,2024-09-18,-0.00344832424786352
1,2024-09-19,0.014565717286319179
1,2024-09-20,0.0026182419364800804
1,2024-09-23,0.00248181120765926
1,2024-09-24,0.00602358601847824
1,2024-09-25,-0.0013052302146082948
1,2024-09-26,0.00439321874993302
1,2024-09-27,-0.00270224549012824
1,2024-09-30,-0.0011291980177925002
1,2024-10-01,-0.00107366792621978
1,2024-10-02,-0.0005083539083000201
1,2024-10-03,-0.00137536170718068
1,2024-10-04,0.004902712616316
1,2024-10-07,-0.00673184214368788
1,2024-10-08,0.0024001856214594395
1,2024-10-09,0.001994077005032399
1,2024-10-10,0.00228004308075208
1,2024-10-11,0.00762719681756794
1,2024-10-14,0.00416151969415332
1,2024-10-15,-0.0031620460299132797
1,2024-10-16,0.00444930567242754
1,2024-10-17,0.0029408975191456046
1,2024-10-18,0.00642294866008016
1,2024-10-21,-0.00107353312591724
1,2024-10-22,0.0039068486643999804
1,2024-10-23,-0.009970873320689261
1,2024-10-24,0.00397060603762978
1,2024-10-25,0.00154594819100342
1,2024-10-28,0.0010235504427754199
1,2024-10-29,0.005806945711347641
1,2024-10-30,-0.00022099076424981958
1,2024-10-31,-0.01784759615006372
1,2024-11-01,0.00127279088274856
1,2024-11-04,-0.00111249902994184
1,2024-11-05,0.00830753148308824
1,2024-11-06,0.0026216129625884384
1,2024-11-07,0.01182178318498444
1,2024-11-08,-0.0008321010840367203
1,2024-11-11,-0.00890300673836528
1,2024-11-12,-0.0053643481060512005
1,2024-11-13,-0.0033261385658337602
1,2024-11-14,-0.00503765662035106
1,2024-11-15,-0.00845674924600386
1,2024-11-18,0.010417031715051659
1,2024-11-19,0.00517624430015972
1,2024-11-20,0.0029954192466107605
1,2024-11-21,0.00618547152170568
1,2024-11-22,0.00828133835589934
1,2024-11-25,-0.010836790485447681
1,2024-11-26,0.00414308275083432
1,2024-11-27,-0.0012678554976754397
1,2024-11-28,0.0008271643818464
1,2024-11-29,0.00563415051875076
1,2024-12-02,-0.0011284107137382003
1,2024-12-03,0.00096192658976926
1,2024-12-04,0.00468658989044962
1,2024-12-05,-0.0036653423303393403
1,2024-12-06,0.0012680717412980802
1,2024-12-09,0.0008404707323544413
1,2024-12-10,0.0033790611462711203
1,2024-12-11,0.00824536938922522
1,2024-12-12,-0.00847801377401974
1,2024-12-13,-0.00503311946141792
1,2024-12-16,0.00318277763377856
1,2024-12-17,-0.0035216007898302
1,2024-12-18,-0.02663801104697772
1,2024-12-19,0.0007772852648371601
1,2024-12-20,0.00932112427142458
1,2024-12-23,0.0023964018074777793
1,2024-12-24,0.006710353744182759
1,2024-12-26,0.003289569115378404
1,2024-12-27,-0.00850688078773662
1,2024-12-30,-0.00907747809998952
1,2024-12-31,0.0006451267721830399
1,2025-01-02,0.0036100081293902212
1,2025-01-03,0.004786371140950079
1,2025-01-06,0.00288193910226682
1,2025-01-07,-0.00463319450418826
1,2025-01-08,0.00277433550635202
1,2025-01-09,0.0012216103318482801
1,2025-01-10,-0.00624830841849858
1,2025-01-13,-0.0031610204762194598
1,2025-01-14,0.00308546064503918
1,2025-01-15,0.01370199190112072
1,2025-01-16,0.0015094974862106202
1,2025-01-17,0.004222749142772079
1,2025-01-20,0.00096389109955392
1,2025-01-21,0.010858354790627241
1,2025-01-22,0.00492219713233584
1,2025-01-23,0.0030817478974889995
1,2025-01-24,0.00080648462945594
1,2025-01-27,-0.012846225991211779
1,2025-01-28,0.00836726244144038
1,2025-01-29,-0.00347146514791114
1,2025-01-30,0.00846666743400414
1,2025-01-31,-0.00217380639988616
1,2025-02-03,-0.00225410345491232
1,2025-02-04,0.00806975788572436
1,2025-02-05,0.0056911203589710396
1,2025-02-06,0.0008860689102987399
1,2025-02-07,-0.004947426797497419
1,2025-02-10,0.010640308976681962
1,2025-02-11,-0.0007819337866856201
1,2025-02-12,-0.0011986805117691
1,2025-02-13,0.009829426191335559
1,2025-02-14,-0.006290979835119119
1,2025-02-17,0.0020088929584694804
1,2025-02-18,0.006996090642955041
1,2025-02-19,0.00101233989168856
1,2025-02-20,-0.0016696477397970199
1,2025-02-21,-0.01062588545618506
1,2025-02-24,-0.0006648990358925394
1,2025-02-25,-0.00787275035387196
1,2025-02-26,0.0004497286300635
1,2025-02-27,-0.01506376303866866
1,2025-02-28,0.006917010486112539
1,2025-03-03,-0.005599071647043779
1,2025-03-04,-0.0038149824622961594
1,2025-03-05,0.00663379566712778
1,2025-03-06,-0.01186351547030732
1,2025-03-07,0.0034729245790458196
1,2025-03-10,-0.018920794505550183
1,2025-03-11,-0.0012997284208329592
1,2025-03-12,0.005381412074306379
1,2025-03-13,-0.00040089338157712
1,2025-03-14,0.01194763645967582
1,2025-03-17,0.006911984606170001
1,2025-03-18,-0.00215651118397984
1,2025-03-19,0.00827878718049448
1,2025-03-20,-0.00209866681139846
1,2025-03-21,-0.00433240021527666
1,2025-03-24,0.009242232501048081
1,2025-03-25,0.00244885756997468
1,2025-03-26,-0.00723714114961228
1,2025-03-27,0.0032832278938694807
1,2025-03-28,-0.008427311718490739
1,2025-03-31,0.0090885533649827
1,2025-04-01,9.370413540741988e-05
1,2025-04-02,0.006757242679303541
1,2025-04-03,-0.03221594256574828
1,2025-04-04,-0.04482369619508374
1,2025-04-07,-0.00828814177366416
1,2025-04-08,-0.00923137514877464
1,2025-04-09,0.0762029227517482
1,2025-04-10,-0.014385563273495395
1,2025-04-11,0.01855593679244164
1,2025-04-14,0.0024922937698422395
1,2025-04-15,0.00060286180611916
1,2025-04-16,0.0009921076333335218
1,2025-04-17,-0.0010199690191213
1,2025-04-21,-0.0026502281858329178
1,2025-04-22,0.010732571129137617
1,2025-04-23,-0.001851720896131382
1,2025-04-24,0.020030212342887738
1,2025-04-25,0.0007939309274232593
1,2025-04-28,0.0029063766445155802
1,2025-04-29,0.0008481449273237797
1,2025-04-30,-0.00320937701683552
1,2025-05-01,-0.001536326050184121
1,2025-05-02,0.008891666379880482
1,2025-05-05,0.00811427654525208
1,2025-05-06,0.006466186289111902
1,2025-05-07,-0.0050564467257459
1,2025-05-08,-0.0029142506362419413
1,2025-05-09,0.0015479748802510603
1,2025-05-12,0.009008621567616315
1,2025-05-13,0.00566511753606918
1,2025-05-14,-0.00781814571969306
1,2025-05-15,0.01074752404693492
1,2025-05-16,-0.0009020142253141602
1,2025-05-19,0.00403841705868026
1,2025-05-20,0.0054468084313470605
1,2025-05-21,-0.007086885335354421
1,2025-05-22,-0.00217531009597096
1,2025-05-23,0.00348211906786902
1,2025-05-26,-0.00172513418041232
1,2025-05-27,0.007417687232045358
1,2025-05-28,-0.00479456387351046
1,2025-05-29,0.0056829619887488
1,2025-05-30,-0.00400183001328344
1,2025-06-02,0.01442250887773482
1,2025-06-03,0.00011290192964757929
1,2025-06-04,0.0027373023472857406
1,2025-06-05,-0.0055509041201333
1,2025-06-06,0.0009153463439161387
1,2025-06-09,0.0027352243386754597
1,2025-06-10,0.00276365642599026
1,2025-06-11,0.0019986626045539
1,2025-06-12,0.00613551923180794
1,2025-06-13,-0.001113280587409519
1,2025-06-16,-5.262070584124111e-05
1,2025-06-17,-0.004472097775674979
1,2025-06-18,-0.00240981819736118
1,2025-06-19,0.00019708585998
1,2025-06-20,-0.0034725836788424003
1,2025-06-23,0.006003691171489141
1,2025-06-24,0.0013233157242259598
1,2025-06-25,0.00133012427947562
1,2025-06-26,0.00416615600118162
1,2025-06-27,-0.0034864060953875803
1,2025-06-30,0.006465261322487261
1,2025-07-01,0.00410642374317252
1,2025-07-02,0.004894153991358979
1,2025-07-03,0.0010604673800711601
1,2025-07-04,0.0012108568285049601
1,2025-07-07,-0.0045946451950892395
1,2025-07-08,-0.0045150125086206
1,2025-07-09,0.0051758740118178406
1,2025-07-10,0.00282078590925126
1,2025-07-11,0.001843738511604541
1,2025-07-14,-0.0002984956903123602
1,2025-07-15,-0.00509642756267806
1,2025-07-16,0.004889237503452101
1,2025-07-17,0.0027598065762772196
1,2025-07-18,0.0009322262499123001
1,2025-07-21,0.00655795188826316
1,2025-07-22,0.0042910766122345595
1,2025-07-23,8.16119836233916e-06
1,2025-07-24,-0.0021190696380938004
1,2025-07-25,-0.0011433849317901202
1,2025-07-28,-0.00285236504002644
1,2025-07-29,-0.00011031023281040005
1,2025-07-30,-0.0069584793503721
1,2025-07-31,-0.0004102627136086997
1,2025-08-01,-0.0010131716764638608
1,2025-08-04,0.0103676010630421
1,2025-08-05,-0.0021052209641352795
1,2025-08-06,0.0031489672836238396
1,2025-08-07,0.00285390142489038
1,2025-08-08,0.00485160717467092
1,2025-08-11,-0.007535815033410101
1,2025-08-12,0.0065514308573307
1,2025-08-13,0.00307353143542858
1,2025-08-14,-0.002117823883840747
1,2025-08-15,-0.0015378336390181602
1,2025-08-18,-0.0007109901702399001
1,2025-08-19,-0.00506740421894432
1,2025-08-20,0.0022242513760953398
1,2025-08-21,-0.0033990089676016796
1,2025-08-22,0.01320351189783012
1,2025-08-25,-0.00327165023560558
1,2025-08-26,0.00561186798427776
1,2025-08-27,0.00190234123365124
1,2025-08-28,0.00445368874143722
1,2025-08-29,2.7037783969180527e-05
1,2025-09-01,0.0033027842227378
1,2025-09-02,0.00214212518311796
1,2025-09-03,0.00616086054042768
1,2025-09-04,0.0035243205982827194
1,2025-09-05,0.0028463633487650596
1,2025-09-08,0.00694176216069532
1,2025-09-09,0.00035736390279829996
1,2025-09-10,0.00330737909548782
1,2025-09-11,0.0042555034031430405
1,2025-09-12,0.0007943013675536
1,2025-09-15,0.00714699871533346
1,2025-09-16,0.0003339231970785401
1,2025-09-17,-0.00397164566692452
1,2025-09-18,0.0010898406415330599
1,2025-09-19,0.00576301954896722
1,2025-09-22,0.00951329500380256
1,2025-09-23,-0.0013742365455061004
1,2025-09-24,-0.00487367890191656
1,2025-09-25,-0.0013677941814691198
1,2025-09-26,0.00459709025660808
1,2025-09-29,0.009525120452959241
1,2025-09-30,0.004824595761444761
1,2025-10-01,0.0028002246144533597
1,2025-10-02,-0.00026802933535693995
1,2025-10-03,0.0031337559042433974
1,2025-10-06,0.0097940083544808
1,2025-10-07,7.082250793544013e-05
1,2025-10-08,0.00910820392051116
1,2025-10-09,-0.0079388985040656
1,2025-10-10,-0.011990649534889179
1,2025-10-13,0.018404375675748978
1,2025-10-14,0.0023428877033457203
1,2025-10-15,0.0090630550151141
1,2025-10-16,0.00709099318586548
1,2025-10-17,-0.003639688283378521
1,2025-10-20,0.01626576960424312
1,2025-10-21,-0.02125535128697849
1,2025-10-22,-0.006128263942565441
1,2025-10-23,0.00669419487841588
1,2025-10-24,0.0035395602145374796
1,2025-10-27,-0.0056165897564605825
1,2025-10-28,-0.0013208113469908604
1,2025-10-29,-0.00195844940618296
1,2025-10-30,0.002976790437912361
1,2025-10-31,-0.00023736871239991983
1,2025-11-03,0.00106503539529694
1,2025-11-04,-0.014071220313372278
1,2025-11-05,0.007223651038047519
1,2025-11-06,-0.006914689104109559
1,2025-11-07,0.00278792719837838
1,2025-11-10,0.0209813779621473
1,2025-11-11,0.00242120636957854
1,2025-11-12,0.00731764372257396
1,2025-11-13,-0.01255432164313936
1,2025-11-14,-0.0089085530195694
1,2025-11-17,-0.009018652327843879
1,2025-11-18,-0.0027371982377904598
1,2025-11-19,0.00367290641622096
1,2025-11-20,-0.00955305251568358
1,2025-11-21,0.00483878452518198
1,2025-11-24,0.01609154610324528
1,2025-11-25,0.0048173864423126395
1,2025-11-26,0.007379938835904301
1,2025-11-27,-0.00067425604921496
1,2025-11-28,0.0103041765655661
1,2025-11-30,-0.00075638852842248
1,2025-12-01,-0.0017825353315157
2,2021-01-01,0.0
2,2021-01-02,0.009650577828943541
2,2021-01-03,0.0023781345807978704
2,2021-01-04,0.005305756792220584
2,2021-01-05,0.011210551974850675
2,2021-01-06,0.006047168780813631
2,2021-01-07,0.014269245088478022
2,2021-01-08,-0.005735895970424933
2,2021-01-09,-0.00110198944316773
2,2021-01-10,-0.0048807154829534904
2,2021-01-11,-0.011322257057697441
2,2021-01-12,-0.0019330166989323448
2,2021-01-13,0.00887834024866199
2,2021-01-14,0.00343367549888794
2,2021-01-15,-0.013707820415512386
2,2021-01-16,-0.00224258938603586
2,2021-01-17,-0.00049945168589237
2,2021-01-18,0.004132129213855065
2,2021-01-19,0.00311854174181215
2,2021-01-20,0.012155908385056976
2,2021-01-21,-0.012748434321850424
2,2021-01-22,0.0018021722240337602
2,2021-01-23,-0.00276238238814563
2,2021-01-24,0.00047493058347278
2,2021-01-25,0.0026641908593680653
2,2021-01-26,-0.0009670083045269849
2,2021-01-27,-0.0210929976125768
2,2021-01-28,0.01381219639700475
2,2021-01-29,-0.007143500567409386
2,2021-01-30,-5.4516089534670007e-05
2,2021-01-31,-0.00342734466836429
2,2021-02-01,0.013053673145967976
2,2021-02-02,0.009361672965302376
2,2021-02-03,0.00584013491165317
2,2021-02-04,-0.0034353596428201
2,2021-02-05,0.00950256531055591
2,2021-02-06,0.0025040733622994703
2,2021-02-07,-0.00102836210981083
2,2021-02-08,0.026967655408411232
2,2021-02-09,0.001196710470937635
2,2021-02-10,-0.00285282157705359
2,2021-02-11,0.004721165913835572
2,2021-02-12,0.001062703877756245
2,2021-02-13,-0.00042852589204103004
2,2021-02-14,0.0031264376588712606
2,2021-02-15,-0.002403756975853545
2,2021-02-16,-0.0025609246201971046
2,2021-02-17,0.002522588971663866
2,2021-02-18,-0.00344682242251623
2,2021-02-19,0.00875664595539711
2,2021-02-20,3.058672857945e-05
2,2021-02-21,0.00270028628291763
2,2021-02-22,-0.004840029719546656
2,2021-02-23,-0.00963958420349615
2,2021-02-24,0.007532522856651935
2,2021-02-25,-0.025512626632264137
2,2021-02-26,-0.011272292207573455
2,2021-02-27,-0.00045074397569564
2,2021-02-28,-0.00210829990007953
2,2021-03-01,0.02119574325865616
2,2021-03-02,-0.0037602576767697257
2,2021-03-03,-0.00868026728457617
2,2021-03-04,-0.013524311625244886
2,2021-03-05,0.011627634133129876
2,2021-03-06,0.00012932315417328
2,2021-03-07,0.00435303220101688
2,2021-03-08,-0.00416948627341057
2,2021-03-09,0.019864806394061553
2,2021-03-10,0.00737754477819875
2,2021-03-11,0.008122720955888571
2,2021-03-12,0.0008327643350783
2,2021-03-13,0.00686316796792463
2,2021-03-14,-0.0034015684211042303
2,2021-03-15,-0.0012395586682479006
2,2021-03-16,0.00109315207459905
2,2021-03-17,0.008162567116421066
2,2021-03-18,-0.011747919922835116
2,2021-03-19,-0.0003815393225426807
2,2021-03-20,9.296240187306461e-06
2,2021-03-21,-0.0012214812698172202
2,2021-03-22,-0.0024428191444446305
2,2021-03-23,-0.006116786655500241
2,2021-03-24,-0.005267465808781956
2,2021-03-25,-0.0003104462843108598
2,2021-03-26,0.017143284992502936
2,2021-03-27,0.00150228668092398
2,2021-03-28,-0.00017489245993316
2,2021-03-29,-0.000996116225165215
2,2021-03-30,-0.0050130616197935195
2,2021-03-31,0.006830341253652139
2,2021-04-01,0.01061294073381721
2,2021-04-02,0.0001700190021525
2,2021-04-03,-0.00325108134824755
2,2021-04-04,0.0019979004519811603
2,2021-04-05,0.00917663657854796
2,2021-04-06,0.0010487211490560846
2,2021-04-07,-0.004156697975192185
2,2021-04-08,0.01017479842108624
2,2021-04-09,0.001510379279105301
2,2021-04-10,0.0028040888732886403
2,2021-04-11,0.00038544965220825003
2,2021-04-12,-0.0021174611361691347
2,2021-04-13,0.010059363938953795
2,2021-04-14,-0.004332010511055885
2,2021-04-15,0.0117683445604332
2,2021-04-16,0.0015338831907952695
2,2021-04-17,-0.00217954796129664
2,2021-04-18,-0.006386873166905111
2,2021-04-19,-0.005079510436771015
2,2021-04-20,-0.0009518809277530198
2,2021-04-21,0.0036817785698817643
2,2021-04-22,-0.010765655502415296
2,2021-04-23,0.0035044246310538757
2,2021-04-24,-0.00206223261561563
2,2021-04-25,-0.00224660553535813
2,2021-04-26,0.01206886721209049
2,2021-04-27,0.0010741070468190052
2,2021-04-28,0.00039952105590889976
2,2021-04-29,-0.0008106198090592548
2,2021-04-30,0.0036285268486678894
2,2021-05-01,0.00015038036877839002
2,2021-05-02,-0.00208157821444078
2,2021-05-03,0.006890159611110544
2,2021-05-04,-0.012100203901405805
2,2021-05-05,0.00862297591374639
2,2021-05-06,0.0082194079401512
2,2021-05-07,0.008605001349625765
2,2021-05-08,0.0026211604333661303
2,2021-05-09,-0.0010227718851599401
2,2021-05-10,-0.00860073178967414
2,2021-05-11,-0.0031063303829490857
2,2021-05-12,-0.028677420419041855
2,2021-05-13,0.009401443099702296
2,2021-05-14,0.01171050050654226
2,2021-05-15,-0.006282127937913071
2,2021-05-16,-0.0006045969924296901
2,2021-05-17,-0.0030654524990558455
2,2021-05-18,-0.005825708560257176
2,2021-05-19,-0.015588084459174962
2,2021-05-20,0.01813389520154055
2,2021-05-21,-0.00817594634555029
2,2021-05-22,0.00040458584244478
2,2021-05-23,-0.00739312598969781
2,2021-05-24,0.01748873043472901
2,2021-05-25,0.0012034819366456646
2,2021-05-26,0.0028410536057832153
2,2021-05-27,-0.001897239345169725
2,2021-05-28,-0.004976002442901285
2,2021-05-29,-0.0030225026288117803
2,2021-05-30,0.00308865795758808
2,2021-05-31,0.005300499551860366
2,2021-06-01,-0.0032553959503341355
2,2021-06-02,0.00465892130417857
2,2021-06-03,-0.004552350240517479
2,2021-06-04,0.002699002159165965
2,2021-06-05,-0.00361262696295653
2,2021-06-06,0.00083164414414413
2,2021-06-07,-0.00510838614762168
2,2021-06-08,-0.00160280994893467
2,2021-06-09,0.010173972736650026
2,2021-06-10,0.0025515014309305147
2,2021-06-11,-0.0012405158835612146
2,2021-06-12,-0.004950073161711491
2,2021-06-13,0.01002438852470573
2,2021-06-14,0.0031057019893298
2,2021-06-15,-0.0032991007454570252
2,2021-06-16,-0.016404737833048216
2,2021-06-17,-0.008387017048788975
2,2021-06-18,-0.017208024029043943
2,2021-06-19,-0.00066015093959619
2,2021-06-20,0.00023202509475297
2,2021-06-21,0.0007991121290229905
2,2021-06-22,0.00460699849875665
2,2021-06-23,0.0030050556970592905
2,2021-06-24,0.005499517589564495
2,2021-06-25,-0.005890163485539286
2,2021-06-26,0.0020554535671330103
2,2021-06-27,0.007552243249781341
2,2021-06-28,9.987935974292489e-05
2,2021-06-29,0.0008733984420646847
2,2021-06-30,-6.026807749773033e-05
2,2021-07-01,0.00015517328541830942
2,2021-07-02,0.007015748118537151
2,2021-07-03,0.0027486144546245003
2,2021-07-04,0.00159860460296807
2,2021-07-05,-0.0036181210538799146
2,2021-07-06,0.001587028716496975
2,2021-07-07,0.0022073898546454552
2,2021-07-08,-0.007603476559533275
2,2021-07-09,0.00975654459915866
2,2021-07-10,-0.00084858598590424
2,2021-07-11,0.0021399199059402
2,2021-07-12,-0.0016931912386180452
2,2021-07-13,-0.002734980485394085
2,2021-07-14,0.004902959446598805
2,2021-07-15,-0.004457050355562346
2,2021-07-16,-0.009217825513877715
2,2021-07-17,0.00039689112569281
2,2021-07-18,0.00084648429816045
2,2021-07-19,-0.010825244550549487
2,2021-07-20,0.0040520488007636255
2,2021-07-21,0.010999478083660941
2,2021-07-22,0.002329079001324065
2,2021-07-23,0.008660486136415124
2,2021-07-24,0.0006591614514050701
2,2021-07-25,0.00463062604952577
2,2021-07-26,0.005886994547897031
2,2021-07-27,0.003613463735815445
2,2021-07-28,0.00275747455896665
2,2021-07-29,0.006357910558938152
2,2021-07-30,8.23103339907998e-05
2,2021-07-31,-0.0015394494282451301
2,2021-08-01,-0.00403189126359384
2,2021-08-02,-0.002970741512314695
2,2021-08-03,0.0011582773816580152
2,2021-08-04,0.0017922816230145798
2,2021-08-05,0.004897708447013036
2,2021-08-06,-0.0023895115080616444
2,2021-08-07,0.004249989484851151
2,2021-08-08,-0.0018411178503704901
2,2021-08-09,-0.0013563303068895838
2,2021-08-10,-0.0009594601448573
2,2021-08-11,0.00592825594823628
2,2021-08-12,-0.0007236454989674253
2,2021-08-13,0.01400534644437164
2,2021-08-14,-0.0015218860007822702
2,2021-08-15,-0.00019158268109553
2,2021-08-16,0.0007691524449501695
2,2021-08-17,-0.006692585720993266
2,2021-08-18,-0.00562824257318098
2,2021-08-19,0.00394441679545413
2,2021-08-20,0.01000462177962427
2,2021-08-21,-0.0009086854269726601
2,2021-08-22,0.00077482107709745
2,2021-08-23,0.010198739906291485
2,2021-08-24,-0.0033129805889370798
2,2021-08-25,0.0015199239255117552
2,2021-08-26,-0.007372054810707445
2,2021-08-27,0.014471726264125141
2,2021-08-28,-0.00034077730651411005
2,2021-08-29,-0.00024479979385280004
2,2021-08-30,-0.00249250158440124
2,2021-08-31,0.00010850092374562479
2,2021-09-01,0.003920385204894751
2,2021-09-02,0.0018018275598985904
2,2021-09-03,0.004585010011094104
2,2021-09-04,-0.00016120322406447
2,2021-09-05,0.00370644892464502
2,2021-09-06,0.00115304985357428
2,2021-09-07,-0.018715357802401307
2,2021-09-08,-0.0032197521440004303
2,2021-09-09,-0.0005233545638312104
2,2021-09-10,-0.00909592345708064
2,2021-09-11,0.0007115969564790601
2,2021-09-12,0.00199371594197763
2,2021-09-13,0.00019604206271415007
2,2021-09-14,0.003869808062793715
2,2021-09-15,0.00456517520082215
2,2021-09-16,-0.009320535891309895
2,2021-09-17,-0.007917432934164807
2,2021-09-18,0.00216548089368648
2,2021-09-19,-0.0022108734399162
2,2021-09-20,-0.016478297829222763
2,2021-09-21,-0.0036385988790191455
2,2021-09-22,0.011249084958838342
2,2021-09-23,0.004691219962733816
2,2021-09-24,-0.0021971064673858157
2,2021-09-25,-0.00031083678383181005
2,2021-09-26,0.0012102101820703202
2,2021-09-27,-0.003961440644499249
2,2021-09-28,-0.01704537661481023
2,2021-09-29,0.0006516562878845603
2,2021-09-30,0.0049770293304679195
2,2021-10-01,0.017137453750766703
2,2021-10-02,-0.00099509824284468
2,2021-10-03,0.00111859592295702
2,2021-10-04,-0.0031425058111294746
2,2021-10-05,0.00838819346194336
2,2021-10-06,0.010274758529155235
2,2021-10-07,0.0005449214844007646
2,2021-10-08,-0.000484691097445835
2,2021-10-09,0.0019063446518296603
2,2021-10-10,-0.00046375756472676006
2,2021-10-11,0.0005592317419022049
2,2021-10-12,-0.0026850791907968106
2,2021-10-13,0.010921147960423334
2,2021-10-14,0.00975972074236635
2,2021-10-15,0.006217244888541271
2,2021-10-16,-0.00131565932952288
2,2021-10-17,0.00109495227657732
2,2021-10-18,0.0019609261852600304
2,2021-10-19,0.008671038832989891
2,2021-10-20,0.007370284634620829
2,2021-10-21,-0.004095046602667465
2,2021-10-22,-0.0011047893555066704
2,2021-10-23,0.0010252050162876
2,2021-10-24,-0.00072742099898063
2,2021-10-25,0.009491789357063716
2,2021-10-26,-0.0067488968388263355
2,2021-10-27,-0.00474900951737439
2,2021-10-28,0.009352361713363596
2,2021-10-29,0.0007800675231607553
2,2021-10-30,-0.00064698246222857
2,2021-10-31,-0.0008578576037231501
2,2021-11-01,0.00231328805405298
2,2021-11-02,0.004883667384109046
2,2021-11-03,-0.0005996230680350547
2,2021-11-04,0.004585535001576645
2,2021-11-05,0.006084083915912905
2,2021-11-06,0.00083576195216672
2,2021-11-07,0.00291019274964665
2,2021-11-08,0.00864456902585931
2,2021-11-09,-0.00135607141848061
2,2021-11-10,-0.003914815266094091
2,2021-11-11,0.0022453905155122252
2,2021-11-12,0.0035873323056376254
2,2021-11-13,0.00041179084580063004
2,2021-11-14,0.0017230188233905601
2,2021-11-15,-0.00302446298372017
2,2021-11-16,-0.005698806689682475
2,2021-11-17,0.0023535545200482197
2,2021-11-18,-0.005378316703508605
2,2021-11-19,-0.0016130933345645398
2,2021-11-20,0.00281354052965219
2,2021-11-21,-0.0016800742159765202
2,2021-11-22,-0.01315152961778908
2,2021-11-23,6.145242650209973e-06
2,2021-11-24,0.0005305087811804751
2,2021-11-25,0.0030746084167441105
2,2021-11-26,-0.020439582121049404
2,2021-11-27,0.0019262658916936002
2,2021-11-28,0.004611628768996761
2,2021-11-29,0.006296852316511096
2,2021-11-30,-0.014481450922435187
2,2021-12-01,-0.0037812061482256957
2,2021-12-02,0.004422793870622685
2,2021-12-03,-0.006867844277220486
2,2021-12-04,-0.00827181786823042
2,2021-12-05,0.00042748072982730004
2,2021-12-06,0.007750161785918566
2,2021-12-07,0.01260937937814001
2,2021-12-08,0.000828203342505865
2,2021-12-09,-0.010906591408604576
2,2021-12-10,0.00580005383741561
2,2021-12-11,0.004619069439847931
2,2021-12-12,0.00155430958440214
2,2021-12-13,-0.010746150322729537
2,2021-12-14,-0.0035061656336011398
2,2021-12-15,0.010998174750383172
2,2021-12-16,-0.003067118929791491
2,2021-12-17,-0.011078256184981336
2,2021-12-18,0.00148141089226849
2,2021-12-19,-0.00032375651461278004
2,2021-12-20,-0.0070677335239083304
2,2021-12-21,0.013859010700818075
2,2021-12-22,0.007824591165209935
2,2021-12-23,0.00882688154074995
2,2021-12-24,9.388610233614995e-06
2,2021-12-25,-0.0007476455171789
2,2021-12-26,0.0007409773362112701
2,2021-12-27,0.0081234710139778
2,2021-12-28,-0.007700391502867856
2,2021-12-29,-0.0019068490458574202
2,2021-12-30,0.0021059521224643394
2,2021-12-31,-0.0007238848087597752
2,2022-01-01,0.003285409837839
2,2022-01-02,-0.0008927898110519801
2,2022-01-03,-0.003950755417814615
2,2022-01-04,0.0012033922904232598
2,2022-01-05,-0.016792186500930836
2,2022-01-06,-0.0053057203746301
2,2022-01-07,-0.004412835234809765
2,2022-01-08,0.00030158833312874
2,2022-01-09,0.00042306584757152
2,2022-01-10,0.00040373461756304497
2,2022-01-11,0.011165822945949696
2,2022-01-12,0.00485556723336537
2,2022-01-13,-0.01125217805046341
2,2022-01-14,0.00049555637068069
2,2022-01-15,5.502248492685001e-05
2,2022-01-16,-4.153421351834e-05
2,2022-01-17,-0.0016781711970293648
2,2022-01-18,-0.01042100418940826
2,2022-01-19,-0.002233265908818535
2,2022-01-20,-0.008699735502147421
2,2022-01-21,-0.022186252741015565
2,2022-01-22,-0.0038390152294005605
2,2022-01-23,0.0034049698932579102
2,2022-01-24,0.0053597207372171945
2,2022-01-25,-0.00513995227874898
2,2022-01-26,-0.007363416222963235
2,2022-01-27,-0.0058870798637297005
2,2022-01-28,0.014154611709637503
2,2022-01-29,0.00112782851284007
2,2022-01-30,-0.0006630722961006901
2,2022-01-31,0.012501175616698206
2,2022-02-01,0.005079005300321316
2,2022-02-02,0.0017794701895248403
2,2022-02-03,-0.012256806953338466
2,2022-02-04,0.014663323861875492
2,2022-02-05,-0.00037408943504074
2,2022-02-06,0.00236669958780162
2,2022-02-07,0.004118210339512604
2,2022-02-08,0.0059854710975663205
2,2022-02-09,0.010178731735566255
2,2022-02-10,-0.012955600597782805
2,2022-02-11,-0.007049641565843262
2,2022-02-12,-0.00043219371337442007
2,2022-02-13,-0.00034142712272421
2,2022-02-14,0.00130880877555873
2,2022-02-15,0.010331842533983036
2,2022-02-16,0.0020246934724370697
2,2022-02-17,-0.013925037783983962
2,2022-02-18,-0.004813525100058805
2,2022-02-19,0.00022549943625143002
2,2022-02-20,-0.00432847845987683
2,2022-02-21,-0.0020555599892584904
2,2022-02-22,-0.00395581365348845
2,2022-02-23,-0.0106954995614899
2,2022-02-24,0.010462150427643957
2,2022-02-25,0.01154018209157789
2,2022-02-26,-0.00023999224679669003
2,2022-02-27,-0.0036466362439442203
2,2022-02-28,0.016955030528342768
2,2022-03-01,0.0009555802348414234
2,2022-03-02,0.005893676184186071
2,2022-03-03,-0.0043860816840310705
2,2022-03-04,-0.006276095840213786
2,2022-03-05,0.00064660843528936
2,2022-03-06,-0.0025198117565832
2,2022-03-07,-0.011924911310651607
2,2022-03-08,0.007235044514744629
2,2022-03-09,0.012575576644637551
2,2022-03-10,-0.007708295523188745
2,2022-03-11,-0.01058751554644111
2,2022-03-12,0.00021714321124084
2,2022-03-13,-0.0026327925532600104
2,2022-03-14,-0.0050742827710194395
2,2022-03-15,0.0051550949481198255
2,2022-03-16,0.01870305170584862
2,2022-03-17,0.00905559653817062
2,2022-03-18,0.002504255332464426
2,2022-03-19,0.0011137766413361302
2,2022-03-20,-0.00226600052091966
2,2022-03-21,0.001931099837865765
2,2022-03-22,0.007105883271073107
2,2022-03-23,-0.0018146019325497647
2,2022-03-24,0.013396002818743057
2,2022-03-25,0.0033941738698075393
2,2022-03-26,0.00048949944733933
2,2022-03-27,0.005187662745802291
2,2022-03-28,-0.0016781062613111034
2,2022-03-29,0.00680448458354048
2,2022-03-30,-0.0016549272811664704
2,2022-03-31,-0.011002825442866106
2,2022-04-01,0.0009184676933408405
2,2022-04-02,-0.00104974404389053
2,2022-04-03,0.0013009975770011501
2,2022-04-04,0.006670563340954781
2,2022-04-05,-0.010927719884941602
2,2022-04-06,-0.010313501789402746
2,2022-04-07,0.004624465003240465
2,2022-04-08,-0.001692422767115376
2,2022-04-09,0.00116380839739798
2,2022-04-10,-0.0014707601655482
2,2022-04-11,-0.0143048516973346
2,2022-04-12,0.0017910310651321698
2,2022-04-13,0.01091268889369926
2,2022-04-14,-0.010501833092674181
2,2022-04-15,0.00174339505046823
2,2022-04-16,-0.00043885601577908003
2,2022-04-17,-0.00168144222673468
2,2022-04-18,0.003698642952587275
2,2022-04-19,0.00552401959832931
2,2022-04-20,0.0006257232418495598
2,2022-04-21,-0.01142475460783866
2,2022-04-22,-0.020903689603404576
2,2022-04-23,-0.00073283134805711
2,2022-04-24,0.00011669795524886002
2,2022-04-25,-0.00018230926389682526
2,2022-04-26,-0.020200845577342613
2,2022-04-27,0.0009407669579208505
2,2022-04-28,0.016704890736874246
2,2022-04-29,-0.02288100112283974
2,2022-04-30,-0.0024131048961924303
2,2022-05-01,0.00215405046480743
2,2022-05-02,-0.002758278636300319
2,2022-05-03,0.0013976694812667403
2,2022-05-04,0.024432488231743738
2,2022-05-05,-0.028229540893568075
2,2022-05-06,-0.0036056162071981855
2,2022-05-07,-0.00150240217723346
2,2022-05-08,-0.0039697755723469
2,2022-05-09,-0.034648625661419456
2,2022-05-10,0.0013237861520336359
2,2022-05-11,-0.012329740855571833
2,2022-05-12,-0.006636109848351875
2,2022-05-13,0.012182865256997365
2,2022-05-14,0.0027181707666880505
2,2022-05-15,0.00408338984853924
2,2022-05-16,-0.00445128932004998
2,2022-05-17,0.01153509325107862
2,2022-05-18,-0.0277520072781631
2,2022-05-19,0.007320221406759765
2,2022-05-20,-0.002727104346162495
2,2022-05-21,0.00087735532205108
2,2022-05-22,0.0028945526693075502
2,2022-05-23,0.007780331082802831
2,2022-05-24,0.00010520230093489982
2,2022-05-25,0.0020429899038751807
2,2022-05-26,0.009317806685782042
2,2022-05-27,0.01195228394205621
2,2022-05-28,0.00148909835950938
2,2022-05-29,0.0015092792597262501
2,2022-05-30,0.00832102499810928
2,2022-05-31,-0.00647024070306518
2,2022-06-01,-0.009111480406408856
2,2022-06-02,0.01696088978996153
2,2022-06-03,-0.014756493986992126
2,2022-06-04,0.00055015167890535
2,2022-06-05,0.00016307095763168
2,2022-06-06,0.004689782988879446
2,2022-06-07,0.006600003583445936
2,2022-06-08,-0.00871449657620793
2,2022-06-09,-0.014491318489831961
2,2022-06-10,-0.01489498496662308
2,2022-06-11,-0.0023377677223698702
2,2022-06-12,-0.00632705943654633
2,2022-06-13,-0.046274678718226915
2,2022-06-14,-0.005005636959720686
2,2022-06-15,0.014632741136279586
2,2022-06-16,-0.02345450812104632
2,2022-06-17,-0.004173008304191586
2,2022-06-18,-0.0071319566046780004
2,2022-06-19,0.008378058093908831
2,2022-06-20,-0.00022551445173760997
2,2022-06-21,0.013474400538771185
2,2022-06-22,-0.0037164887577062454
2,2022-06-23,0.008225962349845652
2,2022-06-24,0.018804919026403716
2,2022-06-25,0.00123899391809449
2,2022-06-26,-0.00207725489648625
2,2022-06-27,-0.004250888192931415
2,2022-06-28,-0.014003164200290677
2,2022-06-29,-0.001766229587971715
2,2022-06-30,-0.007355270006629865
2,2022-07-01,0.0031236565044313208
2,2022-07-02,-0.00010226912873969999
2,2022-07-03,0.00034661594745157004
2,2022-07-04,0.004486423932613865
2,2022-07-05,-0.007697866328813406
2,2022-07-06,-0.0015255006656253096
2,2022-07-07,0.013737793906079376
2,2022-07-08,-0.00013074691540690013
2,2022-07-09,-0.00010966535870289001
2,2022-07-10,-0.0034283729009843503
2,2022-07-11,-0.01216191612665006
2,2022-07-12,-0.00962101167150552
2,2022-07-13,0.0037765433160431897
2,2022-07-14,-0.004876319258522995
2,2022-07-15,0.01112259476356534
2,2022-07-16,0.00184777023879838
2,2022-07-17,-0.00200048090750075
2,2022-07-18,0.004288112395031195
2,2022-07-19,0.01920863018475678
2,2022-07-20,-0.00032234890826139933
2,2022-07-21,0.009884124112514851
2,2022-07-22,-0.005543372470484036
2,2022-07-23,-0.0009472904318374199
2,2022-07-24,0.00054184253174474
2,2022-07-25,-0.006557832818604681
2,2022-07-26,-0.007119275134476386
2,2022-07-27,0.02577010380298742
2,2022-07-28,0.015065744813905609
2,2022-07-29,0.009717034495091596
2,2022-07-30,-0.0005892917982863701
2,2022-07-31,-0.0013996665848643002
2,2022-08-01,-0.00047608361494035534
2,2022-08-02,-0.0072095412488953695
2,2022-08-03,0.00890707023028542
2,2022-08-04,0.0038838879321775543
2,2022-08-05,-0.0011381752467408898
2,2022-08-06,-0.00156168215477814
2,2022-08-07,0.00100722622710749
2,2022-08-08,0.0049622558517289
2,2022-08-09,-0.0039075416398936256
2,2022-08-10,0.014697992931236432
2,2022-08-11,-0.00063857757623087
2,2022-08-12,0.013654711626549597
2,2022-08-13,0.00017951776119218
2,2022-08-14,-0.00057154546384371
2,2022-08-15,-0.0029997440089447745
2,2022-08-16,-0.00060188273394064
2,2022-08-17,-0.008934842598596272
2,2022-08-18,0.0004561916778075951
2,2022-08-19,-0.019679089955258557
2,2022-08-20,0.00147662411851396
2,2022-08-21,0.00178959170060881
2,2022-08-22,-0.014350300934397237
2,2022-08-23,0.00155426853215328
2,2022-08-24,0.0016990872010599
2,2022-08-25,0.010210913562004017
2,2022-08-26,-0.029012291488917843
2,2022-08-27,-0.00106667193418239
2,2022-08-28,-0.0024144075791533402
2,2022-08-29,0.00037050176973045957
2,2022-08-30,-0.01139113521569955
2,2022-08-31,-0.005524751153530665
2,2022-09-01,-0.0008532315871060548
2,2022-09-02,-0.003493392936126096
2,2022-09-03,-0.00060793777283274
2,2022-09-04,0.00084966265619168
2,2022-09-05,-0.0012855477306765002
2,2022-09-06,-0.00901553417479788
2,2022-09-07,0.015919154418287475
2,2022-09-08,0.001659978093008241
2,2022-09-09,0.02094307736760411
2,2022-09-10,0.0013348810214741601
2,2022-09-11,0.0008521782507482502
2,2022-09-12,0.010113481571614366
2,2022-09-13,-0.03839901223604418
2,2022-09-14,0.0011489132888083504
2,2022-09-15,-0.01543658322245211
2,2022-09-16,-0.0035615303583584564
2,2022-09-17,0.00157102169434006
2,2022-09-18,-0.0034538991224799306
2,2022-09-19,0.00505922610416955
2,2022-09-20,-0.012370590137596865
2,2022-09-21,-0.009388569751600762
2,2022-09-22,-0.00034225192079959457
2,2022-09-23,-0.015533711408113837
2,2022-09-24,-0.0019089330603571002
2,2022-09-25,-0.00064464312134085
2,2022-09-26,-0.007778044600609371
2,2022-09-27,-0.0005961377642345703
2,2022-09-28,0.01913546183075528
2,2022-09-29,-0.01037205822289028
2,2022-09-30,-0.00950327707640299
2,2022-10-01,-0.00057200226535549
2,2022-10-02,-0.0013447666982534003
2,2022-10-03,0.025885001100460908
2,2022-10-04,0.026235034666933586
2,2022-10-05,-0.004293457909254939
2,2022-10-06,-0.007681634160313281
2,2022-10-07,-0.02081399187826683
2,2022-10-08,-0.0005954544756365301
2,2022-10-09,0.00013391707442698
2,2022-10-10,-0.011261369032473444
2,2022-10-11,-0.004433781497982686
2,2022-10-12,0.00020118740316197475
2,2022-10-13,0.014285551968079072
2,2022-10-14,-0.01860652315117013
2,2022-10-15,-0.00058962141196341
2,2022-10-16,0.00101317866451304
2,2022-10-17,0.01736353628645081
2,2022-10-18,0.005737797941965691
2,2022-10-19,-0.00989998506926567
2,2022-10-20,-0.005213880183822891
2,2022-10-21,0.020230335083143976
2,2022-10-22,0.00022022063811799
2,2022-10-23,0.00190785636924102
2,2022-10-24,0.00380249302670312
2,2022-10-25,0.013500802920730488
2,2022-10-26,0.0018113596466601198
2,2022-10-27,-0.00555765565763816
2,2022-10-28,0.010112872955330728
2,2022-10-29,0.00104591539447616
2,2022-10-30,-0.0008817960768484
2,2022-10-31,-0.006444992497683325
2,2022-11-01,0.0006126590686990996
2,2022-11-02,-0.01808848957867737
2,2022-11-03,-0.006634117283487431
2,2022-11-04,0.023548159800143405
2,2022-11-05,0.0007363129495552201
2,2022-11-06,-0.0018087843166710402
2,2022-11-07,0.002531855677713255
2,2022-11-08,0.0008627584501557147
2,2022-11-09,-0.026850155124073842
2,2022-11-10,0.050873227640180686
2,2022-11-11,0.005437000391108575
2,2022-11-12,-0.0014938504038146802
2,2022-11-13,-0.0028025864532723703
2,2022-11-14,-0.0026877017424981604
2,2022-11-15,0.00765889080274622
2,2022-11-16,-0.007176438463859401
2,2022-11-17,-0.003317221746880165
2,2022-11-18,-3.1982365520419765e-05
2,2022-11-19,0.00036602297109682006
2,2022-11-20,-0.00247017821212992
2,2022-11-21,-0.007520662445956925
2,2022-11-22,0.010658856098055195
2,2022-11-23,0.00781902490454469
2,2022-11-24,0.000999917186934555
2,2022-11-25,-0.00042317627335901505
2,2022-11-26,-0.00033792990679675
2,2022-11-27,-0.00018776775134445001
2,2022-11-28,-0.01314585151032469
2,2022-11-29,0.00227159399710685
2,2022-11-30,0.025470677098949124
2,2022-12-01,0.005293364959604939
2,2022-12-02,-0.00090232155499321
2,2022-12-03,-0.0012232648476622702
2,2022-12-04,0.0013509431727323801
2,2022-12-05,-0.01647727564005236
2,2022-12-06,-0.00670558835954494
2,2022-12-07,0.00060326725164883
2,2022-12-08,0.007218016134634745
2,2022-12-09,-0.0032415989064212506
2,2022-12-10,8.758766065031233e-06
2,2022-12-11,-0.00019793077677613
2,2022-12-12,0.0055988827912493155
2,2022-12-13,0.013190996972043307
2,2022-12-14,-0.004000195555083946
2,2022-12-15,-0.021856028684328743
2,2022-12-16,-0.010074654150845847
2,2022-12-17,0.00088697262712271
2,2022-12-18,-0.00021457820481489
2,2022-12-19,-0.00741146600333282
2,2022-12-20,0.009427996354348236
2,2022-12-21,0.007172122914144265
2,2022-12-22,-0.012072471292075355
2,2022-12-23,0.003959658208232706
2,2022-12-24,0.00034626410236544
2,2022-12-25,-3.207184092367e-05
2,2022-12-26,0.00045431882698192
2,2022-12-27,-0.00024446035786918085
2,2022-12-28,-0.009691118858591759
2,2022-12-29,0.012540554649280151
2,2022-12-30,0.00020974939606306468
2,2022-12-31,-0.0004202996290765301
2,2023-01-01,0.00048979888011415
2,2023-01-02,0.00020016497485112
2,2023-01-03,0.0007162574572073151
2,2023-01-04,0.00809096215972686
2,2023-01-05,-0.010355020244440169
2,2023-01-06,0.01954108988438898
2,2023-01-07,-4.3065559940790005e-05
2,2023-01-08,0.00103519913123539
2,2023-01-09,0.0011481873088651851
2,2023-01-10,0.006426818441239886
2,2023-01-11,0.009675858930820926
2,2023-01-12,0.01088878902235426
2,2023-01-13,0.012148390056486654
2,2023-01-14,0.005174888342449941
2,2023-01-15,-0.00037407792653949005
2,2023-01-16,0.001055047845548255
2,2023-01-17,-0.0029835133801062
2,2023-01-18,-0.011739574986166896
2,2023-01-19,0.003062146862272545
2,2023-01-20,0.01694324833757315
2,2023-01-21,0.00043435697528795006
2,2023-01-22,-0.00029812475577041005
2,2023-01-23,0.00837318483929427
2,2023-01-24,-0.0007107579562817253
2,2023-01-25,0.00360528376126496
2,2023-01-26,0.002828244975880495
2,2023-01-27,0.001218969075086145
2,2023-01-28,-0.00020238704029538004
2,2023-01-29,0.00314922333343463
2,2023-01-30,-0.011653026492764666
2,2023-01-31,0.010345461926381501
2,2023-02-01,0.0125341112414683
2,2023-02-02,-7.771466068168947e-05
2,2023-02-03,-0.014403252251577969
2,2023-02-04,-0.00045836320803032
2,2023-02-05,-0.0016626793232663501
2,2023-02-06,-0.003777392905473555
2,2023-02-07,0.01055444267077185
2,2023-02-08,-0.00691638476791691
2,2023-02-09,-0.012521826093901196
2,2023-02-10,0.0011775176562037596
2,2023-02-11,0.00103905708342961
2,2023-02-12,-0.00033394633070751005
2,2023-02-13,0.004274033058625306
2,2023-02-14,0.0018729563483238902
2,2023-02-15,0.007962198559877771
2,2023-02-16,-0.010574877064952611
2,2023-02-17,0.003808618172103365
2,2023-02-18,0.00023561967159746
2,2023-02-19,-0.0013336635351624301
2,2023-02-20,0.00212244302818342
2,2023-02-21,-0.013895220371164056
2,2023-02-22,-0.003608790480896385
2,2023-02-23,0.0014305442945729654
2,2023-02-24,-0.011258602542545171
2,2023-02-25,-0.00010952288553996002
2,2023-02-26,0.00169471771251958
2,2023-02-27,0.00285533764984332
2,2023-02-28,-0.0016852999508805856
2,2023-03-01,0.0019529274566875204
2,2023-03-02,0.0033753400942975
2,2023-03-03,0.0077024486869134556
2,2023-03-04,-3.26557635186e-05
2,2023-03-05,0.00036335810910588
2,2023-03-06,-0.00123268466227992
2,2023-03-07,-0.0156941153520203
2,2023-03-08,-0.0012827692100718328
2,2023-03-09,-0.013022213563392346
2,2023-03-10,-0.0018818892415044452
2,2023-03-11,0.0015419190641325201
2,2023-03-12,0.00746207401978746
2,2023-03-13,0.017360159919570056
2,2023-03-14,0.009486252459730421
2,2023-03-15,-0.0021877455730309903
2,2023-03-16,0.012806827424794642
2,2023-03-17,0.013600835700003155
2,2023-03-18,-0.00174249227871114
2,2023-03-19,0.0038796931022311502
2,2023-03-20,0.00281332960571097
2,2023-03-21,0.001820692432559141
2,2023-03-22,-0.007098008473079306
2,2023-03-23,0.009585369262451455
2,2023-03-24,-0.002246263653629055
2,2023-03-25,4.879434276932e-05
2,2023-03-26,0.0018121533287717099
2,2023-03-27,-0.005644796737507125
2,2023-03-28,0.0023177475115257846
2,2023-03-29,0.010274531826679291
2,2023-03-30,0.004977163406689721
2,2023-03-31,0.0071539973100816015
2,2023-04-01,-6.181142598258e-05
2,2023-04-02,-0.0009059568950066801
2,2023-04-03,0.0035737743406338697
2,2023-04-04,0.004577431004907269
2,2023-04-05,-0.001341884339379725
2,2023-04-06,-0.0004760929406064044
2,2023-04-07,-0.00045048097671979
2,2023-04-08,0.00011035313001603001
2,2023-04-09,0.00137932515425249
2,2023-04-10,0.002055071445541635
2,2023-04-11,0.00438589786414842
2,2023-04-12,-0.001297046360386125
2,2023-04-13,0.013335391629234819
2,2023-04-14,-0.007359143298447679
2,2023-04-15,-0.00056739683321027
2,2023-04-16,3.531399754452e-05
2,2023-04-17,-0.002359655951525165
2,2023-04-18,0.005359697799098035
2,2023-04-19,-0.0072927385437037955
2,2023-04-20,-0.0030451754309483753
2,2023-04-21,-0.006773280232426885
2,2023-04-22,0.00201395205539745
2,2023-04-23,-0.0007999597323640299
2,2023-04-24,0.0013334892816045099
2,2023-04-25,-0.00427859717060503
2,2023-04-26,-0.003354863763849985
2,2023-04-27,0.01436471856565429
2,2023-04-28,0.004484958350146331
2,2023-04-29,-0.00029909487139261
2,2023-04-30,6.157193140887e-05
2,2023-05-01,-0.005907396820797335
2,2023-05-02,0.001969600909386843
2,2023-05-03,0.0014086990783917092
2,2023-05-04,-0.0024457338860477307
2,2023-05-05,0.00660972288078958
2,2023-05-06,-0.00222307306561132
2,2023-05-07,-0.0014980715317894
2,2023-05-08,-0.0016652597585383754
2,2023-05-09,-0.0003277531583150053
2,2023-05-10,0.0016536313539906602
2,2023-05-11,-0.005612047516234425
2,2023-05-12,-0.002167715823436685
2,2023-05-13,-8.097256634527001e-05
2,2023-05-14,0.00053216319671365
2,2023-05-15,0.004522412870108905
2,2023-05-16,-0.009765010943475505
2,2023-05-17,0.006825958245025951
2,2023-05-18,-0.000980858638347324
2,2023-05-19,0.00271300915962468
2,2023-05-20,0.0008678379192720901
2,2023-05-21,-0.00135085299562622
2,2023-05-22,-0.0006750806192341149
2,2023-05-23,-0.0038398189451997263
2,2023-05-24,-0.01040334357997723
2,2023-05-25,0.002341465236165876
2,2023-05-26,0.009093602396593525
2,2023-05-27,0.00054658106059188
2,2023-05-28,0.00451903565112166
2,2023-05-29,-0.001809585772844595
2,2023-05-30,0.0029974115986929842
2,2023-05-31,-0.004225896282677031
2,2023-06-01,0.0065453785014133
2,2023-06-02,0.004187983348527105
2,2023-06-03,-0.00063388475556713
2,2023-06-04,0.00018580082742316
2,2023-06-05,-0.0035839556659672455
2,2023-06-06,0.007151108129163225
2,2023-06-07,-0.00930212734050646
2,2023-06-08,0.00900472788911522
2,2023-06-09,-0.00036890959603401983
2,2023-06-10,-0.00239923260811274
2,2023-06-11,0.00032657483361708004
2,2023-06-12,0.004249284360972541
2,2023-06-13,0.0012827255214972002
2,2023-06-14,-0.00249117845761985
2,2023-06-15,0.011297157792253314
2,2023-06-16,-0.0010231074680867804
2,2023-06-17,0.00065942075751765
2,2023-06-18,-0.0006611352064868901
2,2023-06-19,0.0006272129489490299
2,2023-06-20,4.1293872892880345e-05
2,2023-06-21,0.002489323397186061
2,2023-06-22,-0.0017638427326789148
2,2023-06-23,-8.467379362096534e-05
2,2023-06-24,-0.00047523745575207
2,2023-06-25,-0.00022368800272486004
2,2023-06-26,-0.00262666018877368
2,2023-06-27,0.005695191276677421
2,2023-06-28,-0.0027966375283148244
2,2023-06-29,0.003522205306045305
2,2023-06-30,0.00867441756384589
2,2023-07-01,0.00037377473099047003
2,2023-07-02,0.00010102397112481
2,2023-07-03,0.002714704113501365
2,2023-07-04,-0.0005624712317146851
2,2023-07-05,-0.00306133809364379
2,2023-07-06,-0.0074624702202805105
2,2023-07-07,0.002529079131948435
2,2023-07-08,-0.00018980834629479
2,2023-07-09,-0.00040245899474392006
2,2023-07-10,0.002344645817168935
2,2023-07-11,0.005459306864862141
2,2023-07-12,0.00820172874145801
2,2023-07-13,0.008469836974159456
2,2023-07-14,-0.004932347239583646
2,2023-07-15,-8.575933292432e-05
2,2023-07-16,-0.00018454082676931002
2,2023-07-17,0.0015588595674544054
2,2023-07-18,0.00747324056955352
2,2023-07-19,0.0011084451204884753
2,2023-07-20,-0.00536298599324666
2,2023-07-21,-0.0013259900200068499
2,2023-07-22,-0.00038190020432663
2,2023-07-23,0.00099701566690948
2,2023-07-24,-0.0015816828597188448
2,2023-07-25,0.00347788145156119
2,2023-07-26,0.0018471336820581699
2,2023-07-27,-0.0088990243041391
2,2023-07-28,0.008257582289425955
2,2023-07-29,0.0001313320825516
2,2023-07-30,-0.00024460456163659004
2,2023-07-31,0.0017703000123009448
2,2023-08-01,-0.00351594723605949
2,2023-08-02,-0.011357279421809025
2,2023-08-03,-0.001490156110140997
2,2023-08-04,-0.0013483631768792304
2,2023-08-05,-0.00012849805019670002
2,2023-08-06,4.541060475229001e-05
2,2023-08-07,0.004280537186252686
2,2023-08-08,-0.0025203130745666755
2,2023-08-09,-0.006206689522229095
2,2023-08-10,-0.00070121599655569
2,2023-08-11,-0.00018580998795787002
2,2023-08-12,2.5152273221660004e-05
2,2023-08-13,-0.00043529675617265
2,2023-08-14,0.0024766249225789453
2,2023-08-15,-0.008356328564446016
2,2023-08-16,-0.0074461959875428505
2,2023-08-17,-0.01199956744933996
2,2023-08-18,-0.0020518881870275696
2,2023-08-19,0.00017732946432684002
2,2023-08-20,0.00035019962144722
2,2023-08-21,0.004396885475752335
2,2023-08-22,-0.0011669475740303402
2,2023-08-23,0.010753892733904775
2,2023-08-24,-0.008032541853800212
2,2023-08-25,0.002890398150409405
2,2023-08-26,-0.00015389220637674
2,2023-08-27,0.00032094276456637
2,2023-08-28,0.0044956792141653
2,2023-08-29,0.017278482696877186
2,2023-08-30,0.0016570903523355851
2,2023-08-31,-0.0062427696666264056
2,2023-09-01,0.00033924237376162995
2,2023-09-02,0.00025771997271655005
2,2023-09-03,0.00039157779177956004
2,2023-09-04,-0.000678830916507555
2,2023-09-05,-0.004740817116831275
2,2023-09-06,-0.005554207644116586
2,2023-09-07,0.0007521793299800849
2,2023-09-08,-0.000719690389181575
2,2023-09-09,-3.2420540728300004e-05
2,2023-09-10,-0.00023512514912493
2,2023-09-11,0.0017121809564462605
2,2023-09-12,-0.0018922558919964296
2,2023-09-13,0.0008718535066252854
2,2023-09-14,0.006630930721264411
2,2023-09-15,-0.0058212439669612205
2,2023-09-16,-0.00014661102966053002
2,2023-09-17,-0.00012386115503351
2,2023-09-18,0.0029473813030425197
2,2023-09-19,0.00012642195345015502
2,2023-09-20,-0.005594197764711035
2,2023-09-21,-0.012970404888179712
2,2023-09-22,-0.00020367045730586503
2,2023-09-23,-1.0157287477570001e-05
2,2023-09-24,-0.0012329189742354902
2,2023-09-25,0.0008115212346556802
2,2023-09-26,-0.011170416880378745
2,2023-09-27,-0.003968592111964624
2,2023-09-28,0.0037854297249131953
2,2023-09-29,-0.004802572721835765
2,2023-09-30,0.00019658265761917003
2,2023-10-01,0.00375259154313181
2,2023-10-02,-0.00585552851704666
2,2023-10-03,-0.008521036829885156
2,2023-10-04,0.00499451942796089
2,2023-10-05,-0.0017823848436167552
2,2023-10-06,0.010806967239207826
2,2023-10-07,8.662378431392e-05
2,2023-10-08,-0.00013733365282481
2,2023-10-09,0.007765924607008765
2,2023-10-10,0.00202375573545938
2,2023-10-11,0.002918930956100705
2,2023-10-12,-0.004709339046625625
2,2023-10-13,0.009452499227864215
2,2023-10-14,-3.983099745007e-05
2,2023-10-15,0.0011484835845796402
2,2023-10-16,0.008530233575481716
2,2023-10-17,0.00026453072541911444
2,2023-10-18,-0.003136279857230145
2,2023-10-19,0.0012584094955698493
2,2023-10-20,-0.002144143813929116
2,2023-10-21,0.0008033833762995202
2,2023-10-22,0.0002383587014298
2,2023-10-23,0.007751216395728645
2,2023-10-24,0.00635538439708015
2,2023-10-25,-0.004494714006450731
2,2023-10-26,-0.006661254241647992
2,2023-10-27,0.0004654736936338202
2,2023-10-28,0.0005333050162528101
2,2023-10-29,0.00130301092052835
2,2023-10-30,0.00470683196716681
2,2023-10-31,0.0016437648390123301
2,2023-11-01,0.00799994350366578
2,2023-11-02,0.00974365631686752
2,2023-11-03,0.00560060102201583
2,2023-11-04,0.00099974941458063
2,2023-11-05,-0.00013232266196693
2,2023-11-06,-0.00123335144047758
2,2023-11-07,0.0010191180004884652
2,2023-11-08,-0.0023111806891361448
2,2023-11-09,0.0002030934322012944
2,2023-11-10,0.006399363402430892
2,2023-11-11,-0.00040881430447953004
2,2023-11-12,-0.00023176000323009004
2,2023-11-13,-0.0004611013132843051
2,2023-11-14,0.01114182899046192
2,2023-11-15,0.007067882229446226
2,2023-11-16,3.5587384158974823e-05
2,2023-11-17,0.0017364081525507052
2,2023-11-18,-7.323324789455e-05
2,2023-11-19,0.00214829115689416
2,2023-11-20,0.004002636128099625
2,2023-11-21,-0.0018294202607689106
2,2023-11-22,0.005068232015906006
2,2023-11-23,4.950655399299996e-05
2,2023-11-24,0.00326476569635783
2,2023-11-25,0.00018479583639336003
2,2023-11-26,-0.0008870775663587902
2,2023-11-27,0.0005071206433512796
2,2023-11-28,0.0068239026270912155
2,2023-11-29,0.00033278709708405995
2,2023-11-30,0.0002756350658621005
2,2023-12-01,0.011883069862114275
2,2023-12-02,0.00199078788881366
2,2023-12-03,0.00129706222249252
2,2023-12-04,-0.004795805739399889
2,2023-12-05,0.0030858988418672856
2,2023-12-06,-0.0019470168528895305
2,2023-12-07,0.0036797560477693204
2,2023-12-08,0.00010550263836877098
2,2023-12-09,-0.00103473644893662
2,2023-12-10,0.00016606280193236
2,2023-12-11,-0.00750855374232847
2,2023-12-12,0.0027430617954406654
2,2023-12-13,0.01925468771938569
2,2023-12-14,0.0036735357811616
2,2023-12-15,-0.008653742926624994
2,2023-12-16,0.00081733406472845
2,2023-12-17,-0.00213618094375196
2,2023-12-18,0.00774234300965349
2,2023-12-19,0.004671318352629295
2,2023-12-20,-0.006175486969091806
2,2023-12-21,0.00849167380463551
2,2023-12-22,0.002621758775054155
2,2023-12-23,-0.00058791554939968
2,2023-12-24,-0.0016675665287894802
2,2023-12-25,0.0017214132428338602
2,2023-12-26,0.0018657242877928104
2,2023-12-27,0.00497795124075011
2,2023-12-28,-0.0038566558266342503
2,2023-12-29,-0.003171663081197555
2,2023-12-30,0.00015283178520835003
2,2023-12-31,0.00032228437442893
2,2024-01-01,0.004725757279277556
2,2024-01-02,-0.0021915923692495346
2,2024-01-03,-0.012258033906766212
2,2024-01-04,0.0017373594670090403
2,2024-01-05,0.0011367697608428637
2,2024-01-06,-0.00042801917707085
2,2024-01-07,-9.234009356825e-05
2,2024-01-08,0.011738929873655112
2,2024-01-09,-0.0023065341873045953
2,2024-01-10,0.0031276023256429854
2,2024-01-11,-3.394349433212524e-05
2,2024-01-12,-0.0036368033741761797
2,2024-01-13,3.595115312156e-05
2,2024-01-14,-0.0025791516243381203
2,2024-01-15,0.0028172857723094
2,2024-01-16,-0.005108548997744635
2,2024-01-17,-0.007705788147807155
2,2024-01-18,0.004397731447713266
2,2024-01-19,0.00882773783660724
2,2024-01-20,0.00011381098732232
2,2024-01-21,-0.00026909443247937
2,2024-01-22,-0.00510839880389597
2,2024-01-23,0.0037779195688211003
2,2024-01-24,-0.0016820757134276402
2,2024-01-25,0.0038616268064824953
2,2024-01-26,0.003753484995965285
2,2024-01-27,0.0007404696816410701
2,2024-01-28,-0.00021414547172544002
2,2024-01-29,0.009700561350151696
2,2024-01-30,-0.0004892606089509203
2,2024-01-31,-0.009642117939487856
2,2024-02-01,0.011415789352941536
2,2024-02-02,0.0032767516101068206
2,2024-02-03,-0.00043755368135443
2,2024-02-04,-0.00098661340240944
2,2024-02-05,-0.004120567119128565
2,2024-02-06,0.0043766143196179354
2,2024-02-07,0.007279944347973195
2,2024-02-08,0.002214422949985505
2,2024-02-09,0.005675545894139961
2,2024-02-10,0.0013382844411437
2,2024-02-11,0.0010869337621602201
2,2024-02-12,0.002449711803019815
2,2024-02-13,-0.01281935487403368
2,2024-02-14,0.009200266582168336
2,2024-02-15,0.006079788470203795
2,2024-02-16,-0.0007167207848634001
2,2024-02-17,-0.0009364294455462901
2,2024-02-18,0.0009129458234906801
2,2024-02-19,0.0001469235551604149
2,2024-02-20,-0.0010777480821063004
2,2024-02-21,-2.4735896012395044e-05
2,2024-02-22,0.010193356165316901
2,2024-02-23,0.0012568993257705545
2,2024-02-24,0.0016379420778273703
2,2024-02-25,0.00029299071582034
2,2024-02-26,0.002475785551326901
2,2024-02-27,0.0055456430084434355
2,2024-02-28,0.009616181153384829
2,2024-02-29,0.001381719648491105
2,2024-03-01,0.01404931105553617
2,2024-03-02,-0.00064617766359977
2,2024-03-03,0.00184096976344676
2,2024-03-04,0.012850967752035355
2,2024-03-05,-0.009976790449660145
2,2024-03-06,0.0097851940788122
2,2024-03-07,0.008403144784281596
2,2024-03-08,0.0016427958325223144
2,2024-03-09,0.00028530775098281
2,2024-03-10,0.000875136214374
2,2024-03-11,0.004869108275644275
2,2024-03-12,0.0011184244394314806
2,2024-03-13,0.004032673958638419
2,2024-03-14,-0.005540218994378885
2,2024-03-15,-0.009049289975665365
2,2024-03-16,-0.005973623633638861
2,2024-03-17,0.004711073549090391
2,2024-03-18,0.002825792573754135
2,2024-03-19,-0.005592881854806299
2,2024-03-20,0.019102210129377822
2,2024-03-21,-0.002470640528252875
2,2024-03-22,-0.00633968771197936
2,2024-03-23,0.00039554444191862003
2,2024-03-24,0.00495660375590665
2,2024-03-25,0.00364859893717147
2,2024-03-26,0.00028692073109344487
2,2024-03-27,0.00630705144261817
2,2024-03-28,0.007914656404334815
2,2024-03-29,-0.00125830070051624
2,2024-03-30,-0.00037239683591496
2,2024-03-31,0.00247157438066984
2,2024-04-01,-0.0004756870928424553
2,2024-04-02,-0.004936607980357395
2,2024-04-03,0.00433195406791491
2,2024-04-04,-0.004355305786257025
2,2024-04-05,0.01089939876545872
2,2024-04-06,0.0015627165320666499
2,2024-04-07,0.00068195080315744
2,2024-04-08,0.004990805739416085
2,2024-04-09,-0.0007803606639178649
2,2024-04-10,-0.006319611916284055
2,2024-04-11,0.0093552348332208
2,2024-04-12,-0.016072618207014496
2,2024-04-13,-0.00491721008638622
2,2024-04-14,0.0028935049232653403
2,2024-04-15,-0.004532561770158467
2,2024-04-16,-0.00033567512009286525
2,2024-04-17,-0.010448954602817716
2,2024-04-18,0.005048020675222611
2,2024-04-19,-0.002504709209795205
2,2024-04-20,0.0018213423073366103
2,2024-04-21,-3.217310051708e-05
2,2024-04-22,-0.0014200337029674232
2,2024-04-23,0.005232682643034746
2,2024-04-24,-0.00437006231214235
2,2024-04-25,0.0006515563150073797
2,2024-04-26,0.0049693041960245455
2,2024-04-27,-0.00048552215586892
2,2024-04-28,-0.00054698629618891
2,2024-04-29,0.0026457858756658154
2,2024-04-30,-0.021040500495264812
2,2024-05-01,-0.0006846486240423965
2,2024-05-02,0.004292813878902535
2,2024-05-03,0.012907910519540374
2,2024-05-04,0.0016075702755357702
2,2024-05-05,0.00018485387778357002
2,2024-05-06,0.007709304354258595
2,2024-05-07,-0.002204716089639815
2,2024-05-08,-0.0025058514576559235
2,2024-05-09,0.01186435245859919
2,2024-05-10,-0.0007757500114480458
2,2024-05-11,4.885117497765e-05
2,2024-05-12,0.00107420108965485
2,2024-05-13,-0.0011283368206334594
2,2024-05-14,0.003634367336596689
2,2024-05-15,0.01853884336200032
2,2024-05-16,-0.004040885260573
2,2024-05-17,0.009221831425148715
2,2024-05-18,-0.00017796195522459
2,2024-05-19,-0.0009540105353606902
2,2024-05-20,0.00987686844462048
2,2024-05-21,-0.0009494069270537648
2,2024-05-22,-0.00925845876051525
2,2024-05-23,-0.013063886230269911
2,2024-05-24,0.005290613529148435
2,2024-05-25,0.00107487351854766
2,2024-05-26,-0.00111078395713897
2,2024-05-27,0.003880406737619965
2,2024-05-28,0.00037389297298286476
2,2024-05-29,-0.008207538644504306
2,2024-05-30,-0.0019526222097559303
2,2024-05-31,0.0014085375905045403
2,2024-06-01,0.00034162543813796
2,2024-06-02,1.874239973553e-05
2,2024-06-03,0.005491154708778965
2,2024-06-04,-0.0002302462427325446
2,2024-06-05,0.011369338456165036
2,2024-06-06,0.002674691520932654
2,2024-06-07,-0.014921582219959944
2,2024-06-08,-5.45077788945e-05
2,2024-06-09,0.00049127039204963
2,2024-06-10,0.004269076985797204
2,2024-06-11,-0.0010067869436426852
2,2024-06-12,0.00686288571393869
2,2024-06-13,-0.003988518954338069
2,2024-06-14,0.0036859873704397
2,2024-06-15,0.00028500124176948004
2,2024-06-16,0.0006820893043202501
2,2024-06-17,0.0020654320071926357
2,2024-06-18,0.0008117987831587647
2,2024-06-19,-0.00040248281558709
2,2024-06-20,0.00314569954081461
2,2024-06-21,-0.009450600714486505
2,2024-06-22,0.00020661640300334
2,2024-06-23,-0.00165699257714633
2,2024-06-24,-0.004483192634203545
2,2024-06-25,0.002545157630119065
2,2024-06-26,-0.0040512577407740245
2,2024-06-27,0.006740103784009805
2,2024-06-28,-0.004504234970644181
2,2024-06-29,0.0009438226057185599
2,2024-06-30,0.0029207818491342203
2,2024-07-01,0.002249739853187405
2,2024-07-02,0.0020870350277777555
2,2024-07-03,0.003412548574020355
2,2024-07-04,-0.005261912222696326
2,2024-07-05,0.0077470632035417705
2,2024-07-06,0.0028554883495933905
2,2024-07-07,-0.00411625974953311
2,2024-07-08,-0.0025993019042078796
2,2024-07-09,0.0035618094795853003
2,2024-07-10,0.006047219427617775
2,2024-07-11,0.0010007991032476527
2,2024-07-12,0.003915784390850545
2,2024-07-13,0.0022884991128977903
2,2024-07-14,0.0026770906167560005
2,2024-07-15,0.00963910397167443
2,2024-07-16,0.010393695532881216
2,2024-07-17,-0.010632972235697476
2,2024-07-18,-0.00630545860206016
2,2024-07-19,-0.005761558387708929
2,2024-07-20,0.00070653624766412
2,2024-07-21,0.0015044267556237202
2,2024-07-22,0.004324865937813025
2,2024-07-23,-0.0015670989971920503
2,2024-07-24,-0.01501279752258456
2,2024-07-25,-0.007040217035395289
2,2024-07-26,0.012484302262622836
2,2024-07-27,-9.645317382481001e-05
2,2024-07-28,0.0006090523575720901
2,2024-07-29,-0.00211004497322791
2,2024-07-30,-5.057046212757037e-05
2,2024-07-31,0.012349624726336893
2,2024-08-01,-0.0070159571056630605
2,2024-08-02,-0.0165019011456612
2,2024-08-03,-0.0012719852566823902
2,2024-08-04,-0.00420928979664462
2,2024-08-05,-0.028283162839982633
2,2024-08-06,0.00626450534283683
2,2024-08-07,-0.006495877260410795
2,2024-08-08,0.031295441555942244
2,2024-08-09,0.0016520096094257749
2,2024-08-10,0.00013327723966567
2,2024-08-11,-0.00364079781131987
2,2024-08-12,0.007322521589992515
2,2024-08-13,0.0101210531334248
2,2024-08-14,-0.00384879467322141
2,2024-08-15,0.008638491566492226
2,2024-08-16,0.01085993911529487
2,2024-08-17,0.00102909105731929
2,2024-08-18,-0.00174301608355985
2,2024-08-19,0.0065428182478194565
2,2024-08-20,-0.0003037883386953152
2,2024-08-21,0.005288479315228156
2,2024-08-22,-0.009594991503125386
2,2024-08-23,0.01599723461327494
2,2024-08-24,0.00016579993786405001
2,2024-08-25,0.00017752687451388002
2,2024-08-26,-0.0028597368838756453
2,2024-08-27,-0.003579384826307386
2,2024-08-28,-0.007018807616911075
2,2024-08-29,0.0033028415641135783
2,2024-08-30,0.00230317410984796
2,2024-08-31,-0.00023866832883117002
2,2024-09-01,-0.00281949724137229
2,2024-09-02,0.002649463029785015
2,2024-09-03,-0.015030313728319976
2,2024-09-04,-6.622472241525016e-05
2,2024-09-05,-0.0013202403865402005
2,2024-09-06,-0.01588460008323686
2,2024-09-07,0.00035151241133437
2,2024-09-08,0.00130141349607157
2,2024-09-09,0.011298886792168075
2,2024-09-10,0.004940372528376246
2,2024-09-11,0.0044773136356612555
2,2024-09-12,0.012613892105502195
2,2024-09-13,0.00938943443214517
2,2024-09-14,-0.0008530595786592901
2,2024-09-15,-0.00142827616783953
2,2024-09-16,7.33885000723199e-05
2,2024-09-17,0.0020553816814875654
2,2024-09-18,-0.0006896373758626152
2,2024-09-19,0.015083929912265622
2,2024-09-20,0.002588662394813174
2,2024-09-21,0.00023243229558933
2,2024-09-22,0.0003545489130692
2,2024-09-23,0.001855121068501575
2,2024-09-24,0.006802732084629685
2,2024-09-25,-0.0029095617975338182
2,2024-09-26,0.007140319527825285
2,2024-09-27,-0.0014792129215760652
2,2024-09-28,0.00013713145920337002
2,2024-09-29,-0.0003938269074567401
2,2024-09-30,-0.004344658528444335
2,2024-10-01,-0.005116265041691291
2,2024-10-02,-0.0007462466954258048
2,2024-10-03,-0.0010751857190991502
2,2024-10-04,0.0067059861658076755
2,2024-10-05,-3.1571656384390003e-05
2,2024-10-06,0.00122137109378777
2,2024-10-07,-0.007029785353642865
2,2024-10-08,0.0021942619275039854
2,2024-10-09,-0.0005406356924898799
2,2024-10-10,0.0014356909308977101
2,2024-10-11,0.010443094430822801
2,2024-10-12,0.0011291308396560401
2,2024-10-13,-0.00052875479985
2,2024-10-14,0.00895276131166543
2,2024-10-15,-0.0014541106653866856
2,2024-10-16,0.004807439642246785
2,2024-10-17,0.0022803917704094317
2,2024-10-18,0.007206488165657885
2,2024-10-19,-7.468238065799e-05
2,2024-10-20,0.00096311355525653
2,2024-10-21,-0.003383971130620775
2,2024-10-22,0.0034883350682212997
2,2024-10-23,-0.01008542692944105
2,2024-10-24,0.00582014894746871
2,2024-10-25,-0.0008478427481022355
2,2024-10-26,0.00058473569946384
2,2024-10-27,0.0013680783701115601
2,2024-10-28,0.0038396075663552206
2,2024-10-29,0.009090282060174
2,2024-10-30,-0.0007950505616802253
2,2024-10-31,-0.01896237445672885
2,2024-11-01,0.00011707238540968092
2,2024-11-02,-0.0002609801574513
2,2024-11-03,-0.00080229871130228
2,2024-11-04,-0.00236624949675789
2,2024-11-05,0.00981888117126024
2,2024-11-06,0.011870818619379742
2,2024-11-07,0.01091084399596617
2,2024-11-08,0.00023523482547854052
2,2024-11-09,0.00023916160136334
2,2024-11-10,0.00480858614633841
2,2024-11-11,0.002528198265478851
2,2024-11-12,-0.005586676659312496
2,2024-11-13,-7.713881870922474e-05
2,2024-11-14,-0.00802825105269443
2,2024-11-15,-0.0034211795373181447
2,2024-11-16,-0.0005572976446101601
2,2024-11-17,-0.0007791109034660201
2,2024-11-18,0.009935328887999043
2,2024-11-19,0.0065663638341215
2,2024-11-20,0.0048678813505486805
2,2024-11-21,0.009862966354254914
2,2024-11-22,0.00788802908329587
2,2024-11-23,-0.0012440146892187002
2,2024-11-24,0.00024176296584406
2,2024-11-25,-0.014370883088773934
2,2024-11-26,0.0025879413009148103
2,2024-11-27,0.0030648229834565346
2,2024-11-28,0.00047232598391547
2,2024-11-29,0.0069592925788019904
2,2024-11-30,-0.0010594429278105
2,2024-12-01,0.0008253661349899299
2,2024-12-02,-0.00233635690023138
2,2024-12-03,0.0009076399662385701
2,2024-12-04,0.007110162081655401
2,2024-12-05,-0.00493634404587349
2,2024-12-06,0.00403400505283957
2,2024-12-07,7.648302387612001e-05
2,2024-12-08,0.00128088784719091
2,2024-12-09,-0.0031082776020948844
2,2024-12-10,0.0020992629874416594
2,2024-12-11,0.012093145117120216
2,2024-12-12,-0.008650945354206841
2,2024-12-13,-0.0029927839037631795
2,2024-12-14,-8.380477628067152e-06
2,2024-12-15,0.00298300986908597
2,2024-12-16,0.00443759639032178
2,2024-12-17,-0.00310774527097456
2,2024-12-18,-0.029650825458697863
2,2024-12-19,-0.002053858270707985
2,2024-12-20,0.00870955952540489
2,2024-12-21,-0.00055462561237354
2,2024-12-22,-0.0021279483575364503
2,2024-12-23,0.001898076106891865
2,2024-12-24,0.010172540839473434
2,2024-12-25,0.0007329623252094501
2,2024-12-26,-0.0007556946534078095
2,2024-12-27,-0.009274688873891705
2,2024-12-28,0.00106983863320317
2,2024-12-29,-0.0016458080800130102
2,2024-12-30,-0.009227375206053112
2,2024-12-31,0.00131143146539943
2,2025-01-01,0.0010720714172719901
2,2025-01-02,0.00563518624414715
2,2025-01-03,0.005746019181937235
2,2025-01-04,5.337815468458e-05
2,2025-01-05,0.00013011619844858002
2,2025-01-06,0.006632251382315211
2,2025-01-07,-0.009538571641894172
2,2025-01-08,0.0005418531877605799
2,2025-01-09,-0.0015890170872106851
2,2025-01-10,-0.0034885659303899455
2,2025-01-11,-0.00011834369500476
2,2025-01-12,-7.419777618060001e-05
2,2025-01-13,-0.0027331616382640714
2,2025-01-14,0.004856119099834485
2,2025-01-15,0.01654344641969449
2,2025-01-16,0.0007798949536089294
2,2025-01-17,0.008026119118232082
2,2025-01-18,0.00043426087741833006
2,2025-01-19,-0.00307776488493536
2,2025-01-20,0.00171016777351444
2,2025-01-21,0.01360425343178593
2,2025-01-22,0.0021184592205348253
2,2025-01-23,0.00305220359521511
2,2025-01-24,0.0015471200335439098
2,2025-01-25,-0.00011386360970531002
2,2025-01-26,-0.00200977822840496
2,2025-01-27,-0.0121261487970629
2,2025-01-28,0.006808974139176581
2,2025-01-29,-0.0008084930083381704
2,2025-01-30,0.00851135234936038
2,2025-01-31,-0.0042338961605349655
2,2025-02-01,-0.0017341604816049202
2,2025-02-02,-0.00294402273269216
2,2025-02-03,0.0015981757426975244
2,2025-02-04,0.0037318024096403804
2,2025-02-05,0.0038559624593025553
2,2025-02-06,0.0008347651310464702
2,2025-02-07,-0.004615102876778291
2,2025-02-08,-6.796976588767e-05
2,2025-02-09,2.208446218114e-05
2,2025-02-10,0.010480890040580245
2,2025-02-11,-0.00237196321829894
2,2025-02-12,0.0010733556940507702
2,2025-02-13,0.007566072798788799
2,2025-02-14,-0.004580055244587392
2,2025-02-15,7.056077354297001e-05
2,2025-02-16,-0.0014771443856624702
2,2025-02-17,0.0013928668095909051
2,2025-02-18,0.00604536439767373
2,2025-02-19,0.001997389625403325
2,2025-02-20,0.0001583704748636802
2,2025-02-21,-0.011916985976054352
2,2025-02-22,0.00041651240281377
2,2025-02-23,-0.00030790390249814
2,2025-02-24,-0.005630473462738015
2,2025-02-25,-0.010097397608812494
2,2025-02-26,-0.004637841659318715
2,2025-02-27,-0.012983849796347799
2,2025-02-28,0.006048965051749215
2,2025-03-01,0.00200328983233233
2,2025-03-02,0.009519400127335851
2,2025-03-03,-0.013882660689507352
2,2025-03-04,-0.0024084148504295707
2,2025-03-05,0.009906820411387934
2,2025-03-06,-0.011575693258937777
2,2025-03-07,-0.00060141463057071
2,2025-03-08,-0.00035744332680004003
2,2025-03-09,-0.0064140317019225805
2,2025-03-10,-0.019843544459948424
2,2025-03-11,0.00418485700172219
2,2025-03-12,0.005737672224780955
2,2025-03-13,-0.0037487915158757068
2,2025-03-14,0.014517916143275966
2,2025-03-15,0.00043368966063366
2,2025-03-16,-0.00209019780344861
2,2025-03-17,0.007985414263418726
2,2025-03-18,-0.0037044252171413864
2,2025-03-19,0.01249921947717247
2,2025-03-20,-0.0049404901200817055
2,2025-03-21,-0.00401768606513949
2,2025-03-22,-0.00027690122785711005
2,2025-03-23,0.0026680422945950903
2,2025-03-24,0.01017574551663657
2,2025-03-25,0.0021045495793513497
2,2025-03-26,-0.0071938586921954754
2,2025-03-27,0.003170248377299065
2,2025-03-28,-0.011107731388242446
2,2025-03-29,-0.00209061916541088
2,2025-03-30,-0.0003316566984126
2,2025-03-31,0.008335425332407935
2,2025-04-01,0.0033209114662611054
2,2025-04-02,0.002971840723103275
2,2025-04-03,-0.028652233121879866
2,2025-04-04,-0.039833772624626396
2,2025-04-05,-0.00037511908779049003
2,2025-04-06,-0.006176744809526031
2,2025-04-07,-0.006312871178485725
2,2025-04-08,-0.012069212586965215
2,2025-04-09,0.07755136185925895
2,2025-04-10,-0.017313892001964128
2,2025-04-11,0.021462969938957386
2,2025-04-12,0.00225336308085899
2,2025-04-13,-0.00182700277983931
2,2025-04-14,0.003440796624958561
2,2025-04-15,-0.0006530978604674454
2,2025-04-16,0.0007729006033347103
2,2025-04-17,0.0002234967230451253
2,2025-04-18,-0.0005479161761243101
2,2025-04-19,0.00070257805304789
2,2025-04-20,0.00013036614194978
2,2025-04-21,-0.00017038415105104059
2,2025-04-22,0.016812662398446948
2,2025-04-23,-0.0009591154015508845
2,2025-04-24,0.018354266462060904
2,2025-04-25,0.001616541265873145
2,2025-04-26,-4.805818525954e-05
2,2025-04-27,-0.00093932880629473
2,2025-04-28,0.00388872081251965
2,2025-04-29,0.00013620209949155538
2,2025-04-30,-0.0028888738713014296
2,2025-05-01,0.0012907266083086507
2,2025-05-02,0.008560744296840693
2,2025-05-03,-0.00104092702983865
2,2025-05-04,-0.0016362172501037699
2,2025-05-05,0.007410740612484978
2,2025-05-06,0.007644527833924384
2,2025-05-07,-0.004102679476565854
2,2025-05-08,0.004054064816116776
2,2025-05-09,0.00103290909813155
2,2025-05-10,0.0017702337749611202
2,2025-05-11,-0.0006477222847764301
2,2025-05-12,0.007436918674149294
2,2025-05-13,0.006410269966654896
2,2025-05-14,-0.0073902796283584595
2,2025-05-15,0.00976915503392054
2,2025-05-16,-0.0009054729864974593
2,2025-05-17,-0.00035552592034246
2,2025-05-18,0.00328951069025511
2,2025-05-19,0.002698369960320215
2,2025-05-20,0.005846831948669404
2,2025-05-21,-0.003978210314846596
2,2025-05-22,-1.2285182283554795e-05
2,2025-05-23,-0.0010532368642155471
2,2025-05-24,0.00041895979439661007
2,2025-05-25,0.00116746935404545
2,2025-05-26,-0.0011112208806059597
2,2025-05-27,0.006543108081535661
2,2025-05-28,-0.005402165613474655
2,2025-05-29,0.0030425475484508052
2,2025-05-30,-0.005062424841994975
2,2025-05-31,0.0005930874109094601
2,2025-06-01,0.0009916059580489
2,2025-06-02,0.012959694863594811
2,2025-06-03,-0.0001906897192091796
2,2025-06-04,0.0017311455693879696
2,2025-06-05,-0.008009220148527046
2,2025-06-06,0.0038022812511928007
2,2025-06-07,0.00120402690869279
2,2025-06-08,0.00016615481384787002
2,2025-06-09,0.006698733421948915
2,2025-06-10,0.0025607578263354873
2,2025-06-11,0.00021927967464012953
2,2025-06-12,0.0027455305553338648
2,2025-06-13,-0.0008966801080363407
2,2025-06-14,-0.0006210389676499701
2,2025-06-15,0.00016154200044582
2,2025-06-16,0.0012795866900154104
2,2025-06-17,-0.0061696150221015
2,2025-06-18,-0.0017925394388919398
2,2025-06-19,-4.1670386330450025e-05
2,2025-06-20,-0.00449786998230856
2,2025-06-21,-0.00113022303338965
2,2025-06-22,-0.00109956401327154
2,2025-06-23,0.009843649398364678
2,2025-06-24,0.002099977680112541
2,2025-06-25,0.0023758467279482998
2,2025-06-26,0.0034651066874887906
2,2025-06-27,-0.0028344803104711296
2,2025-06-28,0.00024307715878113003
2,2025-06-29,0.00098476856494236
2,2025-06-30,0.0046784532779847
2,2025-07-01,0.0022070447659365343
2,2025-07-02,0.00737544302743873
2,2025-07-03,0.0018202523294529958
2,2025-07-04,-0.00041029283987309016
2,2025-07-05,0.00019918584752605
2,2025-07-06,0.0009262998742198801
2,2025-07-07,-0.0050649830839499055
2,2025-07-08,-0.0033699809420382996
2,2025-07-09,0.006820790467688836
2,2025-07-10,0.0068063527735795
2,2025-07-11,0.0028547701925088
2,2025-07-12,-9.877858282937001e-05
2,2025-07-13,0.0014231878010041
2,2025-07-14,0.0004237675330826653
2,2025-07-15,-0.00630772408093066
2,2025-07-16,0.00514366428180537
2,2025-07-17,0.002998969482065195
2,2025-07-18,-0.00025517477956381047
2,2025-07-19,-7.79207785634e-05
2,2025-07-20,-0.00046771954477107006
2,2025-07-21,0.00586310767320502
2,2025-07-22,0.005953893346042005
2,2025-07-23,-0.0007825440180827901
2,2025-07-24,-0.002226582033839365
2,2025-07-25,-0.001468765160804665
2,2025-07-26,0.00024287629461057
2,2025-07-27,0.0012555377653547801
2,2025-07-28,-0.003627911419093445
2,2025-07-29,-0.0002503876695725952
2,2025-07-30,-0.00621315803577812
2,2025-07-31,-0.00221395606325479
2,2025-08-01,-0.003415144961986567
2,2025-08-02,-0.00067459697596286
2,2025-08-03,0.00147972815081962
2,2025-08-04,0.010189038661182535
2,2025-08-05,-0.00276512980970974
2,2025-08-06,0.0037029313878454255
2,2025-08-07,0.004631315480716115
2,2025-08-08,0.0037555558525078107
2,2025-08-09,-0.00017544265630637
2,2025-08-10,0.002417241628002
2,2025-08-11,-0.007144083707480595
2,2025-08-12,0.007225886566989305
2,2025-08-13,0.005419362663141145
2,2025-08-14,-0.005912610576642433
2,2025-08-15,-0.0022137599692059052
2,2025-08-16,4.865524901516e-05
2,2025-08-17,-6.813532356608754e-06
2,2025-08-18,-0.001651018205477475
2,2025-08-19,-0.0074296688555619255
2,2025-08-20,0.0031153505867528393
2,2025-08-21,-0.004644238703485759
2,2025-08-22,0.015891256666861753
2,2025-08-23,-0.0012790678780010701
2,2025-08-24,-0.00168937386352119
2,2025-08-25,-0.0059377389685351355
2,2025-08-26,0.0065136274476570045
2,2025-08-27,0.00126252718533918
2,2025-08-28,0.005165948559047055
2,2025-08-29,-0.00386829907783335
2,2025-08-30,0.00042683534584275003
2,2025-08-31,-0.00054338386720591
2,2025-09-01,0.003829167512831595
2,2025-09-02,0.003496993771730344
2,2025-09-03,0.00597419055284552
2,2025-09-04,0.0023941914180671455
2,2025-09-05,0.0023635162676969553
2,2025-09-06,-0.00041372878261797003
2,2025-09-07,0.0008672854518922901
2,2025-09-08,0.00696163660610124
2,2025-09-09,-0.00012197734439454988
2,2025-09-10,0.005160521827339131
2,2025-09-11,0.0052709600945936505
2,2025-09-12,0.001165132488118755
2,2025-09-13,-0.00010160044397412002
2,2025-09-14,-0.00052646152811
2,2025-09-15,0.006427913604339319
2,2025-09-16,0.001500629753310765
2,2025-09-17,-0.00382304250680246
2,2025-09-18,0.0016373924220369354
2,2025-09-19,0.0038696984123735892
2,2025-09-20,4.340720628799e-05
2,2025-09-21,-0.00039429831839804004
2,2025-09-22,0.006212339084956414
2,2025-09-23,-0.0019335427332877655
2,2025-09-24,-0.0031793013355433347
2,2025-09-25,-0.00509903453223699
2,2025-09-26,0.00475816038023748
2,2025-09-27,-8.57177769549855e-06
2,2025-09-28,0.00229980447375717
2,2025-09-29,0.010350725399089523
2,2025-09-30,0.004045487904021485
2,2025-10-01,0.006505361409225224
2,2025-10-02,0.0014724336818361453
2,2025-10-03,0.004116925047551922
2,2025-10-04,0.00013327966147458
2,2025-10-05,0.0008893094125116101
2,2025-10-06,0.009671437893043481
2,2025-10-07,-0.0027314574923427253
2,2025-10-08,0.009729297642792945
2,2025-10-09,-0.00835282328061273
2,2025-10-10,-0.018390303043863673
2,2025-10-11,-0.00195528647591306
2,2025-10-12,0.00389847431362184
2,2025-10-13,0.01665162495804438
2,2025-10-14,0.00015796727836189426
2,2025-10-15,0.0060386987220822155
2,2025-10-16,0.003720865239866094
2,2025-10-17,-0.0046705660444220296
2,2025-10-18,0.00070459915354155
2,2025-10-19,0.0013664074780653501
2,2025-10-20,0.016228095343510694
2,2025-10-21,-0.02059176686629299
2,2025-10-22,-0.00618760216560047
2,2025-10-23,0.008321365023133964
2,2025-10-24,0.004150093232177376
2,2025-10-25,0.00057020297604517
2,2025-10-26,0.00260179262867219
2,2025-10-27,-0.0050062136029873795
2,2025-10-28,-0.0021428731261364303
2,2025-10-29,-0.004253497363042305
2,2025-10-30,0.0007805395524557428
2,2025-10-31,0.0010584835930295454
2,2025-11-01,0.00045692263336338004
2,2025-11-02,0.00043867775440584
2,2025-11-03,-0.0026459383825676057
2,2025-11-04,-0.017369296665672364
2,2025-11-05,0.008764275005221195
2,2025-11-06,-0.008793160277499816
2,2025-11-07,0.00443758859734859
2,2025-11-08,-0.0009816560110098601
2,2025-11-09,0.0023568312724621104
2,2025-11-10,0.019975388744181723
2,2025-11-11,-0.0006166724181893199
2,2025-11-12,0.005069497202215701
2,2025-11-13,-0.013298004574664336
2,2025-11-14,-0.012987552246755834
2,2025-11-15,0.00109281122064253
2,2025-11-16,-0.00138909230904427
2,2025-11-17,-0.010314773414146054
2,2025-11-18,-0.0017727296020336454
2,2025-11-19,0.0017848076523288004
2,2025-11-20,-0.01412557929137467
2,2025-11-21,0.00277088630005861
2,2025-11-22,-0.000480905897969
2,2025-11-23,0.00248460841155029
2,2025-11-24,0.016140982263247595
2,2025-11-25,0.0033974307385578905
2,2025-11-26,0.010212287173196716
2,2025-11-27,0.0003250889704236201
2,2025-11-28,0.008681877327891874
2,2025-11-29,-0.00010363640564301001
2,2025-11-30,-0.00113133076913836
2,2025-12-01,-0.006171931069794526
3,2021-01-01,0.0
3,2021-01-02,0.0158745190183225
3,2021-01-03,0.028261930578215577
3,2021-01-04,0.0110580716571883
3,2021-01-05,0.01616384227335689
3,2021-01-06,0.016376786512940743
3,2021-01-07,0.015063575403752461
3,2021-01-08,-0.0050453511461631805
3,2021-01-09,0.00382097865007664
3,2021-01-10,-0.006412567660002351
3,2021-01-11,-0.02399011755826589
3,2021-01-12,-0.0060229795896685
3,2021-01-13,0.01652589920789197
3,2021-01-14,0.01218718928235062
3,2021-01-15,-0.0172514580380782
3,2021-01-16,0.0025872276288487405
3,2021-01-17,-0.00014366672004609998
3,2021-01-18,0.00591242346838003
3,2021-01-19,0.01171605419953627
3,2021-01-20,0.0110088494831672
3,2021-01-21,-0.03165617615720307
3,2021-01-22,0.01293710480278814
3,2021-01-23,-0.00285796145147079
3,2021-01-24,0.013194243053069012
3,2021-01-25,-0.0028049995578910804
3,2021-01-26,0.0029074166092218903
3,2021-01-27,-0.028384420820380403
3,2021-01-28,0.01996095294507801
3,2021-01-29,-0.002471990749049589
3,2021-01-30,-0.00022416736191920998
3,2021-01-31,-0.00809196818683977
3,2021-02-01,0.01646198879057324
3,2021-02-02,0.01931292138016375
3,2021-02-03,0.01602052595048393
3,2021-02-04,-0.00709839069552287
3,2021-02-05,0.016620124981105672
3,2021-02-06,2.792166383507001e-05
3,2021-02-07,-0.00482407135991371
3,2021-02-08,0.03460018647604038
3,2021-02-09,0.00220994340788905
3,2021-02-10,-0.0045833381274369
3,2021-02-11,0.007638639806069752
3,2021-02-12,0.00392819263691487
3,2021-02-13,-0.00181525716057695
3,2021-02-14,0.0023712696326083807
3,2021-02-15,-0.00354232142184268
3,2021-02-16,-0.0016909051500347296
3,2021-02-17,0.006733038024915452
3,2021-02-18,0.0014528203357647412
3,2021-02-19,0.009760859345664022
3,2021-02-20,-0.00210227343126999
3,2021-02-21,0.00372281643109828
3,2021-02-22,-0.013271924346079381
3,2021-02-23,-0.02080723212442441
3,2021-02-24,0.00989047746725066
3,2021-02-25,-0.03244020439865556
3,2021-02-26,-0.0120670374483316
3,2021-02-27,0.00048253585605109007
3,2021-02-28,-0.004861687656860181
3,2021-03-01,0.03092420130216489
3,2021-03-02,-0.008968666569841851
3,2021-03-03,-0.0016998959731226596
3,2021-03-04,-0.01456831642574412
3,2021-03-05,0.0100589363194711
3,2021-03-06,0.00789909228290052
3,2021-03-07,0.00913780533206909
3,2021-03-08,0.0026390899140476196
3,2021-03-09,0.02018972439085091
3,2021-03-10,0.00274422925649289
3,2021-03-11,0.00951425206690619
3,2021-03-12,-0.0026052577507721802
3,2021-03-13,0.0155920151013221
3,2021-03-14,-0.00715300637689068
3,2021-03-15,-0.004760340678385981
3,2021-03-16,0.0018779250218844304
3,2021-03-17,0.008627128227995912
3,2021-03-18,-0.013382757713556761
3,2021-03-19,0.00152359338776947
3,2021-03-20,-0.00026921219242913356
3,2021-03-21,-0.0023785243818642
3,2021-03-22,-0.00835063675531974
3,2021-03-23,-0.0062503331600359
3,2021-03-24,-0.010345666191584672
3,2021-03-25,-0.00011633582259288006
3,2021-03-26,0.02325158785766503
3,2021-03-27,0.00235063237737989
3,2021-03-28,-0.0017049477427394399
3,2021-03-29,0.007306316821275051
3,2021-03-30,-0.0027476086602849495
3,2021-03-31,0.01014994282101324
3,2021-04-01,0.01199964621433672
3,2021-04-02,0.00867385437622807
3,2021-04-03,-0.00915209092872119
3,2021-04-04,0.0053509988941719605
3,2021-04-05,0.0099383182718032
3,2021-04-06,0.0008836412974953197
3,2021-04-07,-0.01114135433869486
3,2021-04-08,0.0154397910073926
3,2021-04-09,0.0008879448700429204
3,2021-04-10,0.0060388379939652
3,2021-04-11,0.00121167903748046
3,2021-04-12,-0.00246452387659125
3,2021-04-13,0.01716794414091945
3,2021-04-14,0.0017864730451578297
3,2021-04-15,0.01384698531998842
3,2021-04-16,-0.0026257216317319503
3,2021-04-17,-0.00650650675098622
3,2021-04-18,-0.00988766899838725
3,2021-04-19,-0.008058109278325669
3,2021-04-20,0.007127780170014471
3,2021-04-21,0.0039819741820396
3,2021-04-22,-0.00833697516709573
3,2021-04-23,0.00174450076451854
3,2021-04-24,-0.008456832393422509
3,2021-04-25,0.00229099267397159
3,2021-04-26,0.02123192131664518
3,2021-04-27,0.00639888913939415
3,2021-04-28,0.00333397510294877
3,2021-04-29,-0.0004523725481116398
3,2021-04-30,0.00459108826389156
3,2021-05-01,0.00634921330900444
3,2021-05-02,-0.0018890262729602699
3,2021-05-03,0.02234714701468429
3,2021-05-04,-0.01556448779735486
3,2021-05-05,0.01556550401403358
3,2021-05-06,0.00607215810237023
3,2021-05-07,0.00758179946051497
3,2021-05-08,0.014810278041560961
3,2021-05-09,-0.0005956873516115401
3,2021-05-10,-0.00758662088469657
3,2021-05-11,0.0028685870838150804
3,2021-05-12,-0.0355719025406771
3,2021-05-13,0.00607676724084117
3,2021-05-14,0.02007957265207005
3,2021-05-15,-0.016924816472479173
3,2021-05-16,-0.00223929554940249
3,2021-05-17,-0.01203104104731144
3,2021-05-18,-0.0024667886825508406
3,2021-05-19,-0.043379021677203214
3,2021-05-20,0.031441028824443
3,2021-05-21,-0.020632046956468832
3,2021-05-22,-0.0054114274080864395
3,2021-05-23,-0.01569562206231081
3,2021-05-24,0.04291578905966412
3,2021-05-25,0.0030335821743089396
3,2021-05-26,0.00945429417580797
3,2021-05-27,-0.00707162337040197
3,2021-05-28,-0.01699296384730612
3,2021-05-29,-0.0087475812233468
3,2021-05-30,0.00792286780174926
3,2021-05-31,0.018713071313544022
3,2021-06-01,-0.00581123259239518
3,2021-06-02,0.00712651584369968
3,2021-06-03,0.0020539568792479913
3,2021-06-04,-0.0041243605200676405
3,2021-06-05,-0.00575370271207248
3,2021-06-06,0.00405266522456314
3,2021-06-07,-0.00975879775373154
3,2021-06-08,-0.00461279152807439
3,2021-06-09,0.01417494861698507
3,2021-06-10,-0.003169712201578471
3,2021-06-11,-0.00555523400398338
3,2021-06-12,-0.004226264447939141
3,2021-06-13,0.015926933205449002
3,2021-06-14,0.00619625213906241
3,2021-06-15,-0.00447025120832488
3,2021-06-16,-0.02180855785007886
3,2021-06-17,-0.007120846336041349
3,2021-06-18,-0.022082807220302363
3,2021-06-19,-0.0034688146489878597
3,2021-06-20,0.00378316473599326
3,2021-06-21,-0.016190293690750958
3,2021-06-22,0.00369642683335034
3,2021-06-23,0.007947077971048062
3,2021-06-24,0.006357680925048161
3,2021-06-25,-0.015190352577339573
3,2021-06-26,0.0031628396389225604
3,2021-06-27,0.01570576500743723
3,2021-06-28,0.0052726894915431895
3,2021-06-29,0.00495722750099061
3,2021-06-30,0.004983634062474691
3,2021-07-01,-0.007558342225560841
3,2021-07-02,0.00851215674145297
3,2021-07-03,0.0059934932821614
3,2021-07-04,0.00602706686754307
3,2021-07-05,-0.00922213316093321
3,2021-07-06,0.00729911532574071
3,2021-07-07,0.00157890058503139
3,2021-07-08,-0.01564840103999194
3,2021-07-09,0.01028318451664393
3,2021-07-10,-0.00246889271178487
3,2021-07-11,0.0034771248019195905
3,2021-07-12,-0.00668765449586321
3,2021-07-13,-0.0072448647333512705
3,2021-07-14,0.007063941697006961
3,2021-07-15,-0.008226466671438261
3,2021-07-16,-0.010360152237745151
3,2021-07-17,0.00145002710695145
3,2021-07-18,0.0005535412745248
3,2021-07-19,-0.014055715354777051
3,2021-07-20,0.0016391491516373601
3,2021-07-21,0.02244948982736522
3,2021-07-22,0.00363931277728598
3,2021-07-23,0.01318553326761221
3,2021-07-24,0.0019889724807371804
3,2021-07-25,0.0063937600969733105
3,2021-07-26,0.00769200788464512
3,2021-07-27,0.00697135080423419
3,2021-07-28,0.0025031702455784203
3,2021-07-29,0.009126260121459343
3,2021-07-30,0.00407906829601394
3,2021-07-31,0.0013553676139540299
3,2021-08-01,-0.0030825154268675297
3,2021-08-02,-0.0008337896441485801
3,2021-08-03,-0.00304096412685637
3,2021-08-04,0.01072001905247156
3,2021-08-05,0.00852511157971695
3,2021-08-06,0.0008738471329490398
3,2021-08-07,0.013544902322331222
3,2021-08-08,-0.00646208048494933
3,2021-08-09,0.004635457739408022
3,2021-08-10,-0.00170248915300364
3,2021-08-11,0.00587384176214212
3,2021-08-12,-0.00469327054447333
3,2021-08-13,0.02231310943881848
3,2021-08-14,-0.0032597706213762204
3,2021-08-15,0.00116168516363091
3,2021-08-16,-0.004448295674637421
3,2021-08-17,-0.01055661219393161
3,2021-08-18,-0.005049337266055011
3,2021-08-19,0.0096398904905999
3,2021-08-20,0.01270812937191531
3,2021-08-21,-0.00274322097737899
3,2021-08-22,0.00123202277935181
3,2021-08-23,0.01157034304874677
3,2021-08-24,-0.00772581033645619
3,2021-08-25,0.0034756821205811405
3,2021-08-26,-0.01128810108960492
3,2021-08-27,0.01916073553843817
3,2021-08-28,-0.0012474299620166402
3,2021-08-29,-0.00091498074887608
3,2021-08-30,-0.0024245475377091203
3,2021-08-31,0.006449970402247561
3,2021-09-01,0.015604766232493192
3,2021-09-02,0.0005511624370834402
3,2021-09-03,0.00809758773708364
3,2021-09-04,-0.0014649689527074302
3,2021-09-05,0.00539629466347954
3,2021-09-06,0.00064508700482921
3,2021-09-07,-0.03057788563640744
3,2021-09-08,-0.00091116157314156
3,2021-09-09,-0.00251862917366887
3,2021-09-10,-0.014813250276395521
3,2021-09-11,0.0025842175964626004
3,2021-09-12,0.006307635870481941
3,2021-09-13,-0.0037351217356296302
3,2021-09-14,0.00823396347577501
3,2021-09-15,0.00980912908109772
3,2021-09-16,-0.00932371901068089
3,2021-09-17,-0.012078739311215461
3,2021-09-18,0.00326356395607888
3,2021-09-19,-0.005320621196735951
3,2021-09-20,-0.026527147952967813
3,2021-09-21,-0.011093870689761592
3,2021-09-22,0.02239239753418466
3,2021-09-23,0.007241755368089291
3,2021-09-24,-0.009604265735861192
3,2021-09-25,-0.0005163978597152601
3,2021-09-26,0.006033395414145041
3,2021-09-27,-0.008298915855429015
3,2021-09-28,-0.019641031336767298
3,2021-09-29,0.00236101255139703
3,2021-09-30,0.00993168526779924
3,2021-10-01,0.026720572992208973
3,2021-10-02,0.00141762050800523
3,2021-10-03,0.0019557234277741203
3,2021-10-04,-0.0037653925067236797
3,2021-10-05,0.012109532306691671
3,2021-10-06,0.01164863735178865
3,2021-10-07,0.0006128019542934295
3,2021-10-08,-0.00117402988435833
3,2021-10-09,0.00232158084199547
3,2021-10-10,-0.00491706180063968
3,2021-10-11,0.004808780486060451
3,2021-10-12,-0.00429101787812564
3,2021-10-13,0.01317510468735605
3,2021-10-14,0.01391420296171088
3,2021-10-15,0.008642496408184212
3,2021-10-16,-0.00233327033575525
3,2021-10-17,0.00156313688553082
3,2021-10-18,-0.00065691379414888
3,2021-10-19,0.01161131224580346
3,2021-10-20,0.014110271685219309
3,2021-10-21,-0.006793209792768951
3,2021-10-22,-0.00337829781678562
3,2021-10-23,0.006009163474486411
3,2021-10-24,-0.0027915394009380102
3,2021-10-25,0.012163992174898181
3,2021-10-26,-0.008525836494380221
3,2021-10-27,-0.00966748681182109
3,2021-10-28,0.01807109138480277
3,2021-10-29,0.0041240181008367904
3,2021-10-30,-0.0027551909947523
3,2021-10-31,-0.00162371459283356
3,2021-11-01,0.00271652345756305
3,2021-11-02,0.01098032275589336
3,2021-11-03,-5.588544348774987e-05
3,2021-11-04,0.00226519043659145
3,2021-11-05,0.00388666788446926
3,2021-11-06,0.00178235413093765
3,2021-11-07,0.005006549914008141
3,2021-11-08,0.012651308061942602
3,2021-11-09,-0.0029807022862228805
3,2021-11-10,-0.006073289493604431
3,2021-11-11,0.0037801282499541106
3,2021-11-12,0.00200776682429454
3,2021-11-13,-7.457067721799993e-05
3,2021-11-14,0.0013135118895468301
3,2021-11-15,-0.00435275970117871
3,2021-11-16,-0.01333583592373554
3,2021-11-17,0.00397988868259163
3,2021-11-18,-0.012055943104668211
3,2021-11-19,0.006184779734782311
3,2021-11-20,0.00545402122657891
3,2021-11-21,-0.0048729703226710105
3,2021-11-22,-0.01618228106227889
3,2021-11-23,0.0065612218194297895
3,2021-11-24,-0.00110517582085478
3,2021-11-25,0.008850141964371153
3,2021-11-26,-0.030164770360714264
3,2021-11-27,0.00342012019442527
3,2021-11-28,0.009549110453083872
3,2021-11-29,0.009276595202510961
3,2021-11-30,-0.00901505566059957
3,2021-12-01,-0.004461705926089621
3,2021-12-02,0.00251462919042131
3,2021-12-03,-0.013365452674847081
3,2021-12-04,-0.010543284699221351
3,2021-12-05,0.0021575811794497003
3,2021-12-06,0.0110945361038534
3,2021-12-07,0.01034643648189865
3,2021-12-08,0.0037384705582148305
3,2021-12-09,-0.01775138553863419
3,2021-12-10,0.00013114044891902876
3,2021-12-11,0.00903000532270117
3,2021-12-12,0.00293126448250452
3,2021-12-13,-0.01889454658266942
3,2021-12-14,-0.0005882033879526689
3,2021-12-15,0.014106187606040061
3,2021-12-16,-0.004802354274552341
3,2021-12-17,-0.01231512855637738
3,2021-12-18,0.0035838838893883403
3,2021-12-19,-0.0011947535018571702
3,2021-12-20,-0.00596063937966538
3,2021-12-21,0.014972852410388891
3,2021-12-22,0.005981734714531509
3,2021-12-23,0.01167252278101854
3,2021-12-24,-0.0016201749099632398
3,2021-12-25,0.0004827576840952802
3,2021-12-26,-3.7642500881999996e-05
3,2021-12-27,0.0067224016419905495
3,2021-12-28,-0.013565703518761971
3,2021-12-29,-0.00624236754056128
3,2021-12-30,0.00417985884595585
3,2021-12-31,-0.0018215553846213203
3,2022-01-01,0.005673217932241971
3,2022-01-02,0.0008333306402886801
3,2022-01-03,-0.00522129326893719
3,2022-01-04,0.0015110683803007
3,2022-01-05,-0.02238720026180773
3,2022-01-06,-0.00830523169565181
3,2022-01-07,-0.010644013353669862
3,2022-01-08,-0.0033065122893460703
3,2022-01-09,0.0027048692124847303
3,2022-01-10,-0.0017541609049034502
3,2022-01-11,0.0150799226944077
3,2022-01-12,0.00873716848887437
3,2022-01-13,-0.01441616233990202
3,2022-01-14,0.0027665368113324604
3,2022-01-15,0.0006547987780433201
3,2022-01-16,0.0005249162904272899
3,2022-01-17,-0.00582776271719042
3,2022-01-18,-0.010918737055900709
3,2022-01-19,-0.00486326775208759
3,2022-01-20,-0.01066248187605099
3,2022-01-21,-0.03549043627038229
3,2022-01-22,-0.0100137368671777
3,2022-01-23,0.008722646016150151
3,2022-01-24,0.0009516691911708301
3,2022-01-25,-0.00395269157670246
3,2022-01-26,-0.00630537057619481
3,2022-01-27,-0.006538934837995201
3,2022-01-28,0.0180677125672078
3,2022-01-29,0.0032515937085430503
3,2022-01-30,-0.0005573038789346601
3,2022-01-31,0.01467800524815375
3,2022-02-01,0.0083593470054937
3,2022-02-02,-0.00267757105102548
3,2022-02-03,-0.01058330051653619
3,2022-02-04,0.025564738063947753
3,2022-02-05,0.00025429329745587005
3,2022-02-06,0.0037732248830259305
3,2022-02-07,0.00667189528289793
3,2022-02-08,0.00465822750868554
3,2022-02-09,0.01335621057172814
3,2022-02-10,-0.017193664599385573
3,2022-02-11,-0.011671985678918272
3,2022-02-12,-0.0007918703118516902
3,2022-02-13,-0.0019474742242976898
3,2022-02-14,0.0032522405820549203
3,2022-02-15,0.01862160560124576
3,2022-02-16,-0.0004357940674833608
3,2022-02-17,-0.020840283088520664
3,2022-02-18,-0.008460967132418559
3,2022-02-19,-0.00034113700980477996
3,2022-02-20,-0.00955640657360388
3,2022-02-21,-0.00414789427130948
3,2022-02-22,-0.0006441058040527895
3,2022-02-23,-0.012256141369104929
3,2022-02-24,0.01053781132980148
3,2022-02-25,0.01743242990264946
3,2022-02-26,0.00010074480031751999
3,2022-02-27,-0.00943065906026134
3,2022-02-28,0.028246009639996572
3,2022-03-01,0.0026155927099202995
3,2022-03-02,0.004450679454344731
3,2022-03-03,-0.008181486843333259
3,2022-03-04,-0.014233684018258402
3,2022-03-05,0.0022967810036016102
3,2022-03-06,-0.006872596683536541
3,2022-03-07,-0.013435059899681731
3,2022-03-08,0.009652697651753958
3,2022-03-09,0.01852891606116578
3,2022-03-10,-0.012008906009229312
3,2022-03-11,-0.01158759788529767
3,2022-03-12,0.00071930202483198
3,2022-03-13,-0.00469715553870635
3,2022-03-14,-0.00096535006425877
3,2022-03-15,0.00599456017223245
3,2022-03-16,0.023310812403671492
3,2022-03-17,0.00943106416061561
3,2022-03-18,0.00720042362891047
3,2022-03-19,0.00145938308539958
3,2022-03-20,-0.005256929088474031
3,2022-03-21,0.0026051976691489997
3,2022-03-22,0.009593349383453251
3,2022-03-23,0.0004970473018054309
3,2022-03-24,0.0146881812326806
3,2022-03-25,0.0029674283156959206
3,2022-03-26,0.00185891665559706
3,2022-03-27,0.00998834678685744
3,2022-03-28,-0.00017927036521979975
3,2022-03-29,0.00846807774701578
3,2022-03-30,-0.00218521100608296
3,2022-03-31,-0.01339194578602075
3,2022-04-01,0.00640638663815067
3,2022-04-02,-0.0014501861504937598
3,2022-04-03,0.0035889761032361998
3,2022-04-04,0.00601112999530092
3,2022-04-05,-0.013299314966879411
3,2022-04-06,-0.01682082553959216
3,2022-04-07,0.00606844203100425
3,2022-04-08,-0.002993923353804901
3,2022-04-09,0.0032120686911426702
3,2022-04-10,-0.0032352224049517504
3,2022-04-11,-0.020626933163403402
3,2022-04-12,0.00328334495290797
3,2022-04-13,0.01301912588179372
3,2022-04-14,-0.01282062082713639
3,2022-04-15,0.00238202891407472
3,2022-04-16,0.00011834136358521998
3,2022-04-17,-0.00396685949273358
3,2022-04-18,0.00580560676064123
3,2022-04-19,0.00695869446257437
3,2022-04-20,-0.0003575584020364902
3,2022-04-21,-0.013530361405882721
3,2022-04-22,-0.0196762982229696
3,2022-04-23,-0.0017824432279086
3,2022-04-24,-0.00021994381288784
3,2022-04-25,0.0032330358422561997
3,2022-04-26,-0.025467726827140342
3,2022-04-27,0.004105929579203781
3,2022-04-28,0.01688618445009661
3,2022-04-29,-0.02518529553632514
3,2022-04-30,-0.005589917149002491
3,2022-05-01,0.00577024008192108
3,2022-05-02,-0.0011034917014930098
3,2022-05-03,-0.00157621378157397
3,2022-05-04,0.028283026507849512
3,2022-05-05,-0.03291516714238444
3,2022-05-06,-0.0054567721975784505
3,2022-05-07,-0.00361352484144426
3,2022-05-08,-0.00837222926217593
3,2022-05-09,-0.04381958263912359
3,2022-05-10,0.006712125030945351
3,2022-05-11,-0.02308037672797507
3,2022-05-12,-0.0117912316106717
3,2022-05-13,0.014047917801586419
3,2022-05-14,0.00504558065855331
3,2022-05-15,0.00843878546201976
3,2022-05-16,-0.01032606676362441
3,2022-05-17,0.01412844528734907
3,2022-05-18,-0.034323211953215346
3,2022-05-19,0.01251479979683196
3,2022-05-20,-0.00580244969951936
3,2022-05-21,0.00165649658286185
3,2022-05-22,0.00634092554791746
3,2022-05-23,0.0032018270084814395
3,2022-05-24,0.00047018840296130003
3,2022-05-25,0.00011046692743024982
3,2022-05-26,0.00070043884480403
3,2022-05-27,0.00679749712690019
3,2022-05-28,0.0054547655867900205
3,2022-05-29,0.0026740158552145503
3,2022-05-30,0.01842252628219983
3,2022-05-31,-0.00851034911897897
3,2022-06-01,-0.01530874974834531
3,2022-06-02,0.01630838240035495
3,2022-06-03,-0.016706249825283542
3,2022-06-04,0.00218819391425843
3,2022-06-05,0.00029275611089846004
3,2022-06-06,0.007750495428092931
3,2022-06-07,0.0033348065008164196
3,2022-06-08,-0.009348118825896121
3,2022-06-09,-0.01342525579899813
3,2022-06-10,-0.02107015552606897
3,2022-06-11,-0.01025108205412775
3,2022-06-12,-0.01259313928400816
3,2022-06-13,-0.05891997556661792
3,2022-06-14,-0.0042160610294852
3,2022-06-15,0.01545731408544217
3,2022-06-16,-0.036122633033796474
3,2022-06-17,-0.0019150340055038796
3,2022-06-18,-0.015494819822254181
3,2022-06-19,0.021714605537184822
3,2022-06-20,-0.00020290345378846545
3,2022-06-21,0.0121624131958854
3,2022-06-22,-0.01059090191893185
3,2022-06-23,0.017215207920205432
3,2022-06-24,0.02417759979921064
3,2022-06-25,0.0026046747585637
3,2022-06-26,-0.00559886937915601
3,2022-06-27,-0.00456559417189936
3,2022-06-28,-0.01683400765182172
3,2022-06-29,-0.00554108412502701
3,2022-06-30,-0.00943816370146512
3,2022-07-01,0.00155808960742857
3,2022-07-02,0.0006210957455685601
3,2022-07-03,0.001047909778316
3,2022-07-04,0.011694870076213112
3,2022-07-05,-0.00805687721898577
3,2022-07-06,0.0036783131768511404
3,2022-07-07,0.017308792156934878
3,2022-07-08,-0.00191544140419579
3,2022-07-09,-5.951449503925001e-05
3,2022-07-10,-0.00750334783812177
3,2022-07-11,-0.01743208555015584
3,2022-07-12,-0.01422992032928215
3,2022-07-13,0.01120632172677268
3,2022-07-14,0.0028814714524583104
3,2022-07-15,0.013454826225918821
3,2022-07-16,0.01200593047859756
3,2022-07-17,-0.00334479687706006
3,2022-07-18,0.023092110990322927
3,2022-07-19,0.01519323582616079
3,2022-07-20,-0.0016942540519276099
3,2022-07-21,0.01234430657509415
3,2022-07-22,-0.00790262097222451
3,2022-07-23,1.4367059122600092e-05
3,2022-07-24,0.0036768248821425803
3,2022-07-25,-0.016386834980651493
3,2022-07-26,-0.00562923923156326
3,2022-07-27,0.03675377166114318
3,2022-07-28,0.01932789532809806
3,2022-07-29,0.00839648963738421
3,2022-07-30,-0.0020305070681946
3,2022-07-31,-0.00234131059979381
3,2022-08-01,-0.00348265614323445
3,2022-08-02,-0.00645692793792331
3,2022-08-03,0.007156429401854881
3,2022-08-04,0.0024906285970168994
3,2022-08-05,0.007553736228223222
3,2022-08-06,-0.0042917119065779205
3,2022-08-07,0.0016000309269483303
3,2022-08-08,0.00921041699089604
3,2022-08-09,-0.00811651432901879
3,2022-08-10,0.0225499179016094
3,2022-08-11,0.0008832171900969103
3,2022-08-12,0.01657805148291349
3,2022-08-13,0.00150101365163113
3,2022-08-14,-0.0030116765452654405
3,2022-08-15,-0.00437262305751681
3,2022-08-16,-0.0018444064840880201
3,2022-08-17,-0.01043757807312669
3,2022-08-18,0.0010640261398802402
3,2022-08-19,-0.03154893301586509
3,2022-08-20,-0.0006284035922994699
3,2022-08-21,0.00449649700652402
3,2022-08-22,-0.012436916658725601
3,2022-08-23,0.00367496576463431
3,2022-08-24,0.0009513781102459399
3,2022-08-25,0.0116272968550665
3,2022-08-26,-0.0377533747580809
3,2022-08-27,-0.00221051045733766
3,2022-08-28,-0.00674622274251871
3,2022-08-29,0.0095323725335052
3,2022-08-30,-0.01231625301173215
3,2022-08-31,-0.0026853161994724296
3,2022-09-01,0.0013691569804606999
3,2022-09-02,-0.00405823964608647
3,2022-09-03,-0.00173721780127104
3,2022-09-04,0.00221976313450699
3,2022-09-05,0.0011685414471261303
3,2022-09-06,-0.01222417354555404
3,2022-09-07,0.01913469251554655
3,2022-09-08,0.0019638933974344503
3,2022-09-09,0.025045113355457962
3,2022-09-10,0.00456793179497445
3,2022-09-11,0.0004323132838302302
3,2022-09-12,0.00648379171308874
3,2022-09-13,-0.04384190223852003
3,2022-09-14,0.00515701326470583
3,2022-09-15,-0.024014490127965284
3,2022-09-16,-0.005936865993029311
3,2022-09-17,0.00399638832358252
3,2022-09-18,-0.012562076601901761
3,2022-09-19,0.00771679187325716
3,2022-09-20,-0.015246390140184779
3,2022-09-21,-0.014548065394366993
3,2022-09-22,0.0064810348260671
3,2022-09-23,-0.0137600802254482
3,2022-09-24,-0.00273425912439517
3,2022-09-25,-0.00237129460197865
3,2022-09-26,-0.003321639508512059
3,2022-09-27,-0.0013518354816633102
3,2022-09-28,0.0178992073262935
3,2022-09-29,-0.009449677403768189
3,2022-09-30,-0.009261547835163579
3,2022-10-01,-0.00184615126477598
3,2022-10-02,-0.00409366134682787
3,2022-10-03,0.02711009126617209
3,2022-10-04,0.02676729317500725
3,2022-10-05,-0.00456610449663481
3,2022-10-06,-0.00700651189260861
3,2022-10-07,-0.02051569942557304
3,2022-10-08,-0.0017930592660557
3,2022-10-09,0.00076963434753447
3,2022-10-10,-0.01261741910401701
3,2022-10-11,-0.004818290017608581
3,2022-10-12,0.0012905874166092301
3,2022-10-13,0.01260810856296178
3,2022-10-14,-0.016015322444064582
3,2022-10-15,-0.0022992933585371297
3,2022-10-16,0.0034751854589613602
3,2022-10-17,0.01775689851902306
3,2022-10-18,0.0035672587339213102
3,2022-10-19,-0.01078377176074743
3,2022-10-20,-0.0049597431641505004
3,2022-10-21,0.01944099139623963
3,2022-10-22,0.0012881100946330402
3,2022-10-23,0.00573538902659007
3,2022-10-24,0.0019646341207569798
3,2022-10-25,0.021194375142481993
3,2022-10-26,0.009126517474575581
3,2022-10-27,-0.00856240031878536
3,2022-10-28,0.01222032874497642
3,2022-10-29,0.005241557639099719
3,2022-10-30,-0.0026858449997904403
3,2022-10-31,-0.00692602994243905
3,2022-11-01,0.0008203367166538895
3,2022-11-02,-0.02028729445883588
3,2022-11-03,-0.00515111930214392
3,2022-11-04,0.02870073899241261
3,2022-11-05,-0.0003542579284333599
3,2022-11-06,-0.00526346051376151
3,2022-11-07,0.0020104803779085792
3,2022-11-08,-0.01535717275935012
3,2022-11-09,-0.04319454457702015
3,2022-11-10,0.06472080905393315
3,2022-11-11,0.0036891203165606993
3,2022-11-12,-0.00400349242673826
3,2022-11-13,-0.005574239495165551
3,2022-11-14,-0.0005605534966286198
3,2022-11-15,0.00792034189436721
3,2022-11-16,-0.0104418190955472
3,2022-11-17,-0.0028826778820042302
3,2022-11-18,0.00023460382867246995
3,2022-11-19,0.00122247243312398
3,2022-11-20,-0.00861069478093047
3,2022-11-21,-0.01009713826142488
3,2022-11-22,0.012830868174714589
3,2022-11-23,0.01128460702317656
3,2022-11-24,0.0023538533951004102
3,2022-11-25,-0.0009149716909684601
3,2022-11-26,0.0002488226722437501
3,2022-11-27,-0.0011644096631396503
3,2022-11-28,-0.01405917937816958
3,2022-11-29,0.006280298266076
3,2022-11-30,0.02976077092257542
3,2022-12-01,0.0029380176205563097
3,2022-12-02,0.0008350963663662303
3,2022-12-03,-0.0054858585236187
3,2022-12-04,0.00451751041391709
3,2022-12-05,-0.016336205363034657
3,2022-12-06,-0.005127205048572579
3,2022-12-07,-0.0029077245595322695
3,2022-12-08,0.010742744309433411
3,2022-12-09,-0.00443629107467167
3,2022-12-10,0.00030649564901325123
3,2022-12-11,-0.00045057166354561996
3,2022-12-12,0.0062269717199184005
3,2022-12-13,0.01558188729832417
3,2022-12-14,-0.0046162181166729405
3,2022-12-15,-0.022920791760031152
3,2022-12-16,-0.017566662569696412
3,2022-12-17,0.00264235104488221
3,2022-12-18,-0.00059194305260545
3,2022-12-19,-0.00811061929985761
3,2022-12-20,0.01275140548396849
3,2022-12-21,0.00623951759913427
3,2022-12-22,-0.01045847861277412
3,2022-12-23,0.00372513887783165
3,2022-12-24,0.00038150913732359004
3,2022-12-25,-0.00017709912571792
3,2022-12-26,0.0011978775299021501
3,2022-12-27,-0.0018085980274463306
3,2022-12-28,-0.01058290701562525
3,2022-12-29,0.012253839221249101
3,2022-12-30,-7.153513409340192e-06
3,2022-12-31,-0.0007645236664160701
3,2023-01-01,0.0008954291961712401
3,2023-01-02,0.00133663938669573
3,2023-01-03,0.0005462871643082605
3,2023-01-04,0.01079493462510854
3,2023-01-05,-0.0096957028288676
3,2023-01-06,0.01896159871281447
3,2023-01-07,-0.00045594357182285
3,2023-01-08,0.00297206122475545
3,2023-01-09,0.0035127806801798296
3,2023-01-10,0.0070315818169283005
3,2023-01-11,0.01316489902518716
3,2023-01-12,0.01204900561901167
3,2023-01-13,0.01379500091660164
3,2023-01-14,0.01200945542679991
3,2023-01-15,-0.00020182208467938004
3,2023-01-16,0.00267439927534441
3,2023-01-17,-0.0034194877388891
3,2023-01-18,-0.01423917140466184
3,2023-01-19,0.0053676941078865505
3,2023-01-20,0.0231202443448153
3,2023-01-21,-0.00164096923346155
3,2023-01-22,-0.00020584716015545004
3,2023-01-23,0.00761976770279925
3,2023-01-24,-0.00514331454163825
3,2023-01-25,0.0069052754860626404
3,2023-01-26,0.0021771263293391095
3,2023-01-27,0.00083796912041519
3,2023-01-28,-0.0017378151825086902
3,2023-01-29,0.007783473557518751
3,2023-01-30,-0.01572879798219129
3,2023-01-31,0.01066910850114546
3,2023-02-01,0.01500301811570275
3,2023-02-02,0.00014611809475519044
3,2023-02-03,-0.01130219928094726
3,2023-02-04,-0.0002714405795736
3,2023-02-05,-0.0039099647033131405
3,2023-02-06,-0.0044856235942312105
3,2023-02-07,0.01330215923174778
3,2023-02-08,-0.00763827592619888
3,2023-02-09,-0.01810840448477196
3,2023-02-10,-0.00106758485069624
3,2023-02-11,0.00265880051395636
3,2023-02-12,-0.00182256393149796
3,2023-02-13,0.00335606780167239
3,2023-02-14,0.00516685921034762
3,2023-02-15,0.016000717779193003
3,2023-02-16,-0.01199576401680982
3,2023-02-17,0.00706929618839971
3,2023-02-18,9.748181710265999e-05
3,2023-02-19,-0.0019307243407807
3,2023-02-20,0.00342813330379828
3,2023-02-21,-0.01528201111840603
3,2023-02-22,-0.00425233231083648
3,2023-02-23,0.0016641847633813598
3,2023-02-24,-0.01296157152910125
3,2023-02-25,-0.0009539242186743001
3,2023-02-26,0.00463829189134138
3,2023-02-27,0.0020218943588325997
3,2023-02-28,-0.0035445498386447905
3,2023-03-01,0.005706658815361551
3,2023-03-02,0.00188553708048666
3,2023-03-03,0.0016194109354633092
3,2023-03-04,-0.00017033271983804001
3,2023-03-05,0.00021272590062068
3,2023-03-06,-0.0009544828339885798
3,2023-03-07,-0.014284618775011668
3,2023-03-08,-0.003206510058974937
3,2023-03-09,-0.01874350930281856
3,2023-03-10,-0.0029860382384641294
3,2023-03-11,0.00465388682302511
3,2023-03-12,0.01487736138001584
3,2023-03-13,0.02214495228163878
3,2023-03-14,0.01051647299795408
3,2023-03-15,-0.00526541394993987
3,2023-03-16,0.013369955873093031
3,2023-03-17,0.01948265178123601
3,2023-03-18,-0.0034570526292236102
3,2023-03-19,0.005060679057766471
3,2023-03-20,-8.577975410082109e-05
3,2023-03-21,0.00625039066468173
3,2023-03-22,-0.01083326843838856
3,2023-03-23,0.01343223876217574
3,2023-03-24,-0.00573919998959126
3,2023-03-25,-0.00034680150919094005
3,2023-03-26,0.0036326935218454
3,2023-03-27,-0.00856465510175884
3,2023-03-28,0.00537367237531003
3,2023-03-29,0.01095662517366569
3,2023-03-30,0.00428957617150634
3,2023-03-31,0.00832388287058471
3,2023-04-01,-0.00010792422667646001
3,2023-04-02,-0.00232128439201345
3,2023-04-03,0.0038493761495490397
3,2023-04-04,0.00725085851194482
3,2023-04-05,0.00083466556980845
3,2023-04-06,-0.0022837901262576996
3,2023-04-07,-0.0009252853669245999
3,2023-04-08,-0.00066937919587237
3,2023-04-09,0.00191855595260614
3,2023-04-10,0.00522200009654512
3,2023-04-11,0.00296795892504062
3,2023-04-12,3.281454245979056e-05
3,2023-04-13,0.017033718542391378
3,2023-04-14,-0.001970565054109649
3,2023-04-15,-0.00101454394889707
3,2023-04-16,0.0014081321971915
3,2023-04-17,-0.00443475017735883
3,2023-04-18,0.006450904404365911
3,2023-04-19,-0.014950600152709532
3,2023-04-20,-0.0027015950595916305
3,2023-04-21,-0.01105950758020418
3,2023-04-22,0.00331895094717553
3,2023-04-23,-0.00143498201150702
3,2023-04-24,4.707323338472985e-05
3,2023-04-25,-0.0024040975578154492
3,2023-04-26,-0.0029277500116693346
3,2023-04-27,0.01570125255129582
3,2023-04-28,0.00308771939303061
3,2023-04-29,0.0005818552433529899
3,2023-04-30,-0.00197847419501947
3,2023-05-01,-0.007706178597692481
3,2023-05-02,0.0037977892520899698
3,2023-05-03,0.0030599066236401498
3,2023-05-04,-0.00384126724096197
3,2023-05-05,0.01272106974127684
3,2023-05-06,-0.007081776842707931
3,2023-05-07,-0.00284214054385385
3,2023-05-08,-0.0030553983951542504
3,2023-05-09,-0.00047440346032379013
3,2023-05-10,0.00122912515047867
3,2023-05-11,-0.007691081359264501
3,2023-05-12,-0.0012909878802716
3,2023-05-13,-0.0007648618825112702
3,2023-05-14,0.00077785249168007
3,2023-05-15,0.00510143275341206
3,2023-05-16,-0.00826096171732184
3,2023-05-17,0.00626864066604277
3,2023-05-18,-0.00200378917878784
3,2023-05-19,0.00294219589686616
3,2023-05-20,0.00127394721564359
3,2023-05-21,-0.0021636332646845
3,2023-05-22,0.00016646040818260987
3,2023-05-23,-0.0013831778196595002
3,2023-05-24,-0.012514099208377911
3,2023-05-25,0.00265550201996942
3,2023-05-26,0.00951617661100072
3,2023-05-27,0.0006620203865575201
3,2023-05-28,0.0088055852628512
3,2023-05-29,-0.00254472614631352
3,2023-05-30,0.0029805158486594895
3,2023-05-31,-0.00544778867272905
3,2023-06-01,0.005040348671508739
3,2023-06-02,0.006664413593433591
3,2023-06-03,-0.0014230410661958302
3,2023-06-04,7.95668484057e-05
3,2023-06-05,-0.00802223222503746
3,2023-06-06,0.01104327382440771
3,2023-06-07,-0.01130130645339157
3,2023-06-08,0.008718389060427621
3,2023-06-09,-0.00056222486274407
3,2023-06-10,-0.00722696121206512
3,2023-06-11,0.00039736886864870006
3,2023-06-12,0.00330761326256551
3,2023-06-13,0.00112815329565801
3,2023-06-14,-0.007637397715938321
3,2023-06-15,0.01126915531759818
3,2023-06-16,0.0023960834255435702
3,2023-06-17,0.00123395274969423
3,2023-06-18,-0.0010552803282898801
3,2023-06-19,0.00174650729132424
3,2023-06-20,0.0038054033044294107
3,2023-06-21,0.008324234222833732
3,2023-06-22,-0.00238803831113031
3,2023-06-23,0.0011379664423058298
3,2023-06-24,-0.0013721861388707201
3,2023-06-25,0.0010456453306084603
3,2023-06-26,-0.00455720656365107
3,2023-06-27,0.007035261087975551
3,2023-06-28,-0.00592488076645078
3,2023-06-29,0.0046173030969272905
3,2023-06-30,0.01220649766965931
3,2023-07-01,-0.00010559231834245
3,2023-07-02,0.0007785920007216501
3,2023-07-03,0.0035372126295650404
3,2023-07-04,-0.0016482219090701202
3,2023-07-05,-0.00411561779426028
3,2023-07-06,-0.010149915030854051
3,2023-07-07,0.00352312265286498
3,2023-07-08,-0.0004912643144815701
3,2023-07-09,-0.0005295176669003701
3,2023-07-10,0.00313957126187593
3,2023-07-11,0.00484791448002839
3,2023-07-12,0.00680538829036289
3,2023-07-13,0.015094218741043951
3,2023-07-14,-0.00809509758258608
3,2023-07-15,-0.00042785577006473007
3,2023-07-16,-0.00064896596475069
3,2023-07-17,0.0008069978714888115
3,2023-07-18,0.00577386760852564
3,2023-07-19,0.0005635515003128001
3,2023-07-20,-0.00470171341502237
3,2023-07-21,-0.0010601238330212098
3,2023-07-22,-0.00172985844405175
3,2023-07-23,0.0022080002616851
3,2023-07-24,-0.0037138333525022003
3,2023-07-25,0.00349619189980775
3,2023-07-26,0.00241945572441099
3,2023-07-27,-0.00845070219009616
3,2023-07-28,0.00809636499471081
3,2023-07-29,0.00046853722813137
3,2023-07-30,-0.00124112153805306
3,2023-07-31,0.0012448184351628898
3,2023-08-01,-0.0018890589403145197
3,2023-08-02,-0.01220527231495187
3,2023-08-03,-0.0015813838687027933
3,2023-08-04,-0.0016386145034237402
3,2023-08-05,0.0002124408430632
3,2023-08-06,-0.00029219176499854
3,2023-08-07,0.003914866772736321
3,2023-08-08,-0.0005208915434804101
3,2023-08-09,-0.00565409621254232
3,2023-08-10,-0.0008093955871885801
3,2023-08-11,-0.00038286141422035004
3,2023-08-12,8.248427962553e-05
3,2023-08-13,-0.0009331507406262001
3,2023-08-14,0.0026019417775650505
3,2023-08-15,-0.00850341839527474
3,2023-08-16,-0.007979080312008481
3,2023-08-17,-0.01839742127224769
3,2023-08-18,-0.0034013373606497496
3,2023-08-19,0.0006835717141853701
3,2023-08-20,0.0012827192211285802
3,2023-08-21,0.00287257306753153
3,2023-08-22,-0.00312219053626426
3,2023-08-23,0.01254590706103202
3,2023-08-24,-0.008554458584450631
3,2023-08-25,0.00218303664762147
3,2023-08-26,-0.0005584297999525201
3,2023-08-27,0.0010058035763207
3,2023-08-28,0.00373649537806569
3,2023-08-29,0.02072649416828888
3,2023-08-30,-9.570894518189967e-05
3,2023-08-31,-0.00958866337265571
3,2023-09-01,-0.00075177133484588
3,2023-09-02,0.0007518881740670501
3,2023-09-03,0.00031827520480910004
3,2023-09-04,-0.0009895353341755802
3,2023-09-05,-0.003963096277350709
3,2023-09-06,-0.00504896938567552
3,2023-09-07,0.0017427055371520498
3,2023-09-08,-0.00146531611359278
3,2023-09-09,-8.680655924399e-05
3,2023-09-10,-0.00134300257337105
3,2023-09-11,-0.00276972374745797
3,2023-09-12,0.0012173923937418007
3,2023-09-13,0.0019455232327591204
3,2023-09-14,0.00726752501512544
3,2023-09-15,-0.00448083414078088
3,2023-09-16,-0.0005670069329329
3,2023-09-17,-0.00084338685543916
3,2023-09-18,0.00354872983181421
3,2023-09-19,0.00066333070418089
3,2023-09-20,-0.00636781754298952
3,2023-09-21,-0.014239819072680111
3,2023-09-22,0.0003401695270721303
3,2023-09-23,3.943156444637e-05
3,2023-09-24,-0.0020698650621085502
3,2023-09-25,0.0013541821691165899
3,2023-09-26,-0.00969873055582126
3,2023-09-27,-0.00303087666998926
3,2023-09-28,0.0071692126962132905
3,2023-09-29,-0.0033482487930439303
3,2023-09-30,0.00038846139026014006
3,2023-10-01,0.00746132685062708
3,2023-10-02,-0.00931525810376472
3,2023-10-03,-0.00808157196886425
3,2023-10-04,0.0040845920508722705
3,2023-10-05,-0.00388771532327563
3,2023-10-06,0.01198900391022977
3,2023-10-07,-0.00064501535473397
3,2023-10-08,-0.00018202078170739
3,2023-10-09,0.003412216870182279
3,2023-10-10,0.0010162593954880098
3,2023-10-11,0.0023047633103059195
3,2023-10-12,-0.006006809512997041
3,2023-10-13,0.008824393490558639
3,2023-10-14,0.00013991735485669002
3,2023-10-15,0.0013221214916640603
3,2023-10-16,0.011006295219099021
3,2023-10-17,-0.001984060542545478
3,2023-10-18,-0.00320982946822588
3,2023-10-19,0.0012449278505555807
3,2023-10-20,0.0006522130061337398
3,2023-10-21,0.0023652111824458205
3,2023-10-22,0.00235077536502698
3,2023-10-23,0.01408715910318898
3,2023-10-24,0.00723929342337454
3,2023-10-25,-0.00389968825009211
3,2023-10-26,-0.00529123178205009
3,2023-10-27,-0.0011441752895854501
3,2023-10-28,0.00034617800590183007
3,2023-10-29,0.00235862934402556
3,2023-10-30,0.00514080543029624
3,2023-10-31,0.00199602160668317
3,2023-11-01,0.00921433590998925
3,2023-11-02,0.0061917475183360295
3,2023-11-03,0.00675281928767044
3,2023-11-04,0.0022784771268969
3,2023-11-05,0.0018421131365371397
3,2023-11-06,-0.0005266948482984199
3,2023-11-07,0.0003218405911818
3,2023-11-08,-0.0016990441332395798
3,2023-11-09,0.01259755719870885
3,2023-11-10,0.004166639067992561
3,2023-11-11,-0.0015812194676825602
3,2023-11-12,-0.00066080033594332
3,2023-11-13,-0.00018030499114765999
3,2023-11-14,0.0060856417323305705
3,2023-11-15,0.011086881880135492
3,2023-11-16,-0.005300368752876461
3,2023-11-17,0.0016464850858366002
3,2023-11-18,-2.6313623251549996e-05
3,2023-11-19,0.00466088214847297
3,2023-11-20,0.0042100991850013095
3,2023-11-21,-0.00655338568515509
3,2023-11-22,0.01173012971810298
3,2023-11-23,-5.7284087866950047e-05
3,2023-11-24,0.0038853704933025602
3,2023-11-25,0.00030351045030653
3,2023-11-26,-0.0018687922306315902
3,2023-11-27,-0.0013974488685720302
3,2023-11-28,0.00713154050239901
3,2023-11-29,-0.00067364302316643
3,2023-11-30,0.0014073193910816603
3,2023-12-01,0.01246166055219613
3,2023-12-02,0.005707711437474301
3,2023-12-03,0.00259049022243708
3,2023-12-04,-0.001225161753005469
3,2023-12-05,0.00556967846220337
3,2023-12-06,-0.00449268507373026
3,2023-12-07,0.00869136569989096
3,2023-12-08,0.0006167949129222204
3,2023-12-09,-0.00179244711963987
3,2023-12-10,0.00066637255818624
3,2023-12-11,-0.01254738092687933
3,2023-12-12,0.0015797683197678102
3,2023-12-13,0.01995197655470522
3,2023-12-14,0.0057413308519472005
3,2023-12-15,-0.012056387327892491
3,2023-12-16,0.0012073521244561599
3,2023-12-17,-0.00357310306822539
3,2023-12-18,0.00823324961007945
3,2023-12-19,0.0021795719534459697
3,2023-12-20,-0.00407808971513857
3,2023-12-21,0.00931561181512129
3,2023-12-22,0.00611605952515055
3,2023-12-23,-0.0012599660779618201
3,2023-12-24,-0.0036185240313559505
3,2023-12-25,0.0020189514999503604
3,2023-12-26,-0.0004185739994801798
3,2023-12-27,0.0112616951164068
3,2023-12-28,-0.00501558660909573
3,2023-12-29,-0.004901168191766701
3,2023-12-30,-0.00017510266269616997
3,2023-12-31,-0.00010534576913261005
3,2024-01-01,0.007769741322123971
3,2024-01-02,-0.0016548240452604296
3,2024-01-03,-0.01759966247538549
3,2024-01-04,0.004452734427674401
3,2024-01-05,0.0010509639921887387
3,2024-01-06,-0.0016462086908531901
3,2024-01-07,-0.00094438585141584
3,2024-01-08,0.01638973712169242
3,2024-01-09,-0.0016865235716138102
3,2024-01-10,0.01311047442071114
3,2024-01-11,0.00127780930291876
3,2024-01-12,-0.007774285388440731
3,2024-01-13,0.00219048486575004
3,2024-01-14,-0.0066282370895175404
3,2024-01-15,0.00421165668330061
3,2024-01-16,-0.0012169071299583602
3,2024-01-17,-0.00910515018501959
3,2024-01-18,0.0011013228823903102
3,2024-01-19,0.00893811956395344
3,2024-01-20,-0.00067998950308423
3,2024-01-21,-0.0008746696075379401
3,2024-01-22,-0.01085157405512561
3,2024-01-23,0.0004203786780535999
3,2024-01-24,-0.00174549571135956
3,2024-01-25,0.00265418385327098
3,2024-01-26,0.006099274262354201
3,2024-01-27,0.0007563458475469901
3,2024-01-28,-0.00069873260260804
3,2024-01-29,0.01166942556162822
3,2024-01-30,0.0005342918370681298
3,2024-01-31,-0.01141194723515454
3,2024-02-01,0.01125287835158187
3,2024-02-02,0.00336398444995287
3,2024-02-03,-0.00099097292891211
3,2024-02-04,-0.00127923260554463
3,2024-02-05,-0.00307084599513208
3,2024-02-06,0.00704167068097151
3,2024-02-07,0.00908460414800761
3,2024-02-08,0.0020083860151703
3,2024-02-09,0.008364267926511352
3,2024-02-10,0.0019029925948215601
3,2024-02-11,0.00134330504857613
3,2024-02-12,0.00861066602269156
3,2024-02-13,-0.012114560458780541
3,2024-02-14,0.013853561265798953
3,2024-02-15,0.00715174125546643
3,2024-02-16,-0.00142906962360605
3,2024-02-17,-0.00150392177190791
3,2024-02-18,0.004294258864159761
3,2024-02-19,0.00228086029161917
3,2024-02-20,0.0014480777163695295
3,2024-02-21,-0.0015719235389433904
3,2024-02-22,0.00922339115547017
3,2024-02-23,-0.0007538858457220302
3,2024-02-24,0.00403507578347783
3,2024-02-25,0.00431332296971285
3,2024-02-26,0.004818473356609491
3,2024-02-27,0.007562293034269871
3,2024-02-28,0.01390516993022607
3,2024-02-29,-0.0003036736332760299
3,2024-03-01,0.01541987024443877
3,2024-03-02,-0.00102101274490141
3,2024-03-03,0.00382977887519193
3,2024-03-04,0.01609241329095836
3,2024-03-05,-0.01171288085847228
3,2024-03-06,0.01631460338585204
3,2024-03-07,0.00909908302046431
3,2024-03-08,0.0018670963556479897
3,2024-03-09,0.00085107824954071
3,2024-03-10,0.00019142718250086998
3,2024-03-11,0.00960809535472335
3,2024-03-12,-0.0009673315702838393
3,2024-03-13,0.004358828841855019
3,2024-03-14,-0.00813900158097456
3,2024-03-15,-0.012102786917586029
3,2024-03-16,-0.011785786836102291
3,2024-03-17,0.008147821494420272
3,2024-03-18,-0.0009898829958194604
3,2024-03-19,-0.01589405475195685
3,2024-03-20,0.02901674474236101
3,2024-03-21,-0.0031297866904062607
3,2024-03-22,-0.010417738580978261
3,2024-03-23,0.00035895307748064003
3,2024-03-24,0.00862998129498673
3,2024-03-25,0.00753348185936418
3,2024-03-26,0.0001282001870577098
3,2024-03-27,0.0031054614902617894
3,2024-03-28,0.0087355263352279
3,2024-03-29,-0.00265374884811289
3,2024-03-30,-0.00045587832752692003
3,2024-03-31,0.00647119797234666
3,2024-04-01,-0.00474716637084923
3,2024-04-02,-0.0116980236989579
3,2024-04-03,0.00485426750167289
3,2024-04-04,-0.00302481837649656
3,2024-04-05,0.00921313448602298
3,2024-04-06,0.00259320624826754
3,2024-04-07,0.00372905957008374
3,2024-04-08,0.01173141724666616
3,2024-04-09,-0.00621809669298245
3,2024-04-10,-0.00430909265641198
3,2024-04-11,0.00690898305923035
3,2024-04-12,-0.02225438371728071
3,2024-04-13,-0.01218357344776603
3,2024-04-14,0.0078265373685796
3,2024-04-15,-0.006380182756872161
3,2024-04-16,-0.0008158697916310201
3,2024-04-17,-0.01285661859355516
3,2024-04-18,0.007415994925078621
3,2024-04-19,-0.00259399506521337
3,2024-04-20,0.005106435379520301
3,2024-04-21,-0.00031095141789986
3,2024-04-22,0.0011385441082556007
3,2024-04-23,0.0053452104331311295
3,2024-04-24,-0.0066737588587380105
3,2024-04-25,0.0009680977650673201
3,2024-04-26,0.00357827356439631
3,2024-04-27,0.00349639997514772
3,2024-04-28,-0.00035900078213146
3,2024-04-29,0.00114694851474097
3,2024-04-30,-0.025478516153446002
3,2024-05-01,-0.002594332804417651
3,2024-05-02,0.00460611430688021
3,2024-05-03,0.01617991442528724
3,2024-05-04,0.00209044560795578
3,2024-05-05,0.0007998229368520201
3,2024-05-06,0.004343619487480381
3,2024-05-07,-0.00386751061965595
3,2024-05-08,-0.003444730248036162
3,2024-05-09,0.01283317668412085
3,2024-05-10,-0.005308999303544171
3,2024-05-11,0.00014163914415829
3,2024-05-12,0.0016506699005978
3,2024-05-13,0.0001147075266479003
3,2024-05-14,0.0005969328105016394
3,2024-05-15,0.0226235965053041
3,2024-05-16,-0.0066933026499053205
3,2024-05-17,0.013358306995864058
3,2024-05-18,0.00079592859525637
3,2024-05-19,-0.0025803990817939303
3,2024-05-20,0.02877980288656701
3,2024-05-21,0.00253392714826672
3,2024-05-22,-0.00957411639554296
3,2024-05-23,-0.01040451096275181
3,2024-05-24,0.00332673489916005
3,2024-05-25,0.00164002408678282
3,2024-05-26,0.0009360090271139903
3,2024-05-27,0.0053020223610856804
3,2024-05-28,-0.0011305487871161003
3,2024-05-29,-0.00936373205962291
3,2024-05-30,-0.0022955198767292597
3,2024-05-31,0.0016984106282589796
3,2024-06-01,0.0017579107256739002
3,2024-06-02,-0.0008688478464678901
3,2024-06-03,0.0045519379844918
3,2024-06-04,0.0013442279785067601
3,2024-06-05,0.01163088138625329
3,2024-06-06,0.0008830603233433625
3,2024-06-07,-0.016645531520353512
3,2024-06-08,3.3030995073329996e-05
3,2024-06-09,0.0011629910344894399
3,2024-06-10,0.0026864790613154695
3,2024-06-11,-0.00588067279804156
3,2024-06-12,0.00808768218002094
3,2024-06-13,-0.00619491539659361
3,2024-06-14,0.00335571728131929
3,2024-06-15,0.00278023364762384
3,2024-06-16,0.00226220766608582
3,2024-06-17,-0.0011733394461515192
3,2024-06-18,-0.00028725679631277055
3,2024-06-19,0.001818350570798
3,2024-06-20,0.0012320923685332594
3,2024-06-21,-0.008244701703209829
3,2024-06-22,-0.00042328157967447006
3,2024-06-23,-0.0038032394341518698
3,2024-06-24,-0.0065958514123181005
3,2024-06-25,0.00392590272866867
3,2024-06-26,-0.00437477370809586
3,2024-06-27,0.00838389049012281
3,2024-06-28,-0.006307517299010201
3,2024-06-29,0.00089796665258038
3,2024-06-30,0.0046741708268172805
3,2024-07-01,0.00215855760658434
3,2024-07-02,0.0011936113924924299
3,2024-07-03,-0.00108475601082954
3,2024-07-04,-0.012465329304666024
3,2024-07-05,0.00420992865190276
3,2024-07-06,0.005786661623894041
3,2024-07-07,-0.00862324784581861
3,2024-07-08,0.0010683544584106901
3,2024-07-09,0.00491767129500256
3,2024-07-10,0.00657047559946378
3,2024-07-11,0.00046665801960971837
3,2024-07-12,0.004754117114829939
3,2024-07-13,0.0036215856374579103
3,2024-07-14,0.004831353474618751
3,2024-07-15,0.01671653089603227
3,2024-07-16,0.00793804663332119
3,2024-07-17,-0.01132819551410494
3,2024-07-18,-0.00452296969125986
3,2024-07-19,-0.0022352821192777998
3,2024-07-20,0.0010666529003484299
3,2024-07-21,0.0020307215944654804
3,2024-07-22,0.0011725020190921503
3,2024-07-23,-0.0004934069249428903
3,2024-07-24,-0.01786560530254307
3,2024-07-25,-0.01088106131597748
3,2024-07-26,0.014615265531575671
3,2024-07-27,-0.00095321567413014
3,2024-07-28,0.0013253926777386502
3,2024-07-29,-0.0006315854530201099
3,2024-07-30,-0.0015037332500020396
3,2024-07-31,0.009276888714658949
3,2024-08-01,-0.00708582523882327
3,2024-08-02,-0.022223674357964122
3,2024-08-03,-0.00413890250968541
3,2024-08-04,-0.01164717259593814
3,2024-08-05,-0.03623544186607057
3,2024-08-06,0.00808423619630856
3,2024-08-07,-0.01103799711529958
3,2024-08-08,0.04399066605773829
3,2024-08-09,-0.0018194663668387005
3,2024-08-10,0.00056961569054871
3,2024-08-11,-0.00581186254099988
3,2024-08-12,0.013067300963197621
3,2024-08-13,0.00872159368415578
3,2024-08-14,-0.0051336626581580305
3,2024-08-15,0.00409714136009828
3,2024-08-16,0.01059874342901369
3,2024-08-17,0.00187657483670348
3,2024-08-18,-0.00182907954101581
3,2024-08-19,0.007088835630816891
3,2024-08-20,-0.00285306667622856
3,2024-08-21,0.007397582462811501
3,2024-08-22,-0.00892137560711472
3,2024-08-23,0.02021614996007185
3,2024-08-24,0.00036957428763202
3,2024-08-25,-0.00056294898055513
3,2024-08-26,-0.005299739150498601
3,2024-08-27,-0.012094828014707132
3,2024-08-28,-0.0034492116859137197
3,2024-08-29,0.0029592696938841863
3,2024-08-30,0.0020565109883563895
3,2024-08-31,-0.0007094755117094601
3,2024-09-01,-0.0062437242341634005
3,2024-09-02,0.007291029605954241
3,2024-09-03,-0.0183992563444637
3,2024-09-04,0.00111249145997526
3,2024-09-05,-0.004948142821602931
3,2024-09-06,-0.02071505608215754
3,2024-09-07,0.0025597865877806303
3,2024-09-08,0.00223860990729506
3,2024-09-09,0.013336010333436711
3,2024-09-10,0.005696946542805861
3,2024-09-11,0.00206717586636977
3,2024-09-12,0.01217384331942716
3,2024-09-13,0.012097999024788881
3,2024-09-14,-0.0017776042731825102
3,2024-09-15,-0.0055861874502896
3,2024-09-16,-0.0010385826113616101
3,2024-09-17,0.004295882123996991
3,2024-09-18,0.00096368363349784
3,2024-09-19,0.01758118460969936
3,2024-09-20,0.006089929327772539
3,2024-09-21,0.00224508750932658
3,2024-09-22,-0.0008316680115677602
3,2024-09-23,0.0041360716454502304
3,2024-09-24,0.00630449778575402
3,2024-09-25,-0.005521997830017121
3,2024-09-26,0.00869428250854052
3,2024-09-27,0.0011961256440312102
3,2024-09-28,-0.0005613205899480599
3,2024-09-29,-0.0010680404806765501
3,2024-09-30,-0.00614233262933625
3,2024-10-01,-0.011113879574057631
3,2024-10-02,-0.004105266075345271
3,2024-10-03,-0.00162111339515153
3,2024-10-04,0.00907646347207954
3,2024-10-05,-8.7919526862e-06
3,2024-10-06,0.0022710692279338
3,2024-10-07,-0.00713471083767979
3,2024-10-08,0.00288106456872395
3,2024-10-09,-0.0035172693355277306
3,2024-10-10,0.00175120378706677
3,2024-10-11,0.01179124098639717
3,2024-10-12,0.0027604153890316402
3,2024-10-13,-0.00083402679881627
3,2024-10-14,0.015183211887125972
3,2024-10-15,-0.00211603848124489
3,2024-10-16,0.004484562549507879
3,2024-10-17,0.0017019883484753202
3,2024-10-18,0.007888750532005849
3,2024-10-19,0.00013995051003444
3,2024-10-20,0.00473626371446995
3,2024-10-21,-0.00622537279346017
3,2024-10-22,0.0013040708176127402
3,2024-10-23,-0.01271729807019661
3,2024-10-24,0.0057646520747241
3,2024-10-25,-0.004783742493014591
3,2024-10-26,0.00227817903424456
3,2024-10-27,0.00236988298799984
3,2024-10-28,0.006182671001667901
3,2024-10-29,0.01117926450156617
3,2024-10-30,-8.584972056299017e-05
3,2024-10-31,-0.02246783349844958
3,2024-11-01,-0.00022152946509467007
3,2024-11-02,-0.00103766449955866
3,2024-11-03,-0.00219731165037829
3,2024-11-04,-0.00467068826497132
3,2024-11-05,0.010064412967687281
3,2024-11-06,0.024521826510111838
3,2024-11-07,0.01595594295356953
3,2024-11-08,0.0027698266356973203
3,2024-11-09,0.0058565510264209
3,2024-11-10,0.006674499967720951
3,2024-11-11,0.009505356729013021
3,2024-11-12,-0.00883973078207422
3,2024-11-13,-0.0013584320567042402
3,2024-11-14,-0.011600689734325001
3,2024-11-15,-0.0016631193494998798
3,2024-11-16,0.0008199701538652999
3,2024-11-17,-0.0025856243134277004
3,2024-11-18,0.013029030026699761
3,2024-11-19,0.00284653555649043
3,2024-11-20,0.00333481699797372
3,2024-11-21,0.018563930511163812
3,2024-11-22,0.00607646247135227
3,2024-11-23,0.0007435024769316097
3,2024-11-24,-0.00071583461334925
3,2024-11-25,-0.011421104929923038
3,2024-11-26,-0.00031627271450591996
3,2024-11-27,0.01299302760124244
3,2024-11-28,-0.0016941328487879103
3,2024-11-29,0.00679373711363394
3,2024-11-30,0.00202619150078756
3,2024-12-01,0.00097011480970238
3,2024-12-02,-0.0038992616185094
3,2024-12-03,1.924661916587997e-05
3,2024-12-04,0.012797853809816451
3,2024-12-05,-0.00585265101568651
3,2024-12-06,0.00958746625139086
3,2024-12-07,-5.276991725789999e-06
3,2024-12-08,0.00144779473966984
3,2024-12-09,-0.010435167110248958
3,2024-12-10,-0.0008219406739596504
3,2024-12-11,0.01683505387982318
3,2024-12-12,-0.00640926409008517
3,2024-12-13,-0.0016511260575780898
3,2024-12-14,-0.0009893293506239573
3,2024-12-15,0.00527381384621925
3,2024-12-16,0.00483087642074688
3,2024-12-17,-0.00513127168461028
3,2024-12-18,-0.033871308252229365
3,2024-12-19,-0.00792073728817881
3,2024-12-20,0.00937353115197635
3,2024-12-21,-0.00445069960179787
3,2024-12-22,-0.00383761630815136
3,2024-12-23,0.0060275751259753
3,2024-12-24,0.011695193256438379
3,2024-12-25,0.00082399346759302
3,2024-12-26,-0.005756403451405663
3,2024-12-27,-0.00852754923649905
3,2024-12-28,0.0031812959886628202
3,2024-12-29,-0.00307388018267442
3,2024-12-30,-0.00819859794834948
3,2024-12-31,0.00042032391885531
3,2025-01-01,0.00174137455107268
3,2025-01-02,0.00795126134953473
3,2025-01-03,0.00990579466734227
3,2025-01-04,0.0013651751836056302
3,2025-01-05,-0.00044480865378589
3,2025-01-06,0.00786412376859534
3,2025-01-07,-0.017572035976598233
3,2025-01-08,-0.0013486248217194903
3,2025-01-09,-0.0050175047898436305
3,2025-01-10,-0.0015687744807294304
3,2025-01-11,0.00038638835930673
3,2025-01-12,-0.00056969505505694
3,2025-01-13,-0.006264933440141803
3,2025-01-14,0.00725618892780504
3,2025-01-15,0.02231788324346074
3,2025-01-16,-0.0036237427110006395
3,2025-01-17,0.01276408975816204
3,2025-01-18,-0.00429097840800802
3,2025-01-19,-0.005858279521927081
3,2025-01-20,0.00363958283909406
3,2025-01-21,0.01386551689334124
3,2025-01-22,-0.0009311678913635907
3,2025-01-23,0.005756931298691349
3,2025-01-24,0.0005549652722318498
3,2025-01-25,0.00010026785916405996
3,2025-01-26,-0.00454011148739945
3,2025-01-27,-0.01256562531402301
3,2025-01-28,0.0027811160083609492
3,2025-01-29,0.0006645034498920198
3,2025-01-30,0.01189008256011331
3,2025-01-31,-0.0025101712816768098
3,2025-02-01,-0.007177533456937541
3,2025-02-02,-0.010939200875315259
3,2025-02-03,0.0021350808292549695
3,2025-02-04,-0.002318968134733101
3,2025-02-05,0.00521756105225352
3,2025-02-06,-0.0026834792826071104
3,2025-02-07,-0.00666090027865128
3,2025-02-08,0.00026564189488836003
3,2025-02-09,-0.00010293643796933
3,2025-02-10,0.01056593937902278
3,2025-02-11,-0.00443070644964669
3,2025-02-12,0.00624424353381047
3,2025-02-13,0.004385982484165569
3,2025-02-14,-0.0019181139541649154
3,2025-02-15,-0.0011075673566051502
3,2025-02-16,-0.0026132548779770103
3,2025-02-17,0.0041712729905933705
3,2025-02-18,0.00261582669143167
3,2025-02-19,0.0036067681236706902
3,2025-02-20,0.00106824867152162
3,2025-02-21,-0.01378038384461262
3,2025-02-22,0.00420564606292607
3,2025-02-23,0.00173535706383473
3,2025-02-24,-0.01661090771947083
3,2025-02-25,-0.00983023869321293
3,2025-02-26,-0.01101461766831345
3,2025-02-27,-0.012793779377685579
3,2025-02-28,0.0024839934806158
3,2025-03-01,0.0011590796919734797
3,2025-03-02,0.0230768266334034
3,2025-03-03,-0.02827665637639535
3,2025-03-04,-0.00124193914125912
3,2025-03-05,0.01263433184430713
3,2025-03-06,-0.01228792168221433
3,2025-03-07,-0.0036751144289723903
3,2025-03-08,0.00255778526317646
3,2025-03-09,-0.014750428218515962
3,2025-03-10,-0.02584228019018288
3,2025-03-11,0.007243986598977441
3,2025-03-12,0.00446623558684896
3,2025-03-13,-0.006313125114851561
3,2025-03-14,0.01605762784790333
3,2025-03-15,0.0017702523666107799
3,2025-03-16,-0.00464650416788745
3,2025-03-17,0.00936436703043284
3,2025-03-18,-0.0033801051154544507
3,2025-03-19,0.0181533540927101
3,2025-03-20,-0.008302395051543971
3,2025-03-21,-0.00444984290188069
3,2025-03-22,0.00049742492523765
3,2025-03-23,0.00394126523482127
3,2025-03-24,0.013092767349887732
3,2025-03-25,0.0012552855892374098
3,2025-03-26,-0.00932701442843843
3,2025-03-27,0.00239886513363434
3,2025-03-28,-0.015896976289189187
3,2025-03-29,-0.00572062723209547
3,2025-03-30,-0.00147070606816049
3,2025-03-31,0.0081933967898669
3,2025-04-01,0.007937565135673341
3,2025-04-02,-0.0034574188062167907
3,2025-04-03,-0.02469106992439343
3,2025-04-04,-0.03570374279351527
3,2025-04-05,-0.00091961467236622
3,2025-04-06,-0.01867736757104435
3,2025-04-07,-0.00707003093067348
3,2025-04-08,-0.01643303487392417
3,2025-04-09,0.08397712129214216
3,2025-04-10,-0.02545147100376518
3,2025-04-11,0.02252228140354585
3,2025-04-12,0.00719027149753787
3,2025-04-13,-0.00464614006908826
3,2025-04-14,0.00499656103387271
3,2025-04-15,-0.0029496968252686303
3,2025-04-16,-0.0006407002900956707
3,2025-04-17,0.00074110134245949
3,2025-04-18,-0.00015618795968815003
3,2025-04-19,0.00219100107986466
3,2025-04-20,-0.0014385482684980701
3,2025-04-21,-0.0009186506994451182
3,2025-04-22,0.02729658644459107
3,2025-04-23,0.0018782769387512615
3,2025-04-24,0.01495392658309497
3,2025-04-25,0.0026264275710492398
3,2025-04-26,0.00189431454425289
3,2025-04-27,-0.00254479937999094
3,2025-04-28,0.00397148330660683
3,2025-04-29,0.00014487202497653028
3,2025-04-30,-0.0027496774573001898
3,2025-05-01,0.004154393674333361
3,2025-05-02,0.008023835817186482
3,2025-05-03,-0.0014822807316724601
3,2025-05-04,-0.00299286663148692
3,2025-05-05,0.006877181767636759
3,2025-05-06,0.00642184028681523
3,2025-05-07,-0.0036627462451160895
3,2025-05-08,0.026397422735509015
3,2025-05-09,0.007114529151138799
3,2025-05-10,0.011940064967105321
3,2025-05-11,-0.00330119897396825
3,2025-05-12,0.006362144804517227
3,2025-05-13,0.01325264173372756
3,2025-05-14,-0.00900675790789657
3,2025-05-15,0.00619044633188684
3,2025-05-16,-0.00107076341135503
3,2025-05-17,-0.0027993186867158603
3,2025-05-18,0.00425636375121573
3,2025-05-19,0.0033909975961785893
3,2025-05-20,0.0049082854519898
3,2025-05-21,-0.0024200394174419
3,2025-05-22,0.00467292397411882
3,2025-05-23,-0.006813868677908692
3,2025-05-24,0.00053216166578979
3,2025-05-25,0.002032523993237
3,2025-05-26,-0.00040012598795406977
3,2025-05-27,0.009920607840895511
3,2025-05-28,-0.0041838213350922
3,2025-05-29,0.0006145111824125897
3,2025-05-30,-0.00843479420018938
3,2025-05-31,0.00046666965553573004
3,2025-06-01,0.0013642192748216401
3,2025-06-02,0.01402872853732667
3,2025-06-03,-0.00059085239039532
3,2025-06-04,0.0019260377817618699
3,2025-06-05,-0.014830130964409912
3,2025-06-06,0.006470307776657301
3,2025-06-07,0.0031964804706277
3,2025-06-08,-0.00042085492211656
3,2025-06-09,0.013161866739909921
3,2025-06-10,0.007418851122728919
3,2025-06-11,-0.0016510080233390302
3,2025-06-12,-0.0025542627915272303
3,2025-06-13,-0.003490781130895071
3,2025-06-14,-0.0024606328920265203
3,2025-06-15,0.00080111156499335
3,2025-06-16,0.0011852673689929797
3,2025-06-17,-0.00698061546777017
3,2025-06-18,-0.0008670866391129002
3,2025-06-19,-0.00023420363798370002
3,2025-06-20,-0.00874164468572938
3,2025-06-21,-0.00575310014588866
3,2025-06-22,-0.00402428713832056
3,2025-06-23,0.01752411832747611
3,2025-06-24,0.0037946610655654306
3,2025-06-25,0.0009890367892723098
3,2025-06-26,0.0030274631261655097
3,2025-06-27,-0.0019871840181853503
3,2025-06-28,0.00077679024156238
3,2025-06-29,0.00364696812315847
3,2025-06-30,0.00343391869225519
3,2025-07-01,-0.0015823719512144208
3,2025-07-02,0.013735724548607199
3,2025-07-03,0.0026920490630668002
3,2025-07-04,-0.0037635272253913003
3,2025-07-05,0.0005293267554933
3,2025-07-06,0.00308303794201782
3,2025-07-07,-0.00577476207943278
3,2025-07-08,1.5086473536400451e-05
3,2025-07-09,0.0122087994122149
3,2025-07-10,0.013132358774522752
3,2025-07-11,0.00275700641857255
3,2025-07-12,-0.0006177611740908401
3,2025-07-13,0.00241932695460869
3,2025-07-14,0.0019207854873095902
3,2025-07-15,-0.0016210539135303604
3,2025-07-16,0.0121015407449894
3,2025-07-17,0.00574279975936391
3,2025-07-18,0.0017027614938122594
3,2025-07-19,0.0012307508633118403
3,2025-07-20,0.00413531276609926
3,2025-07-21,0.00519855759687096
3,2025-07-22,0.00500820570781742
3,2025-07-23,-0.003748536135119841
3,2025-07-24,0.00018068651826565993
3,2025-07-25,-0.0006587105324352104
3,2025-07-26,0.00066837850802745
3,2025-07-27,0.004754198501121411
3,2025-07-28,-0.00521036699345685
3,2025-07-29,-0.00038076066858851003
3,2025-07-30,-0.00498025467494116
3,2025-07-31,-0.00515623348884237
3,2025-08-01,-0.00937899955652695
3,2025-08-02,-0.00338188636123273
3,2025-08-03,0.00449512038163237
3,2025-08-04,0.01569794816554267
3,2025-08-05,-0.00556350765799383
3,2025-08-06,0.0054851900961191
3,2025-08-07,0.010405630115385261
3,2025-08-08,0.00587603887885413
3,2025-08-09,0.0061049891763883795
3,2025-08-10,0.00216939735681908
3,2025-08-11,-0.00688116380078273
3,2025-08-12,0.015369614162585242
3,2025-08-13,0.00854418463007077
3,2025-08-14,-0.00986892414421303
3,2025-08-15,-0.0044396784735615405
3,2025-08-16,-0.00034525923392984007
3,2025-08-17,0.0011158394107351614
3,2025-08-18,-0.00516289812034657
3,2025-08-19,-0.01240222759178074
3,2025-08-20,0.00914546165980091
3,2025-08-21,-0.0068765339614501
3,2025-08-22,0.02898589531024126
3,2025-08-23,-0.00237154781573922
3,2025-08-24,-0.00165944771623015
3,2025-08-25,-0.01411457858530381
3,2025-08-26,0.01108376554373107
3,2025-08-27,-0.0009770886668821702
3,2025-08-28,0.0048642163077252205
3,2025-08-29,-0.00744047557450741
3,2025-08-30,0.0007580887868411001
3,2025-08-31,-0.00014394541319509
3,2025-09-01,0.00166528159252029
3,2025-09-02,0.0032982465632632805
3,2025-09-03,0.00824094813147436
3,2025-09-04,-0.0012755396810753715
3,2025-09-05,0.0021517119604929002
3,2025-09-06,-0.00120639925088329
3,2025-09-07,0.00164967272774291
3,2025-09-08,0.006163226458827645
3,2025-09-09,-3.826199921983984e-05
3,2025-09-10,0.0057259447875692
3,2025-09-11,0.00747833849628891
3,2025-09-12,0.00673615212249881
3,2025-09-13,-0.00105491316322861
3,2025-09-14,-0.0018574893464199799
3,2025-09-15,0.0039001909309712094
3,2025-09-16,0.0009303872336828401
3,2025-09-17,-0.0013726255992495698
3,2025-09-18,0.0015545831794824302
3,2025-09-19,0.0006099776256016192
3,2025-09-20,0.00030567822265532005
3,2025-09-21,-0.00119490005307232
3,2025-09-22,-0.0003813150000159314
3,2025-09-23,-0.0027175620017417705
3,2025-09-24,-0.0029238429100508596
3,2025-09-25,-0.0118015444411347
3,2025-09-26,0.00845247688895478
3,2025-09-27,-0.0003659360611069586
3,2025-09-28,0.00543154775194547
3,2025-09-29,0.01095922743352462
3,2025-09-30,0.00185796238304452
3,2025-10-01,0.01104677443982917
3,2025-10-02,0.00476669811174871
3,2025-10-03,0.004324048348206907
3,2025-10-04,-0.00039187407179433
3,2025-10-05,0.00148876967542731
3,2025-10-06,0.01234543401074974
3,2025-10-07,-0.00792091574223327
3,2025-10-08,0.01049173770052555
3,2025-10-09,-0.0109185423107189
3,2025-10-10,-0.02989242854036712
3,2025-10-11,-0.00414168811786857
3,2025-10-12,0.014784921982375281
3,2025-10-13,0.01683572905718763
3,2025-10-14,-0.0029603538434014205
3,2025-10-15,0.0016968786361413594
3,2025-10-16,0.0003799648101818504
3,2025-10-17,-0.00568829012441011
3,2025-10-18,0.00219927500697092
3,2025-10-19,0.0037748191760650206
3,2025-10-20,0.014377047121133019
3,2025-10-21,-0.02057780988374815
3,2025-10-22,-0.0073353627252595
3,2025-10-23,0.00898810359777574
3,2025-10-24,0.0059349195181822205
3,2025-10-25,0.00105740038375849
3,2025-10-26,0.00777159879571653
3,2025-10-27,-0.0049093180621357525
3,2025-10-28,-0.00534387422301808
3,2025-10-29,-0.00592534198530728
3,2025-10-30,-0.0024211539940248213
3,2025-10-31,0.00235343683841387
3,2025-11-01,0.00115338832982908
3,2025-11-02,0.00130272235025593
3,2025-11-03,-0.010527140213498171
3,2025-11-04,-0.02463459876718849
3,2025-11-05,0.01207156239435966
3,2025-11-06,-0.0114180325876899
3,2025-11-07,0.00777497619657384
3,2025-11-08,-0.0019785184410839604
3,2025-11-09,0.007726473756873511
3,2025-11-10,0.01728776808846898
3,2025-11-11,-0.00507496918119726
3,2025-11-12,0.00405282881820737
3,2025-11-13,-0.01743592405872937
3,2025-11-14,-0.01558708303757199
3,2025-11-15,0.00285893618570871
3,2025-11-16,-0.00366118109664279
3,2025-11-17,-0.01154727041433894
3,2025-11-18,0.0014467566624755002
3,2025-11-19,-0.0017153215658341503
3,2025-11-20,-0.01968255909865273
3,2025-11-21,7.760096372408983e-05
3,2025-11-22,-0.0003489826375489
3,2025-11-23,0.0036245118915406204
3,2025-11-24,0.01990259113868166
3,2025-11-25,0.0032548886441737396
3,2025-11-26,0.011721788325158331
3,2025-11-27,3.737936786046012e-05
3,2025-11-28,0.008045289889105339
3,2025-11-29,-0.0014928460308104101
3,2025-11-30,-0.00094913069477706
3,2025-12-01,-0.012443171677728631
