asset_symbol,price_date,close_price,daily_return
BTC-USD,2021-01-01,29359.9,
BTC-USD,2021-01-02,32193.3,0.0965057782894354
BTC-USD,2021-01-03,32958.9,0.02378134580797875
BTC-USD,2021-01-04,32022.6,-0.028408108280312816
BTC-USD,2021-01-05,33991.5,0.061484701429615374
BTC-USD,2021-01-06,36793.2,0.0824235470632364
BTC-USD,2021-01-07,39460.2,0.07248622027983442
BTC-USD,2021-01-08,40599.3,0.02886706098803371
BTC-USD,2021-01-09,40151.9,-0.01101989443167739
BTC-USD,2021-01-10,38192.2,-0.048807154829534904
BTC-USD,2021-01-11,35544.3,-0.06933091050004958
BTC-USD,2021-01-12,34076.1,-0.04130620099425242
BTC-USD,2021-01-13,37382.2,0.09702107929017689
BTC-USD,2021-01-14,39175.7,0.04797737960847681
BTC-USD,2021-01-15,36845.8,-0.059473091737990535
BTC-USD,2021-01-16,36019.5,-0.022425893860358648
BTC-USD,2021-01-17,35839.6,-0.004994516858923714
BTC-USD,2021-01-18,36613.2,0.021585062333284943
BTC-USD,2021-01-19,36002.9,-0.016668851670981977
BTC-USD,2021-01-20,35476.3,-0.014626599523927197
BTC-USD,2021-01-21,30842.1,-0.13062805309460135
BTC-USD,2021-01-22,33000.5,0.06998226450209288
BTC-USD,2021-01-23,32088.9,-0.027623823881456344
BTC-USD,2021-01-24,32241.3,0.004749305834727879
BTC-USD,2021-01-25,32252.3,0.0003411773098478399
BTC-USD,2021-01-26,32502.1,0.007745184064392285
BTC-USD,2021-01-27,30404.0,-0.06455275197602617
BTC-USD,2021-01-28,33374.8,0.09771082752269455
BTC-USD,2021-01-29,34301.8,0.027775447343504567
BTC-USD,2021-01-30,34283.1,-0.0005451608953467302
BTC-USD,2021-01-31,33108.1,-0.03427344668364296
BTC-USD,2021-02-01,33515.7,0.012311186688453768
BTC-USD,2021-02-02,35485.2,0.05876350486488424
BTC-USD,2021-02-03,37646.8,0.06091553661808313
BTC-USD,2021-02-04,36982.1,-0.017656215136479192
BTC-USD,2021-02-05,38297.6,0.03557126285419154
BTC-USD,2021-02-06,39256.6,0.02504073362299475
BTC-USD,2021-02-07,38852.9,-0.01028362109810832
BTC-USD,2021-02-08,46395.7,0.19413737455891322
BTC-USD,2021-02-09,46508.6,0.00243341516562956
BTC-USD,2021-02-10,44836.0,-0.03596324120700256
BTC-USD,2021-02-11,47990.7,0.07036087072887853
BTC-USD,2021-02-12,47371.7,-0.012898332385232969
BTC-USD,2021-02-13,47168.7,-0.0042852589204103175
BTC-USD,2021-02-14,48643.4,0.03126437658871262
BTC-USD,2021-02-15,47936.3,-0.014536401649555719
BTC-USD,2021-02-16,49169.7,0.02572997915984332
BTC-USD,2021-02-17,52079.2,0.05917262053663119
BTC-USD,2021-02-18,51582.2,-0.009543157344966913
BTC-USD,2021-02-19,55906.6,0.08383512141785343
BTC-USD,2021-02-20,55923.7,0.0003058672857945144
BTC-USD,2021-02-21,57433.8,0.0270028628291763
BTC-USD,2021-02-22,54111.8,-0.05784050506844396
BTC-USD,2021-02-23,48911.2,-0.09610842736704384
BTC-USD,2021-02-24,49697.5,0.016076072555978982
BTC-USD,2021-02-25,46928.5,-0.05571708838472755
BTC-USD,2021-02-26,46345.6,-0.012421023471877457
BTC-USD,2021-02-27,46136.7,-0.004507439756956444
BTC-USD,2021-02-28,45164.0,-0.021082999000795355
BTC-USD,2021-03-01,49595.5,0.09812018421751834
BTC-USD,2021-03-02,48424.2,-0.023617062031837666
BTC-USD,2021-03-03,50395.1,0.040700724018156276
BTC-USD,2021-03-04,48428.0,-0.03903355683389853
BTC-USD,2021-03-05,48792.5,0.007526637482448084
BTC-USD,2021-03-06,48855.6,0.0012932315417328866
BTC-USD,2021-03-07,50982.3,0.04353032201016882
BTC-USD,2021-03-08,52311.0,0.026061986218746558
BTC-USD,2021-03-09,54879.0,0.0490910133623903
BTC-USD,2021-03-10,55851.9,0.01772809271305964
BTC-USD,2021-03-11,57799.5,0.034870792220139224
BTC-USD,2021-03-12,57265.1,-0.009245754721061594
BTC-USD,2021-03-13,61195.3,0.06863167967924633
BTC-USD,2021-03-14,59113.7,-0.034015684211042396
BTC-USD,2021-03-15,55791.3,-0.05620355349098427
BTC-USD,2021-03-16,56889.7,0.019687657394611646
BTC-USD,2021-03-17,58913.5,0.03557410216612156
BTC-USD,2021-03-18,57656.0,-0.02134485304726419
BTC-USD,2021-03-19,58088.0,0.007492715415568174
BTC-USD,2021-03-20,58093.4,9.296240187306459e-05
BTC-USD,2021-03-21,57383.8,-0.012214812698172262
BTC-USD,2021-03-22,54158.3,-0.0562092437238384
BTC-USD,2021-03-23,54452.5,0.005432223685012172
BTC-USD,2021-03-24,52325.4,-0.03906340388411911
BTC-USD,2021-03-25,51322.3,-0.01917042201301855
BTC-USD,2021-03-26,55036.1,0.0723623064437875
BTC-USD,2021-03-27,55862.9,0.01502286680923981
BTC-USD,2021-03-28,55765.2,-0.001748924599331625
BTC-USD,2021-03-29,57616.2,0.033192743861763185
BTC-USD,2021-03-30,58771.3,0.02004818089356819
BTC-USD,2021-03-31,58763.7,-0.00012931481862754612
BTC-USD,2021-04-01,58718.3,-0.0007725857970140027
BTC-USD,2021-04-02,58977.3,0.00441089064226996
BTC-USD,2021-04-03,57059.9,-0.03251081348247553
BTC-USD,2021-04-04,58199.9,0.019979004519811605
BTC-USD,2021-04-05,58993.4,0.013634044044749327
BTC-USD,2021-04-06,57996.3,-0.01690189071997883
BTC-USD,2021-04-07,55948.7,-0.03530570053606874
BTC-USD,2021-04-08,58077.4,0.03804735409401827
BTC-USD,2021-04-09,58118.7,0.0007111199881537633
BTC-USD,2021-04-10,59748.4,0.02804088873288646
BTC-USD,2021-04-11,59978.7,0.0038544965220825844
BTC-USD,2021-04-12,59863.8,-0.0019156800664235085
BTC-USD,2021-04-13,63540.9,0.06142443346396309
BTC-USD,2021-04-14,62980.4,-0.008821090038069967
BTC-USD,2021-04-15,63216.0,0.0037408463585495433
BTC-USD,2021-04-16,61379.7,-0.0290480258162491
BTC-USD,2021-04-17,60041.9,-0.021795479612966462
BTC-USD,2021-04-18,56207.1,-0.06386873166905116
BTC-USD,2021-04-19,55646.1,-0.009980945467743418
BTC-USD,2021-04-20,56483.2,0.015043282458249596
BTC-USD,2021-04-21,53820.2,-0.047146762223103544
BTC-USD,2021-04-22,51729.5,-0.038846009490860256
BTC-USD,2021-04-23,51143.6,-0.011326225847920424
BTC-USD,2021-04-24,50088.9,-0.020622326156156334
BTC-USD,2021-04-25,48963.6,-0.02246605535358137
BTC-USD,2021-04-26,54020.5,0.1032787621825193
BTC-USD,2021-04-27,55036.5,0.018807674864171897
BTC-USD,2021-04-28,54841.4,-0.0035449201893288373
BTC-USD,2021-04-29,53560.8,-0.02335097207584047
BTC-USD,2021-04-30,57720.3,0.07765940762647316
BTC-USD,2021-05-01,57807.1,0.0015038036877839112
BTC-USD,2021-05-02,56603.8,-0.020815782144407824
BTC-USD,2021-05-03,57169.8,0.009999328666979945
BTC-USD,2021-05-04,53741.5,-0.059966975571018266
BTC-USD,2021-05-05,57441.3,0.06884437538959665
BTC-USD,2021-05-06,56405.4,-0.018034062599558198
BTC-USD,2021-05-07,57337.2,0.016519694922826567
BTC-USD,2021-05-08,58840.1,0.02621160433366132
BTC-USD,2021-05-09,58238.3,-0.010227718851599454
BTC-USD,2021-05-10,55848.9,-0.0410279833030841
BTC-USD,2021-05-11,56695.7,0.015162339813317605
BTC-USD,2021-05-12,49384.2,-0.12896039734935805
BTC-USD,2021-05-13,49704.6,0.006487905038453645
BTC-USD,2021-05-14,49839.8,0.0027200701745915268
BTC-USD,2021-05-15,46708.8,-0.06282127937913073
BTC-USD,2021-05-16,46426.4,-0.006045969924296957
BTC-USD,2021-05-17,43541.3,-0.062143521789326694
BTC-USD,2021-05-18,42897.3,-0.014790555174053144
BTC-USD,2021-05-19,36720.5,-0.14399041431512016
BTC-USD,2021-05-20,40717.2,0.10884111055132695
BTC-USD,2021-05-21,37297.4,-0.08398907586965698
BTC-USD,2021-05-22,37448.3,0.0040458584244478235
BTC-USD,2021-05-23,34679.7,-0.07393125989697813
BTC-USD,2021-05-24,38750.6,0.1173856751932687
BTC-USD,2021-05-25,38378.3,-0.009607593172750728
BTC-USD,2021-05-26,39249.2,0.022692511132593074
BTC-USD,2021-05-27,38417.3,-0.02119533646545646
BTC-USD,2021-05-28,35662.5,-0.07170727771082308
BTC-USD,2021-05-29,34584.6,-0.03022502628811785
BTC-USD,2021-05-30,35652.8,0.030886579575880813
BTC-USD,2021-05-31,37298.6,0.04616187227931601
BTC-USD,2021-06-01,36687.6,-0.016381311899106188
BTC-USD,2021-06-02,37555.8,0.023664671442122254
BTC-USD,2021-06-03,39187.3,0.043442024933565415
BTC-USD,2021-06-04,36851.3,-0.05961114953058766
BTC-USD,2021-06-05,35520.0,-0.03612626962956533
BTC-USD,2021-06-06,35815.4,0.008316441441441391
BTC-USD,2021-06-07,33578.0,-0.06247033399040636
BTC-USD,2021-06-08,33382.9,-0.005810352016201059
BTC-USD,2021-06-09,37332.2,0.11830308331511019
BTC-USD,2021-06-10,36649.4,-0.01828984094159991
BTC-USD,2021-06-11,37314.6,0.018150365353866604
BTC-USD,2021-06-12,35467.5,-0.04950073161711499
BTC-USD,2021-06-13,39022.9,0.1002438852470573
BTC-USD,2021-06-14,40529.4,0.03860553674893463
BTC-USD,2021-06-15,40156.1,-0.009210597738925408
BTC-USD,2021-06-16,38336.0,-0.045325616780514055
BTC-USD,2021-06-17,38052.0,-0.007408180300500833
BTC-USD,2021-06-18,35749.4,-0.06051193104173236
BTC-USD,2021-06-19,35513.4,-0.006601509395961935
BTC-USD,2021-06-20,35595.8,0.002320250947529745
BTC-USD,2021-06-21,31692.0,-0.10967024199484221
BTC-USD,2021-06-22,32496.4,0.025381799823299245
BTC-USD,2021-06-23,33674.3,0.03624709198557374
BTC-USD,2021-06-24,34665.8,0.02944381917367256
BTC-USD,2021-06-25,31594.0,-0.08861183068038248
BTC-USD,2021-06-26,32243.4,0.020554535671330143
BTC-USD,2021-06-27,34678.5,0.07552243249781343
BTC-USD,2021-06-28,34475.9,-0.005842236544256529
BTC-USD,2021-06-29,35834.7,0.039413039253507476
BTC-USD,2021-06-30,35026.9,-0.022542396057452563
BTC-USD,2021-07-01,33543.6,-0.04234745295758413
BTC-USD,2021-07-02,33813.4,0.008043263096388031
BTC-USD,2021-07-03,34742.8,0.027486144546245095
BTC-USD,2021-07-04,35298.2,0.01598604602968079
BTC-USD,2021-07-05,33687.8,-0.04562272297170944
BTC-USD,2021-07-06,34225.6,0.015964236311067914
BTC-USD,2021-07-07,33867.8,-0.010454162965733094
BTC-USD,2021-07-08,32866.3,-0.029570860817649813
BTC-USD,2021-07-09,33797.4,0.028329930658455682
BTC-USD,2021-07-10,33510.6,-0.008485859859042488
BTC-USD,2021-07-11,34227.7,0.02139919905940202
BTC-USD,2021-07-12,33113.0,-0.03256718973229278
BTC-USD,2021-07-13,32728.1,-0.011623833539697426
BTC-USD,2021-07-14,32820.7,0.0028293729241843923
BTC-USD,2021-07-15,31840.5,-0.029865298424469833
BTC-USD,2021-07-16,31394.0,-0.014023020995273305
BTC-USD,2021-07-17,31518.6,0.003968911256928109
BTC-USD,2021-07-18,31785.4,0.008464842981604548
BTC-USD,2021-07-19,30837.2,-0.02983130619718488
BTC-USD,2021-07-20,29793.8,-0.033835756813199724
BTC-USD,2021-07-21,32131.4,0.07845927676227937
BTC-USD,2021-07-22,32298.9,0.0052129692450375575
BTC-USD,2021-07-23,33603.3,0.04038527627875865
BTC-USD,2021-07-24,33824.8,0.00659161451405077
BTC-USD,2021-07-25,35391.1,0.04630626049525777
BTC-USD,2021-07-26,37276.6,0.05327610613967915
BTC-USD,2021-07-27,39452.0,0.05835832667142404
BTC-USD,2021-07-28,40003.2,0.013971408293622645
BTC-USD,2021-07-29,40001.4,-4.499640028787777e-05
BTC-USD,2021-07-30,42203.4,0.05504807331743389
BTC-USD,2021-07-31,41553.7,-0.015394494282451321
BTC-USD,2021-08-01,39878.3,-0.04031891263593845
BTC-USD,2021-08-02,39168.4,-0.017801661555281956
BTC-USD,2021-08-03,38130.3,-0.02650350792986178
BTC-USD,2021-08-04,39736.9,0.042134470486725695
BTC-USD,2021-08-05,40867.2,0.028444594319134042
BTC-USD,2021-08-06,42795.4,0.047182092240231954
BTC-USD,2021-08-07,44614.2,0.04249989484851158
BTC-USD,2021-08-08,43792.8,-0.018411178503704995
BTC-USD,2021-08-09,46284.3,0.05689291390365536
BTC-USD,2021-08-10,45593.8,-0.014918665724662605
BTC-USD,2021-08-11,45564.3,-0.0006470177962792922
BTC-USD,2021-08-12,44403.4,-0.0254782801447625
BTC-USD,2021-08-13,47809.1,0.07669908160185934
BTC-USD,2021-08-14,47081.5,-0.015218860007822799
BTC-USD,2021-08-15,46991.3,-0.0019158268109553678
BTC-USD,2021-08-16,45996.3,-0.021174132232987808
BTC-USD,2021-08-17,44691.6,-0.028365325037013944
BTC-USD,2021-08-18,44723.8,0.0007204933365554389
BTC-USD,2021-08-19,46755.9,0.04543665788685214
BTC-USD,2021-08-20,49324.0,0.05492568852273183
BTC-USD,2021-08-21,48875.8,-0.009086854269726663
BTC-USD,2021-08-22,49254.5,0.00774821077097454
BTC-USD,2021-08-23,49539.7,0.0057903338781226665
BTC-USD,2021-08-24,47714.7,-0.03683914113327291
BTC-USD,2021-08-25,48994.5,0.026821922803664355
BTC-USD,2021-08-26,46831.6,-0.044145771464144
BTC-USD,2021-08-27,49064.3,0.047675074095269165
BTC-USD,2021-08-28,48897.1,-0.003407773065141173
BTC-USD,2021-08-29,48777.4,-0.0024479979385280126
BTC-USD,2021-08-30,46992.7,-0.036588666062561837
BTC-USD,2021-08-31,47130.4,0.0029302423567916236
BTC-USD,2021-09-01,48819.4,0.03583674231493905
BTC-USD,2021-09-02,49274.3,0.009318017017824864
BTC-USD,2021-09-03,49999.0,0.014707464134447346
BTC-USD,2021-09-04,49918.4,-0.0016120322406447674
BTC-USD,2021-09-05,51768.6,0.03706448924645023
BTC-USD,2021-09-06,52672.1,0.017452664356385927
BTC-USD,2021-09-07,46779.6,-0.11187137023205829
BTC-USD,2021-09-08,46061.4,-0.015352846112407947
BTC-USD,2021-09-09,46385.6,0.007038431311249704
BTC-USD,2021-09-10,44842.8,-0.03326032216894892
BTC-USD,2021-09-11,45161.9,0.0071159695647906585
BTC-USD,2021-09-12,46062.3,0.019937159419776362
BTC-USD,2021-09-13,44949.5,-0.024158585220451445
BTC-USD,2021-09-14,47077.5,0.04734201715258224
BTC-USD,2021-09-15,48130.6,0.022369497105836134
BTC-USD,2021-09-16,47748.0,-0.007949204871744775
BTC-USD,2021-09-17,47282.8,-0.009742816453045089
BTC-USD,2021-09-18,48306.7,0.02165480893686489
BTC-USD,2021-09-19,47238.7,-0.022108734399162056
BTC-USD,2021-09-20,42870.6,-0.09246867504821255
BTC-USD,2021-09-21,40651.3,-0.05176741169939292
BTC-USD,2021-09-22,43551.6,0.07134581181905619
BTC-USD,2021-09-23,44869.2,0.030253767944231624
BTC-USD,2021-09-24,42819.9,-0.04567275547591654
BTC-USD,2021-09-25,42686.8,-0.003108367838318138
BTC-USD,2021-09-26,43203.4,0.01210210182070326
BTC-USD,2021-09-27,42172.6,-0.02385923330108286
BTC-USD,2021-09-28,41022.3,-0.02727600385084139
BTC-USD,2021-09-29,41536.8,0.012541958885776694
BTC-USD,2021-09-30,43823.3,0.05504757227326129
BTC-USD,2021-10-01,48146.0,0.09863930831315759
BTC-USD,2021-10-02,47666.9,-0.00995098242844683
BTC-USD,2021-10-03,48200.1,0.01118595922957022
BTC-USD,2021-10-04,49227.3,0.021311159105479094
BTC-USD,2021-10-05,51469.3,0.04554383441708154
BTC-USD,2021-10-06,55323.2,0.07487764550907028
BTC-USD,2021-10-07,53783.9,-0.027823770136217618
BTC-USD,2021-10-08,53914.7,0.002431954544017678
BTC-USD,2021-10-09,54942.5,0.019063446518296612
BTC-USD,2021-10-10,54687.7,-0.004637575647267633
BTC-USD,2021-10-11,57477.3,0.05100964202188063
BTC-USD,2021-10-12,56015.9,-0.025425689794057904
BTC-USD,2021-10-13,57380.1,0.024353799546200205
BTC-USD,2021-10-14,57345.8,-0.000597768215809924
BTC-USD,2021-10-15,61672.5,0.07544929184003002
BTC-USD,2021-10-16,60861.1,-0.013156593295228891
BTC-USD,2021-10-17,61527.5,0.010949522765773212
BTC-USD,2021-10-18,62056.3,0.008594530900816855
BTC-USD,2021-10-19,64278.5,0.03580941822184047
BTC-USD,2021-10-20,65979.1,0.02645674681269794
BTC-USD,2021-10-21,62210.2,-0.057122634288736984
BTC-USD,2021-10-22,60690.3,-0.02443168483624858
BTC-USD,2021-10-23,61312.5,0.010252050162876003
BTC-USD,2021-10-24,60866.5,-0.007274209989806324
BTC-USD,2021-10-25,63067.0,0.03615289198491789
BTC-USD,2021-10-26,60310.8,-0.043702728843927785
BTC-USD,2021-10-27,58438.1,-0.03105082340144727
BTC-USD,2021-10-28,60582.5,0.03669523820931886
BTC-USD,2021-10-29,62242.8,0.02740560392852731
BTC-USD,2021-10-30,61840.1,-0.006469824622285736
BTC-USD,2021-10-31,61309.6,-0.008578576037231556
BTC-USD,2021-11-01,60915.3,-0.006431292978587244
BTC-USD,2021-11-02,63221.7,0.03786240895144566
BTC-USD,2021-11-03,62918.5,-0.004795821687806567
BTC-USD,2021-11-04,61412.6,-0.023934137018523982
BTC-USD,2021-11-05,60974.3,-0.0071369718917615455
BTC-USD,2021-11-06,61483.9,0.008357619521667248
BTC-USD,2021-11-07,63273.2,0.029101927496466562
BTC-USD,2021-11-08,67527.9,0.06724331944646389
BTC-USD,2021-11-09,66904.4,-0.009233220639172868
BTC-USD,2021-11-10,64932.6,-0.02947190319321291
BTC-USD,2021-11-11,64806.7,-0.0019389336019195458
BTC-USD,2021-11-12,64134.5,-0.010372384336804652
BTC-USD,2021-11-13,64398.6,0.004117908458006303
BTC-USD,2021-11-14,65508.2,0.017230188233905652
BTC-USD,2021-11-15,63597.9,-0.02916123477671495
BTC-USD,2021-11-16,60089.1,-0.05517163302561878
BTC-USD,2021-11-17,60367.8,0.004638112403081429
BTC-USD,2021-11-18,56955.3,-0.05652848041505576
BTC-USD,2021-11-19,58083.4,0.019806760740440188
BTC-USD,2021-11-20,59717.6,0.02813540529652192
BTC-USD,2021-11-21,58714.3,-0.016800742159765236
BTC-USD,2021-11-22,56308.8,-0.040969576406429065
BTC-USD,2021-11-23,57573.2,0.02245474952405302
BTC-USD,2021-11-24,57171.7,-0.006973730833095937
BTC-USD,2021-11-25,58935.1,0.030843931525562418
BTC-USD,2021-11-26,53730.9,-0.08830391396637993
BTC-USD,2021-11-27,54765.9,0.019262658916936015
BTC-USD,2021-11-28,57291.5,0.04611628768996767
BTC-USD,2021-11-29,57794.8,0.008784898283340503
BTC-USD,2021-11-30,56882.9,-0.015778236104286192
BTC-USD,2021-12-01,57210.3,0.005755684045644749
BTC-USD,2021-12-02,56496.0,-0.012485513972134488
BTC-USD,2021-12-03,53631.5,-0.050702704616256034
BTC-USD,2021-12-04,49195.2,-0.08271817868230424
BTC-USD,2021-12-05,49405.5,0.004274807298273009
BTC-USD,2021-12-06,50562.1,0.02341034905020689
BTC-USD,2021-12-07,50595.2,0.0006546405311487202
BTC-USD,2021-12-08,50473.9,-0.0023974606286761846
BTC-USD,2021-12-09,47596.6,-0.057005699975630986
BTC-USD,2021-12-10,47137.2,-0.009651949929196602
BTC-USD,2021-12-11,49314.5,0.04619069439847934
BTC-USD,2021-12-12,50081.0,0.01554309584402147
BTC-USD,2021-12-13,46703.6,-0.06743874922625348
BTC-USD,2021-12-14,48366.5,0.03560539230380533
BTC-USD,2021-12-15,48871.5,0.010441111099624756
BTC-USD,2021-12-16,47628.2,-0.025440184974883207
BTC-USD,2021-12-17,46172.2,-0.030570124422086065
BTC-USD,2021-12-18,46856.2,0.014814108922684976
BTC-USD,2021-12-19,46704.5,-0.00323756514612783
BTC-USD,2021-12-20,46895.2,0.0040831183290688244
BTC-USD,2021-12-21,48902.0,0.04279329227724804
BTC-USD,2021-12-22,48599.7,-0.0061817512576173295
BTC-USD,2021-12-23,50801.0,0.045294518278919504
BTC-USD,2021-12-24,50786.1,-0.0002933013129663431
BTC-USD,2021-12-25,50406.4,-0.007476455171789076
BTC-USD,2021-12-26,50779.9,0.007409773362112793
BTC-USD,2021-12-27,50678.2,-0.002002760934936898
BTC-USD,2021-12-28,47545.2,-0.06182145380064796
BTC-USD,2021-12-29,46461.7,-0.02278884093452127
BTC-USD,2021-12-30,47123.3,0.014239685590497153
BTC-USD,2021-12-31,46219.5,-0.01917947172630108
BTC-USD,2022-01-01,47738.0,0.03285409837839004
BTC-USD,2022-01-02,47311.8,-0.00892789811051986
BTC-USD,2022-01-03,46430.2,-0.018633829192717388
BTC-USD,2022-01-04,45837.3,-0.012769705924161268
BTC-USD,2022-01-05,43425.9,-0.05260781066947662
BTC-USD,2022-01-06,43097.5,-0.007562307286665404
BTC-USD,2022-01-07,41546.7,-0.03598352572655028
BTC-USD,2022-01-08,41672.0,0.003015883331287439
BTC-USD,2022-01-09,41848.3,0.004230658475715243
BTC-USD,2022-01-10,41832.2,-0.000384722915865332
BTC-USD,2022-01-11,42733.2,0.021538432116886108
BTC-USD,2022-01-12,43901.0,0.02732769837035387
BTC-USD,2022-01-13,42560.0,-0.030546001230040365
BTC-USD,2022-01-14,43073.3,0.012060620300752056
BTC-USD,2022-01-15,43097.0,0.0005502248492685879
BTC-USD,2022-01-16,43079.1,-0.00041534213518346075
BTC-USD,2022-01-17,42209.3,-0.020190765359536234
BTC-USD,2022-01-18,42364.6,0.003679283949271639
BTC-USD,2022-01-19,41677.8,-0.016211648404564127
BTC-USD,2022-01-20,40715.9,-0.023079433175455577
BTC-USD,2022-01-21,36475.5,-0.10414604613922329
BTC-USD,2022-01-22,35075.2,-0.038390152294005664
BTC-USD,2022-01-23,36269.5,0.03404969893257914
BTC-USD,2022-01-24,36686.3,0.011491749265912121
BTC-USD,2022-01-25,36950.6,0.007204324230025705
BTC-USD,2022-01-26,36800.4,-0.00406488663242266
BTC-USD,2022-01-27,37164.3,0.009888479473049161
BTC-USD,2022-01-28,37745.1,0.015627900969478636
BTC-USD,2022-01-29,38170.8,0.011278285128400789
BTC-USD,2022-01-30,37917.7,-0.006630722961006974
BTC-USD,2022-01-31,38498.6,0.015320022047750737
BTC-USD,2022-02-01,38709.7,0.005483316276436057
BTC-USD,2022-02-02,36890.2,-0.04700372258116181
BTC-USD,2022-02-03,37287.8,0.010777930181999684
BTC-USD,2022-02-04,41567.6,0.11477748754284223
BTC-USD,2022-02-05,41412.1,-0.0037408943504074754
BTC-USD,2022-02-06,42392.2,0.02366699587801624
BTC-USD,2022-02-07,43833.9,0.03400861479234396
BTC-USD,2022-02-08,44038.2,0.0046607762485197934
BTC-USD,2022-02-09,44388.9,0.00796354074417227
BTC-USD,2022-02-10,43521.0,-0.019552185343633233
BTC-USD,2022-02-11,42388.4,-0.026024218193515747
BTC-USD,2022-02-12,42205.2,-0.004321937133744291
BTC-USD,2022-02-13,42061.1,-0.0034142712272421383
BTC-USD,2022-02-14,42550.3,0.011630699149570711
BTC-USD,2022-02-15,44544.4,0.04686453444511551
BTC-USD,2022-02-16,43883.6,-0.014834636901608356
BTC-USD,2022-02-17,40552.8,-0.07590079209545242
BTC-USD,2022-02-18,40000.1,-0.013629145213154281
BTC-USD,2022-02-19,40090.3,0.0022549943625143065
BTC-USD,2022-02-20,38355.0,-0.04328478459876839
BTC-USD,2022-02-21,37017.7,-0.03486637987224617
BTC-USD,2022-02-22,38248.2,0.033240855050421736
BTC-USD,2022-02-23,37224.6,-0.026762043704017358
BTC-USD,2022-02-24,38339.2,0.029942564863020715
BTC-USD,2022-02-25,39209.6,0.02270261246974381
BTC-USD,2022-02-26,39115.5,-0.0023999224679669418
BTC-USD,2022-02-27,37689.1,-0.036466362439442235
BTC-USD,2022-02-28,43188.2,0.1459069067714538
BTC-USD,2022-03-01,44420.3,0.02852862587466043
BTC-USD,2022-03-02,43912.8,-0.011424956607677172
BTC-USD,2022-03-03,42463.0,-0.0330154305806053
BTC-USD,2022-03-04,39142.7,-0.07819277959635451
BTC-USD,2022-03-05,39395.8,0.006466084352893642
BTC-USD,2022-03-06,38403.1,-0.025198117565832012
BTC-USD,2022-03-07,38024.8,-0.009850767255768278
BTC-USD,2022-03-08,38744.8,0.018935010835033905
BTC-USD,2022-03-09,41929.0,0.08218393177923233
BTC-USD,2022-03-10,39416.3,-0.059927496482148346
BTC-USD,2022-03-11,38730.2,-0.01740650441568603
BTC-USD,2022-03-12,38814.3,0.0021714321124084446
BTC-USD,2022-03-13,37792.4,-0.026327925532600105
BTC-USD,2022-03-14,39671.1,0.049711053015950135
BTC-USD,2022-03-15,39285.7,-0.009714880605781073
BTC-USD,2022-03-16,41118.7,0.0466581987847996
BTC-USD,2022-03-17,40914.8,-0.004958814359403263
BTC-USD,2022-03-18,41767.8,0.020848201628750562
BTC-USD,2022-03-19,42233.0,0.011137766413361394
BTC-USD,2022-03-20,41276.0,-0.022660005209196643
BTC-USD,2022-03-21,41022.0,-0.0061536970636689725
BTC-USD,2022-03-22,42373.0,0.03293354785237179
BTC-USD,2022-03-23,42912.0,0.012720364382979632
BTC-USD,2022-03-24,44013.0,0.025657158836688954
BTC-USD,2022-03-25,44331.0,0.007225138027401101
BTC-USD,2022-03-26,44548.0,0.004894994473393366
BTC-USD,2022-03-27,46859.0,0.051876627458022906
BTC-USD,2022-03-28,47105.0,0.005249791928978453
BTC-USD,2022-03-29,47449.0,0.007302834094045307
BTC-USD,2022-03-30,47075.0,-0.007882147147463603
BTC-USD,2022-03-31,45525.0,-0.03292618162506633
BTC-USD,2022-04-01,46297.0,0.016957715540911522
BTC-USD,2022-04-02,45811.0,-0.010497440438905326
BTC-USD,2022-04-03,46407.0,0.013009975770011506
BTC-USD,2022-04-04,46629.0,0.004783761070528136
BTC-USD,2022-04-05,45506.0,-0.024083724720667443
BTC-USD,2022-04-06,43173.0,-0.0512679646640003
BTC-USD,2022-04-07,43448.0,0.006369721816876339
BTC-USD,2022-04-08,42275.0,-0.026997790462161664
BTC-USD,2022-04-09,42767.0,0.011638083973979807
BTC-USD,2022-04-10,42138.0,-0.014707601655482017
BTC-USD,2022-04-11,39497.0,-0.06267502017181636
BTC-USD,2022-04-12,40078.0,0.014709977973010657
BTC-USD,2022-04-13,41133.0,0.02632366884575088
BTC-USD,2022-04-14,39936.0,-0.029100722047990635
BTC-USD,2022-04-15,40560.0,0.015625
BTC-USD,2022-04-16,40382.0,-0.004388560157790877
BTC-USD,2022-04-17,39703.0,-0.016814422267346862
BTC-USD,2022-04-18,40803.0,0.027705714933380365
BTC-USD,2022-04-19,41503.0,0.01715560130382565
BTC-USD,2022-04-20,41368.0,-0.003252776907693433
BTC-USD,2022-04-21,40482.0,-0.02141752078901571
BTC-USD,2022-04-22,39709.0,-0.019094906378143373
BTC-USD,2022-04-23,39418.0,-0.007328313480571169
BTC-USD,2022-04-24,39464.0,0.0011669795524886784
BTC-USD,2022-04-25,40427.0,0.024401986620717686
BTC-USD,2022-04-26,38113.0,-0.05723897395305122
BTC-USD,2022-04-27,39243.0,0.02964867630467305
BTC-USD,2022-04-28,39748.0,0.012868537063934982
BTC-USD,2022-04-29,38581.0,-0.02935996779712191
BTC-USD,2022-04-30,37650.0,-0.024131048961924306
BTC-USD,2022-05-01,38461.0,0.021540504648074332
BTC-USD,2022-05-02,38514.0,0.0013780192922701051
BTC-USD,2022-05-03,37718.0,-0.02066780910837618
BTC-USD,2022-05-04,39688.0,0.052229704650299524
BTC-USD,2022-05-05,36544.0,-0.07921789961701264
BTC-USD,2022-05-06,36009.0,-0.014639886164623417
BTC-USD,2022-05-07,35468.0,-0.01502402177233464
BTC-USD,2022-05-08,34060.0,-0.03969775572346901
BTC-USD,2022-05-09,30095.0,-0.11641221374045807
BTC-USD,2022-05-10,31007.5,0.030320651270975274
BTC-USD,2022-05-11,29068.2,-0.06254293316133186
BTC-USD,2022-05-12,28976.0,-0.0031718510262073174
BTC-USD,2022-05-13,29284.4,0.01064329099944783
BTC-USD,2022-05-14,30080.4,0.02718170766688055
BTC-USD,2022-05-15,31308.7,0.04083389848539243
BTC-USD,2022-05-16,29849.0,-0.04662282368798454
BTC-USD,2022-05-17,30437.5,0.019715903380347788
BTC-USD,2022-05-18,28683.7,-0.05761971252566733
BTC-USD,2022-05-19,30305.9,0.056554768038990844
BTC-USD,2022-05-20,29178.6,-0.03719737740835949
BTC-USD,2022-05-21,29434.6,0.008773553220510877
BTC-USD,2022-05-22,30286.6,0.028945526693075596
BTC-USD,2022-05-23,29093.3,-0.03940026282250231
BTC-USD,2022-05-24,29648.7,0.019090306015474345
BTC-USD,2022-05-25,29540.6,-0.003646028325019368
BTC-USD,2022-05-26,29203.5,-0.011411413444547436
BTC-USD,2022-05-27,28601.2,-0.020624240245176062
BTC-USD,2022-05-28,29027.1,0.014890983595093887
BTC-USD,2022-05-29,29465.2,0.015092792597262594
BTC-USD,2022-05-30,31723.3,0.07663616741104762
BTC-USD,2022-05-31,31793.4,0.002209732278798393
BTC-USD,2022-06-01,29798.5,-0.06274572710059323
BTC-USD,2022-06-02,30455.5,0.022048089668943005
BTC-USD,2022-06-03,29700.9,-0.024777133851028532
BTC-USD,2022-06-04,29864.3,0.005501516789053529
BTC-USD,2022-06-05,29913.0,0.0016307095763168356
BTC-USD,2022-06-06,31367.6,0.04862768695884734
BTC-USD,2022-06-07,31128.8,-0.007612950943011287
BTC-USD,2022-06-08,30201.6,-0.02978592171879424
BTC-USD,2022-06-09,30097.8,-0.0034369040050857835
BTC-USD,2022-06-10,29083.3,-0.03370678255553561
BTC-USD,2022-06-11,28403.4,-0.023377677223698767
BTC-USD,2022-06-12,26606.3,-0.06327059436546334
BTC-USD,2022-06-13,22448.0,-0.1562900516043193
BTC-USD,2022-06-14,22157.3,-0.012949928724162563
BTC-USD,2022-06-15,22577.9,0.018982457248852613
BTC-USD,2022-06-16,20386.6,-0.0970550848395999
BTC-USD,2022-06-17,20444.6,0.002845006033374897
BTC-USD,2022-06-18,18986.5,-0.07131956604678003
BTC-USD,2022-06-19,20577.2,0.08378058093908836
BTC-USD,2022-06-20,20572.3,-0.0002381276364131768
BTC-USD,2022-06-21,20720.4,0.0071990005978914695
BTC-USD,2022-06-22,19965.8,-0.036418215864558734
BTC-USD,2022-06-23,21100.7,0.05684220016227748
BTC-USD,2022-06-24,21226.9,0.005980844237394978
BTC-USD,2022-06-25,21489.9,0.012389939180944998
BTC-USD,2022-06-26,21043.5,-0.02077254896486258
BTC-USD,2022-06-27,20730.2,-0.014888207760115901
BTC-USD,2022-06-28,20278.0,-0.02181358597601568
BTC-USD,2022-06-29,20111.3,-0.008220731827596417
BTC-USD,2022-06-30,19926.6,-0.009183891643006703
BTC-USD,2022-07-01,19262.9,-0.03330723756185183
BTC-USD,2022-07-02,19243.2,-0.0010226912873970706
BTC-USD,2022-07-03,19309.9,0.003466159474515784
BTC-USD,2022-07-04,20215.8,0.046913759263382815
BTC-USD,2022-07-05,20200.6,-0.0007518871377834024
BTC-USD,2022-07-06,20561.1,0.017846004574121554
BTC-USD,2022-07-07,21637.8,0.05236587536659032
BTC-USD,2022-07-08,21611.2,-0.0012293301537124046
BTC-USD,2022-07-09,21587.5,-0.0010966535870289285
BTC-USD,2022-07-10,20847.4,-0.034283729009843555
BTC-USD,2022-07-11,19963.2,-0.042412962767539364
BTC-USD,2022-07-12,19330.9,-0.03167327883305282
BTC-USD,2022-07-13,20250.0,0.047545639364954484
BTC-USD,2022-07-14,20586.0,0.016592592592592492
BTC-USD,2022-07-15,20825.1,0.011614689594870331
BTC-USD,2022-07-16,21209.9,0.018477702387983852
BTC-USD,2022-07-17,20785.6,-0.020004809075007568
BTC-USD,2022-07-18,22525.8,0.0837214225232854
BTC-USD,2022-07-19,23410.2,0.03926164664518028
BTC-USD,2022-07-20,23215.2,-0.008329702437399056
BTC-USD,2022-07-21,23153.0,-0.0026792790930080246
BTC-USD,2022-07-22,22675.2,-0.02063663456139586
BTC-USD,2022-07-23,22460.4,-0.00947290431837422
BTC-USD,2022-07-24,22582.1,0.005418425317447406
BTC-USD,2022-07-25,21301.9,-0.056690918913652744
BTC-USD,2022-07-26,21248.7,-0.0024974298067308442
BTC-USD,2022-07-27,22958.3,0.08045668676201356
BTC-USD,2022-07-28,23850.0,0.03883998379670972
BTC-USD,2022-07-29,23774.3,-0.0031740041928721707
BTC-USD,2022-07-30,23634.2,-0.005892917982863732
BTC-USD,2022-07-31,23303.4,-0.013996665848643008
BTC-USD,2022-08-01,23271.2,-0.0013817726168713351
BTC-USD,2022-08-02,22988.6,-0.012143765684623165
BTC-USD,2022-08-03,22820.8,-0.007299270072992692
BTC-USD,2022-08-04,22612.1,-0.009145165813643774
BTC-USD,2022-08-05,23308.2,0.03078440304084995
BTC-USD,2022-08-06,22944.2,-0.015616821547781434
BTC-USD,2022-08-07,23175.3,0.010072262271074939
BTC-USD,2022-08-08,23816.3,0.02765875738393886
BTC-USD,2022-08-09,23146.7,-0.02811519841453114
BTC-USD,2022-08-10,23962.9,0.03526204599359728
BTC-USD,2022-08-11,23935.3,-0.001151780460628804
BTC-USD,2022-08-12,24398.7,0.019360526084903906
BTC-USD,2022-08-13,24442.5,0.0017951776119218277
BTC-USD,2022-08-14,24302.8,-0.005715454638437145
BTC-USD,2022-08-15,24101.7,-0.008274766693549651
BTC-USD,2022-08-16,23856.8,-0.010161108967417287
BTC-USD,2022-08-17,23338.0,-0.02174642030783669
BTC-USD,2022-08-18,23203.6,-0.005758848230353997
BTC-USD,2022-08-19,20831.3,-0.10223844575841678
BTC-USD,2022-08-20,21138.9,0.014766241185139695
BTC-USD,2022-08-21,21517.2,0.01789591700608817
BTC-USD,2022-08-22,21416.3,-0.004689271838343334
BTC-USD,2022-08-23,21517.2,0.004711364708189558
BTC-USD,2022-08-24,21365.2,-0.007064116148941313
BTC-USD,2022-08-25,21565.4,0.009370377997865775
BTC-USD,2022-08-26,20249.9,-0.061000491528095946
BTC-USD,2022-08-27,20033.9,-0.01066671934182395
BTC-USD,2022-08-28,19550.2,-0.024144075791533437
BTC-USD,2022-08-29,20295.8,0.03813771726120452
BTC-USD,2022-08-30,19792.6,-0.024793306989623454
BTC-USD,2022-08-31,20043.9,0.012696664409931113
BTC-USD,2022-09-01,20126.1,0.004100998308712134
BTC-USD,2022-09-02,19952.7,-0.00861567814926878
BTC-USD,2022-09-03,19831.4,-0.006079377728327451
BTC-USD,2022-09-04,19999.9,0.008496626561916854
BTC-USD,2022-09-05,19793.1,-0.010340051700258646
BTC-USD,2022-09-06,18786.4,-0.050861158686612895
BTC-USD,2022-09-07,19281.5,0.02635417110249949
BTC-USD,2022-09-08,19317.4,0.0018618883385630447
BTC-USD,2022-09-09,21365.2,0.10600805491422238
BTC-USD,2022-09-10,21650.4,0.013348810214741658
BTC-USD,2022-09-11,21834.9,0.00852178250748259
BTC-USD,2022-09-12,22395.3,0.025665333937870072
BTC-USD,2022-09-13,20175.5,-0.09911901157832226
BTC-USD,2022-09-14,20222.5,0.002329558127431852
BTC-USD,2022-09-15,19701.7,-0.025753492397082467
BTC-USD,2022-09-16,19802.4,0.005111234055944491
BTC-USD,2022-09-17,20113.5,0.01571021694340069
BTC-USD,2022-09-18,19418.8,-0.03453899122479931
BTC-USD,2022-09-19,19538.9,0.0061847282015368155
BTC-USD,2022-09-20,18872.4,-0.034111439231481855
BTC-USD,2022-09-21,18489.0,-0.020315381191581383
BTC-USD,2022-09-22,19404.0,0.04948888528314144
BTC-USD,2022-09-23,19293.5,-0.0056947021232734985
BTC-USD,2022-09-24,18925.2,-0.019089330603571097
BTC-USD,2022-09-25,18803.2,-0.006446431213408599
BTC-USD,2022-09-26,19225.7,0.0224695796460177
BTC-USD,2022-09-27,19081.0,-0.007526383954810534
BTC-USD,2022-09-28,19411.0,0.017294691053928002
BTC-USD,2022-09-29,19593.0,0.009376126938333895
BTC-USD,2022-09-30,19423.0,-0.008676568162098719
BTC-USD,2022-10-01,19311.9,-0.005720022653554979
BTC-USD,2022-10-02,19052.2,-0.013447666982534079
BTC-USD,2022-10-03,19628.3,0.03023797776634707
BTC-USD,2022-10-04,20340.2,0.03626906048919176
BTC-USD,2022-10-05,20157.5,-0.008982212564281555
BTC-USD,2022-10-06,19956.7,-0.009961552771921123
BTC-USD,2022-10-07,19531.3,-0.02131614946358873
BTC-USD,2022-10-08,19415.0,-0.005954544756365365
BTC-USD,2022-10-09,19441.0,0.001339170744269813
BTC-USD,2022-10-10,19134.6,-0.015760506146803244
BTC-USD,2022-10-11,19059.1,-0.003945731815663822
BTC-USD,2022-10-12,19154.8,0.005021223457561064
BTC-USD,2022-10-13,19379.8,0.011746402990373106
BTC-USD,2022-10-14,19181.8,-0.010216823703031008
BTC-USD,2022-10-15,19068.7,-0.005896214119634147
BTC-USD,2022-10-16,19261.9,0.01013178664513048
BTC-USD,2022-10-17,19548.2,0.01486353890322345
BTC-USD,2022-10-18,19328.2,-0.011254233126323676
BTC-USD,2022-10-19,19123.9,-0.010570047909272406
BTC-USD,2022-10-20,19042.9,-0.00423553773027463
BTC-USD,2022-10-21,19162.6,0.006285807308760605
BTC-USD,2022-10-22,19204.8,0.002202206381179961
BTC-USD,2022-10-23,19571.2,0.019078563692410233
BTC-USD,2022-10-24,19331.5,-0.012247588293001987
BTC-USD,2022-10-25,20082.7,0.03885885730543426
BTC-USD,2022-10-26,20769.5,0.03419858883516658
BTC-USD,2022-10-27,20292.9,-0.022947109944871036
BTC-USD,2022-10-28,20594.4,0.01485741318392142
BTC-USD,2022-10-29,20809.8,0.010459153944761601
BTC-USD,2022-10-30,20626.3,-0.008817960768484068
BTC-USD,2022-10-31,20496.3,-0.006302633046159523
BTC-USD,2022-11-01,20483.5,-0.000624502959070572
BTC-USD,2022-11-02,20154.4,-0.0160665901823418
BTC-USD,2022-11-03,20206.4,0.002580081768745357
BTC-USD,2022-11-04,21145.9,0.046495169847177165
BTC-USD,2022-11-05,21301.6,0.00736312949555229
BTC-USD,2022-11-06,20916.3,-0.018087843166710416
BTC-USD,2022-11-07,20589.0,-0.015648083073966257
BTC-USD,2022-11-08,18527.4,-0.10013113798630324
BTC-USD,2022-11-09,15886.9,-0.14251864805639225
BTC-USD,2022-11-10,17589.1,0.10714488037313763
BTC-USD,2022-11-11,17049.9,-0.030655349051400993
BTC-USD,2022-11-12,16795.2,-0.014938504038146894
BTC-USD,2022-11-13,16324.5,-0.02802586453272371
BTC-USD,2022-11-14,16613.7,0.01771570339060924
BTC-USD,2022-11-15,16895.1,0.016937828418714496
BTC-USD,2022-11-16,16540.5,-0.020988333895626488
BTC-USD,2022-11-17,16691.2,0.009110970043227251
BTC-USD,2022-11-18,16638.3,-0.0031693347392638405
BTC-USD,2022-11-19,16699.2,0.0036602297109682436
BTC-USD,2022-11-20,16286.7,-0.024701782121299254
BTC-USD,2022-11-21,15776.2,-0.031344594055272124
BTC-USD,2022-11-22,16212.9,0.02768093710779529
BTC-USD,2022-11-23,16623.9,0.02535018411265111
BTC-USD,2022-11-24,16601.2,-0.0013655038829637478
BTC-USD,2022-11-25,16512.3,-0.005355034575813877
BTC-USD,2022-11-26,16456.5,-0.0033792990679675228
BTC-USD,2022-11-27,16425.6,-0.0018776775134445867
BTC-USD,2022-11-28,16211.7,-0.013022355347749759
BTC-USD,2022-11-29,16440.4,0.014107095492761346
BTC-USD,2022-11-30,17163.9,0.04400744507432908
BTC-USD,2022-12-01,16972.0,-0.011180442673285329
BTC-USD,2022-12-02,17093.6,0.00716474192788108
BTC-USD,2022-12-03,16884.5,-0.012232648476622754
BTC-USD,2022-12-04,17112.6,0.013509431727323884
BTC-USD,2022-12-05,16966.5,-0.008537568808947738
BTC-USD,2022-12-06,17089.3,0.007237792119765274
BTC-USD,2022-12-07,16835.2,-0.014868953087604386
BTC-USD,2022-12-08,17225.7,0.023195447633529653
BTC-USD,2022-12-09,17125.7,-0.005805279321014489
BTC-USD,2022-12-10,17127.2,8.758766065031232e-05
BTC-USD,2022-12-11,17093.3,-0.00197930776776134
BTC-USD,2022-12-12,17210.4,0.006850637384238301
BTC-USD,2022-12-13,17778.6,0.0330149212104307
BTC-USD,2022-12-14,17796.4,0.0010012036943292113
BTC-USD,2022-12-15,17356.1,-0.02474095884560934
BTC-USD,2022-12-16,16629.6,-0.04185848203225384
BTC-USD,2022-12-17,16777.1,0.008869726271227174
BTC-USD,2022-12-18,16741.1,-0.0021457820481489698
BTC-USD,2022-12-19,16441.3,-0.017908022770307785
BTC-USD,2022-12-20,16902.8,0.02806955654358223
BTC-USD,2022-12-21,16831.8,-0.004200487493196348
BTC-USD,2022-12-22,16820.6,-0.0006654071459974986
BTC-USD,2022-12-23,16779.1,-0.002467212822372611
BTC-USD,2022-12-24,16837.2,0.003462641023654456
BTC-USD,2022-12-25,16831.8,-0.0003207184092367532
BTC-USD,2022-12-26,16918.1,0.005127199705319718
BTC-USD,2022-12-27,16706.1,-0.012530957968093337
BTC-USD,2022-12-28,16546.2,-0.009571354176019398
BTC-USD,2022-12-29,16636.4,0.005451402738997579
BTC-USD,2022-12-30,16607.2,-0.0017551874203554085
BTC-USD,2022-12-31,16537.4,-0.004202996290765371
BTC-USD,2023-01-01,16618.4,0.004897988801141562
BTC-USD,2023-01-02,16674.3,0.00336374139508
BTC-USD,2023-01-03,16674.2,-5.997253257894464e-06
BTC-USD,2023-01-04,16852.1,0.010669177531755558
BTC-USD,2023-01-05,16829.8,-0.001323277217676111
BTC-USD,2023-01-06,16950.9,0.007195569763158272
BTC-USD,2023-01-07,16943.6,-0.0004306555994079142
BTC-USD,2023-01-08,17119.0,0.01035199131235398
BTC-USD,2023-01-09,17180.1,0.0035691337110812515
BTC-USD,2023-01-10,17439.1,0.015075581632237212
BTC-USD,2023-01-11,17942.3,0.02885470007053126
BTC-USD,2023-01-12,18851.3,0.05066240114143672
BTC-USD,2023-01-13,19927.0,0.05706237766095712
BTC-USD,2023-01-14,20958.2,0.05174888342449946
BTC-USD,2023-01-15,20879.8,-0.0037407792653949556
BTC-USD,2023-01-16,21184.2,0.014578683703867057
BTC-USD,2023-01-17,21137.1,-0.0022233551420399733
BTC-USD,2023-01-18,20670.6,-0.022070198844685418
BTC-USD,2023-01-19,21081.2,0.019863961375093275
BTC-USD,2023-01-20,22677.2,0.07570726524106797
BTC-USD,2023-01-21,22775.7,0.004343569752879528
BTC-USD,2023-01-22,22707.8,-0.0029812475577041253
BTC-USD,2023-01-23,22915.5,0.00914663683844319
BTC-USD,2023-01-24,22632.5,-0.01234971962208986
BTC-USD,2023-01-25,23055.1,0.01867226333812
BTC-USD,2023-01-26,23016.0,-0.0016959371245407473
BTC-USD,2023-01-27,23074.6,0.0025460549183176084
BTC-USD,2023-01-28,23027.9,-0.00202387040295382
BTC-USD,2023-01-29,23753.1,0.031492233334346365
BTC-USD,2023-01-30,22832.2,-0.03876967637908302
BTC-USD,2023-01-31,23125.1,0.012828373963087225
BTC-USD,2023-02-01,23725.6,0.025967455275869078
BTC-USD,2023-02-02,23427.6,-0.012560272448325804
BTC-USD,2023-02-03,23431.2,0.00015366490805734934
BTC-USD,2023-02-04,23323.8,-0.004583632080303213
BTC-USD,2023-02-05,22936.0,-0.016626793232663584
BTC-USD,2023-02-06,22761.8,-0.00759504708754799
BTC-USD,2023-02-07,23251.7,0.02152290240666388
BTC-USD,2023-02-08,22964.6,-0.012347484269967457
BTC-USD,2023-02-09,21792.5,-0.05103942589899235
BTC-USD,2023-02-10,21635.0,-0.007227257083859073
BTC-USD,2023-02-11,21859.8,0.010390570834296176
BTC-USD,2023-02-12,21786.8,-0.00333946330707513
BTC-USD,2023-02-13,21772.6,-0.0006517707969964093
BTC-USD,2023-02-14,22198.5,0.019561283448003453
BTC-USD,2023-02-15,24327.9,0.0959254003648895
BTC-USD,2023-02-16,23539.6,-0.03240312562942149
BTC-USD,2023-02-17,24573.5,0.04392173189009174
BTC-USD,2023-02-18,24631.4,0.0023561967159746455
BTC-USD,2023-02-19,24302.9,-0.013336635351624326
BTC-USD,2023-02-20,24839.5,0.022079669504462274
BTC-USD,2023-02-21,24450.7,-0.01565248897924676
BTC-USD,2023-02-22,24186.6,-0.010801326751381457
BTC-USD,2023-02-23,23936.3,-0.010348705481547649
BTC-USD,2023-02-24,23191.5,-0.031115920171455036
BTC-USD,2023-02-25,23166.1,-0.0010952288553996992
BTC-USD,2023-02-26,23558.7,0.01694717712519589
BTC-USD,2023-02-27,23494.1,-0.002742086787471343
BTC-USD,2023-02-28,23130.5,-0.015476225946088551
BTC-USD,2023-03-01,23642.2,0.022122306046129525
BTC-USD,2023-03-02,23465.4,-0.0074781534713350695
BTC-USD,2023-03-03,22354.4,-0.0473463056244513
BTC-USD,2023-03-04,22347.1,-0.0003265576351860755
BTC-USD,2023-03-05,22428.3,0.003633581091058824
BTC-USD,2023-03-06,22410.0,-0.0008159334412326524
BTC-USD,2023-03-07,22197.8,-0.00946898705934851
BTC-USD,2023-03-08,21710.8,-0.02193911108308033
BTC-USD,2023-03-09,20361.8,-0.062134974298505785
BTC-USD,2023-03-10,20156.7,-0.010072783349212688
BTC-USD,2023-03-11,20467.5,0.015419190641325242
BTC-USD,2023-03-12,21994.8,0.07462074019787468
BTC-USD,2023-03-13,24114.4,0.09636823249131621
BTC-USD,2023-03-14,24699.7,0.024271804399031316
BTC-USD,2023-03-15,24282.7,-0.016882796147321577
BTC-USD,2023-03-16,25004.1,0.029708393218216944
BTC-USD,2023-03-17,27391.8,0.09549233925636202
BTC-USD,2023-03-18,26914.5,-0.017424922787111496
BTC-USD,2023-03-19,27958.7,0.03879693102231152
BTC-USD,2023-03-20,27720.5,-0.00851970942854996
BTC-USD,2023-03-21,28114.0,0.014195270648076352
BTC-USD,2023-03-22,27261.7,-0.030315856868464053
BTC-USD,2023-03-23,28310.7,0.03847889163184992
BTC-USD,2023-03-24,27462.2,-0.029971000363820055
BTC-USD,2023-03-25,27475.6,0.00048794342769320487
BTC-USD,2023-03-26,27973.5,0.01812153328771715
BTC-USD,2023-03-27,27129.8,-0.030160687793804875
BTC-USD,2023-03-28,27262.2,0.0048802423902867265
BTC-USD,2023-03-29,28350.4,0.03991607427133537
BTC-USD,2023-03-30,28029.5,-0.011319064281280045
BTC-USD,2023-03-31,28473.7,0.015847589147148566
BTC-USD,2023-04-01,28456.1,-0.0006181142598258305
BTC-USD,2023-04-02,28198.3,-0.009059568950066876
BTC-USD,2023-04-03,27802.1,-0.014050492405570547
BTC-USD,2023-04-04,28164.4,0.013031389715165487
BTC-USD,2023-04-05,28173.5,0.0003231029242589667
BTC-USD,2023-04-06,28036.7,-0.0048556267414413545
BTC-USD,2023-04-07,27910.4,-0.004504809767197915
BTC-USD,2023-04-08,27941.2,0.0011035313001603875
BTC-USD,2023-04-09,28326.6,0.013793251542524976
BTC-USD,2023-04-10,29641.0,0.046401615442728694
BTC-USD,2023-04-11,30209.6,0.019182888566512624
BTC-USD,2023-04-12,29886.4,-0.010698585879985067
BTC-USD,2023-04-13,30387.4,0.01676347770223252
BTC-USD,2023-04-14,30472.5,0.002800502839992891
BTC-USD,2023-04-15,30299.6,-0.005673968332102763
BTC-USD,2023-04-16,30310.3,0.0003531399754452824
BTC-USD,2023-04-17,29434.9,-0.028881271382995122
BTC-USD,2023-04-18,30382.2,0.03218288494270394
BTC-USD,2023-04-19,28813.7,-0.05162562289761763
BTC-USD,2023-04-20,28240.5,-0.01989331463852262
BTC-USD,2023-04-21,27264.8,-0.034549671570970775
BTC-USD,2023-04-22,27813.9,0.0201395205539745
BTC-USD,2023-04-23,27591.4,-0.007999597323640306
BTC-USD,2023-04-24,27509.3,-0.0029755648499171228
BTC-USD,2023-04-25,28298.8,0.028699385298789792
BTC-USD,2023-04-26,28424.6,0.004445418180276217
BTC-USD,2023-04-27,29475.9,0.036985568838259875
BTC-USD,2023-04-28,29321.8,-0.005227999823584795
BTC-USD,2023-04-29,29234.1,-0.0029909487139261337
BTC-USD,2023-04-30,29252.1,0.0006157193140887696
BTC-USD,2023-05-01,28077.6,-0.040150963520567795
BTC-USD,2023-05-02,28669.1,0.021066615380231912
BTC-USD,2023-05-03,29023.6,0.012365229463080496
BTC-USD,2023-05-04,28842.1,-0.006253531608759744
BTC-USD,2023-05-05,29513.2,0.02326806993942898
BTC-USD,2023-05-06,28857.1,-0.02223073065611325
BTC-USD,2023-05-07,28424.8,-0.014980715317894022
BTC-USD,2023-05-08,27670.5,-0.026536686273957888
BTC-USD,2023-05-09,27634.9,-0.0012865687284291383
BTC-USD,2023-05-10,27603.3,-0.0011434816120197144
BTC-USD,2023-05-11,26983.5,-0.02245383704122328
BTC-USD,2023-05-12,26799.2,-0.0068300998758500375
BTC-USD,2023-05-13,26777.5,-0.0008097256634527206
BTC-USD,2023-05-14,26920.0,0.005321631967136531
BTC-USD,2023-05-15,27183.9,0.009803120356612238
BTC-USD,2023-05-16,27035.3,-0.005466470962591896
BTC-USD,2023-05-17,27403.1,0.01360443568223757
BTC-USD,2023-05-18,26828.0,-0.020986676689863537
BTC-USD,2023-05-19,26882.9,0.0020463694647383512
BTC-USD,2023-05-20,27116.2,0.008678379192720964
BTC-USD,2023-05-21,26749.9,-0.013508529956262283
BTC-USD,2023-05-22,26847.3,0.003641135107047111
BTC-USD,2023-05-23,27220.7,0.013908288729220564
BTC-USD,2023-05-24,26328.4,-0.03278020036222429
BTC-USD,2023-05-25,26475.8,0.005598517190562147
BTC-USD,2023-05-26,26711.5,0.00890246942490891
BTC-USD,2023-05-27,26857.5,0.005465810605918886
BTC-USD,2023-05-28,28071.2,0.04519035651121661
BTC-USD,2023-05-29,27739.4,-0.011819943572059621
BTC-USD,2023-05-30,27698.2,-0.0014852520241966927
BTC-USD,2023-05-31,27216.1,-0.017405463170892088
BTC-USD,2023-06-01,26819.0,-0.01459062834131264
BTC-USD,2023-06-02,27244.7,0.015873075058727038
BTC-USD,2023-06-03,27072.0,-0.006338847555671379
BTC-USD,2023-06-04,27122.3,0.0018580082742316595
BTC-USD,2023-06-05,25747.4,-0.05069260350339011
BTC-USD,2023-06-06,27230.2,0.057590280960407636
BTC-USD,2023-06-07,26342.5,-0.03259983400782962
BTC-USD,2023-06-08,26501.1,0.006020689000664214
BTC-USD,2023-06-09,26479.3,-0.0008226073634679532
BTC-USD,2023-06-10,25844.0,-0.023992326081127446
BTC-USD,2023-06-11,25928.4,0.0032657483361708817
BTC-USD,2023-06-12,25906.8,-0.0008330633590967196
BTC-USD,2023-06-13,25929.4,0.0008723578365525952
BTC-USD,2023-06-14,25129.5,-0.030849151927927476
BTC-USD,2023-06-15,25591.3,0.01837680813386644
BTC-USD,2023-06-16,26341.3,0.029306834744620147
BTC-USD,2023-06-17,26515.0,0.006594207575176592
BTC-USD,2023-06-18,26339.7,-0.006611352064868958
BTC-USD,2023-06-19,26845.9,0.019218138399450302
BTC-USD,2023-06-20,28307.7,0.05445151773641399
BTC-USD,2023-06-21,29996.9,0.05967280987151913
BTC-USD,2023-06-22,29890.5,-0.0035470331934300825
BTC-USD,2023-06-23,30679.4,0.026393001120757376
BTC-USD,2023-06-24,30533.6,-0.0047523745575207554
BTC-USD,2023-06-25,30465.3,-0.0022368800272486444
BTC-USD,2023-06-26,30267.0,-0.006509044716447865
BTC-USD,2023-06-27,30689.1,0.013945881653285808
BTC-USD,2023-06-28,30078.6,-0.019893056492370276
BTC-USD,2023-06-29,30445.7,0.012204690377876748
BTC-USD,2023-06-30,30472.9,0.0008933938125910146
BTC-USD,2023-07-01,30586.8,0.0037377473099047265
BTC-USD,2023-07-02,30617.7,0.0010102397112481398
BTC-USD,2023-07-03,31151.3,0.01742782769443818
BTC-USD,2023-07-04,30768.4,-0.012291621858477764
BTC-USD,2023-07-05,30512.8,-0.008307224295056037
BTC-USD,2023-07-06,29913.1,-0.019654046826249938
BTC-USD,2023-07-07,30346.4,0.014485292396976712
BTC-USD,2023-07-08,30288.8,-0.0018980834629479526
BTC-USD,2023-07-09,30166.9,-0.004024589947439261
BTC-USD,2023-07-10,30415.3,0.008234190453775492
BTC-USD,2023-07-11,30623.3,0.006838663435836612
BTC-USD,2023-07-12,30387.3,-0.007706550241156296
BTC-USD,2023-07-13,31466.1,0.035501673396451716
BTC-USD,2023-07-14,30317.4,-0.036505954026714416
BTC-USD,2023-07-15,30291.4,-0.0008575933292432891
BTC-USD,2023-07-16,30235.5,-0.0018454082676931938
BTC-USD,2023-07-17,30139.7,-0.0031684609151494403
BTC-USD,2023-07-18,29866.8,-0.009054502864992098
BTC-USD,2023-07-19,29909.7,0.0014363775161718717
BTC-USD,2023-07-20,29801.0,-0.0036342724935388704
BTC-USD,2023-07-21,29903.1,0.003426059528203629
BTC-USD,2023-07-22,29788.9,-0.0038190020432663507
BTC-USD,2023-07-23,30085.9,0.009970156669094843
BTC-USD,2023-07-24,29178.1,-0.030173602916981124
BTC-USD,2023-07-25,29228.6,0.0017307501173826623
BTC-USD,2023-07-26,29352.2,0.0042287348692719995
BTC-USD,2023-07-27,29222.7,-0.004411935050865012
BTC-USD,2023-07-28,29315.0,0.0031585034921481903
BTC-USD,2023-07-29,29353.5,0.0013133208255160511
BTC-USD,2023-07-30,29281.7,-0.002446045616365966
BTC-USD,2023-07-31,29232.4,-0.0016836454167620252
BTC-USD,2023-08-01,29712.2,0.016413294837235304
BTC-USD,2023-08-02,29173.7,-0.018123868309987134
BTC-USD,2023-08-03,29189.3,0.0005347281969718676
BTC-USD,2023-08-04,29105.5,-0.0028709150270818107
BTC-USD,2023-08-05,29068.1,-0.0012849805019670146
BTC-USD,2023-08-06,29081.3,0.0004541060475229397
BTC-USD,2023-08-07,29204.2,0.0042260834281824255
BTC-USD,2023-08-08,29777.4,0.019627313879510444
BTC-USD,2023-08-09,29578.0,-0.006696353610456285
BTC-USD,2023-08-10,29449.0,-0.004361349651768154
BTC-USD,2023-08-11,29420.8,-0.000957587693979467
BTC-USD,2023-08-12,29428.2,0.0002515227322166247
BTC-USD,2023-08-13,29300.1,-0.0043529675617265395
BTC-USD,2023-08-14,29426.7,0.0043208043658555795
BTC-USD,2023-08-15,29195.3,-0.0078636068604363
BTC-USD,2023-08-16,28726.3,-0.016064229516394746
BTC-USD,2023-08-17,26635.7,-0.07277651490097914
BTC-USD,2023-08-18,26053.2,-0.021869145545264423
BTC-USD,2023-08-19,26099.4,0.0017732946432684749
BTC-USD,2023-08-20,26190.8,0.003501996214472225
BTC-USD,2023-08-21,26126.0,-0.0024741512286756695
BTC-USD,2023-08-22,26039.9,-0.0032955676337746986
BTC-USD,2023-08-23,26436.2,0.015218952453734502
BTC-USD,2023-08-24,26177.0,-0.009804737443354195
BTC-USD,2023-08-25,26057.2,-0.004576536654314789
BTC-USD,2023-08-26,26017.1,-0.0015389220637674894
BTC-USD,2023-08-27,26100.6,0.003209427645663787
BTC-USD,2023-08-28,26118.9,0.0007011333072803883
BTC-USD,2023-08-29,27723.9,0.0614497547752777
BTC-USD,2023-08-30,27298.8,-0.015333340547325713
BTC-USD,2023-08-31,25937.3,-0.0498739871349656
BTC-USD,2023-09-01,25803.2,-0.005170160348224262
BTC-USD,2023-09-02,25869.7,0.0025771997271655245
BTC-USD,2023-09-03,25971.0,0.0039157779177956265
BTC-USD,2023-09-04,25823.3,-0.005687112548611983
BTC-USD,2023-09-05,25790.2,-0.0012817881525598596
BTC-USD,2023-09-06,25758.0,-0.001248536265713307
BTC-USD,2023-09-07,26249.8,0.019093097290162175
BTC-USD,2023-09-08,25909.5,-0.012963908296444115
BTC-USD,2023-09-09,25901.1,-0.00032420540728306246
BTC-USD,2023-09-10,25840.2,-0.002351251491249373
BTC-USD,2023-09-11,25166.4,-0.02607564956927577
BTC-USD,2023-09-12,25834.5,0.02654730116345605
BTC-USD,2023-09-13,26223.0,0.015038030540556191
BTC-USD,2023-09-14,26524.7,0.011505167219616474
BTC-USD,2023-09-15,26601.0,0.0028765641081709425
BTC-USD,2023-09-16,26562.0,-0.0014661102966053718
BTC-USD,2023-09-17,26529.1,-0.0012386115503351114
BTC-USD,2023-09-18,26763.5,0.008835580551168398
BTC-USD,2023-09-19,27209.2,0.016653277785042997
BTC-USD,2023-09-20,27125.0,-0.0030945415521220765
BTC-USD,2023-09-21,26570.0,-0.020460829493087584
BTC-USD,2023-09-22,26581.9,0.00044787354158826176
BTC-USD,2023-09-23,26579.2,-0.00010157287477574606
BTC-USD,2023-09-24,26251.5,-0.012329189742354973
BTC-USD,2023-09-25,26302.7,0.0019503647410623604
BTC-USD,2023-09-26,26218.9,-0.003185984708794165
BTC-USD,2023-09-27,26366.1,0.005614270621574491
BTC-USD,2023-09-28,27022.6,0.024899397332180273
BTC-USD,2023-09-29,26909.8,-0.004174283747677809
BTC-USD,2023-09-30,26962.7,0.0019658265761917093
BTC-USD,2023-10-01,27974.5,0.03752591543131811
BTC-USD,2023-10-02,27505.3,-0.016772417737582423
BTC-USD,2023-10-03,27428.4,-0.0027958248046738854
BTC-USD,2023-10-04,27790.9,0.013216228434761002
BTC-USD,2023-10-05,27410.3,-0.0136951304203895
BTC-USD,2023-10-06,27936.9,0.019211756164653426
BTC-USD,2023-10-07,27961.1,0.000866237843139217
BTC-USD,2023-10-08,27922.7,-0.0013733365282481147
BTC-USD,2023-10-09,27581.4,-0.012223030007843083
BTC-USD,2023-10-10,27391.0,-0.006903202883102422
BTC-USD,2023-10-11,26876.6,-0.018779891205140453
BTC-USD,2023-10-12,26761.1,-0.004297418572289602
BTC-USD,2023-10-13,26863.5,0.003826449585405678
BTC-USD,2023-10-14,26852.8,-0.00039830997450074346
BTC-USD,2023-10-15,27161.2,0.011484835845796404
BTC-USD,2023-10-16,28509.7,0.04964802733310747
BTC-USD,2023-10-17,28403.6,-0.0037215403880083153
BTC-USD,2023-10-18,28321.7,-0.002883437310763348
BTC-USD,2023-10-19,28723.0,0.014169347179018077
BTC-USD,2023-10-20,29674.5,0.03312676252480595
BTC-USD,2023-10-21,29912.9,0.008033833762995268
BTC-USD,2023-10-22,29984.2,0.002383587014298083
BTC-USD,2023-10-23,33041.8,0.10197370615190682
BTC-USD,2023-10-24,33917.0,0.026487661083839154
BTC-USD,2023-10-25,34496.8,0.017094672288233026
BTC-USD,2023-10-26,34153.7,-0.009945850049859817
BTC-USD,2023-10-27,33901.8,-0.0073754820121976206
BTC-USD,2023-10-28,34082.6,0.0053330501625281634
BTC-USD,2023-10-29,34526.7,0.01303010920528358
BTC-USD,2023-10-30,34477.9,-0.001413398905774299
BTC-USD,2023-10-31,34650.6,0.005009005768912722
BTC-USD,2023-11-01,35423.8,0.022314187921709916
BTC-USD,2023-11-02,34931.4,-0.013900259147804572
BTC-USD,2023-11-03,34718.7,-0.006089077448942937
BTC-USD,2023-11-04,35065.8,0.009997494145806307
BTC-USD,2023-11-05,35019.4,-0.0013232266196693265
BTC-USD,2023-11-06,35042.0,0.0006453565737847278
BTC-USD,2023-11-07,35426.1,0.010961132355459036
BTC-USD,2023-11-08,35636.9,0.005950415089439831
BTC-USD,2023-11-09,36700.5,0.02984546916258135
BTC-USD,2023-11-10,37303.0,0.016416670072614714
BTC-USD,2023-11-11,37150.5,-0.004088143044795323
BTC-USD,2023-11-12,37064.4,-0.0023176000323009704
BTC-USD,2023-11-13,36478.3,-0.01581301734278706
BTC-USD,2023-11-14,35549.3,-0.025467195565582856
BTC-USD,2023-11-15,37874.9,0.06541900965701153
BTC-USD,2023-11-16,36161.2,-0.045246324082704015
BTC-USD,2023-11-17,36595.4,0.01200734488899724
BTC-USD,2023-11-18,36568.6,-0.0007323324789455521
BTC-USD,2023-11-19,37354.2,0.021482911568941665
BTC-USD,2023-11-20,37454.1,0.002674398059655969
BTC-USD,2023-11-21,35813.6,-0.043800278207192234
BTC-USD,2023-11-22,37410.8,0.044597583041079414
BTC-USD,2023-11-23,37293.1,-0.003146150309536355
BTC-USD,2023-11-24,37717.3,0.01137475833331103
BTC-USD,2023-11-25,37787.0,0.0018479583639336994
BTC-USD,2023-11-26,37451.8,-0.00887077566358796
BTC-USD,2023-11-27,37248.6,-0.005425640423157296
BTC-USD,2023-11-28,37823.3,0.015428767792615039
BTC-USD,2023-11-29,37855.5,0.0008513270920305072
BTC-USD,2023-11-30,37712.9,-0.00376695592450238
BTC-USD,2023-12-01,38688.2,0.02586117747508143
BTC-USD,2023-12-02,39458.4,0.01990787888813661
BTC-USD,2023-12-03,39970.2,0.012970622224925288
BTC-USD,2023-12-04,41987.8,0.050477605816333426
BTC-USD,2023-12-05,44076.2,0.04973825730331183
BTC-USD,2023-12-06,43776.3,-0.006804125582513754
BTC-USD,2023-12-07,43289.7,-0.011115603648549688
BTC-USD,2023-12-08,44175.5,0.020462142264788152
BTC-USD,2023-12-09,43718.4,-0.01034736448936624
BTC-USD,2023-12-10,43791.0,0.0016606280193236511
BTC-USD,2023-12-11,41256.1,-0.0578863236738143
BTC-USD,2023-12-12,41487.0,0.005596748117248085
BTC-USD,2023-12-13,42884.5,0.03368525080145579
BTC-USD,2023-12-14,43025.9,0.003297228602408886
BTC-USD,2023-12-15,41929.0,-0.025493946669331802
BTC-USD,2023-12-16,42271.7,0.008173340647284588
BTC-USD,2023-12-17,41368.7,-0.02136180943751964
BTC-USD,2023-12-18,42659.7,0.03120716870484208
BTC-USD,2023-12-19,42259.3,-0.009385907542715843
BTC-USD,2023-12-20,43662.8,0.033211624423499675
BTC-USD,2023-12-21,43865.9,0.004651556931758893
BTC-USD,2023-12-22,43968.9,0.002348065353725781
BTC-USD,2023-12-23,43710.4,-0.005879155493996868
BTC-USD,2023-12-24,42981.5,-0.01667566528789488
BTC-USD,2023-12-25,43578.5,0.01388969672998841
BTC-USD,2023-12-26,42513.3,-0.02444324609612536
BTC-USD,2023-12-27,43446.5,0.02195077775660792
BTC-USD,2023-12-28,42581.1,-0.019918750647347938
BTC-USD,2023-12-29,42072.4,-0.011946614812675005
BTC-USD,2023-12-30,42136.7,0.0015283178520835161
BTC-USD,2023-12-31,42272.5,0.003222843744289383
BTC-USD,2024-01-01,44183.4,0.04520432905553262
BTC-USD,2024-01-02,44943.7,0.01720782013154243
BTC-USD,2024-01-03,42836.1,-0.04689422544205302
BTC-USD,2024-01-04,44157.0,0.030836140545007718
BTC-USD,2024-01-05,44156.9,-2.264646601912723e-06
BTC-USD,2024-01-06,43967.9,-0.004280191770708597
BTC-USD,2024-01-07,43927.3,-0.0009234009356825501
BTC-USD,2024-01-08,46962.2,0.06908915412511107
BTC-USD,2024-01-09,46129.0,-0.017741928614928515
BTC-USD,2024-01-10,46629.3,0.01084567192005026
BTC-USD,2024-01-11,46348.2,-0.006028398453333139
BTC-USD,2024-01-12,42835.9,-0.07578072071838815
BTC-USD,2024-01-13,42851.3,0.0003595115312156061
BTC-USD,2024-01-14,41746.1,-0.025791516243381274
BTC-USD,2024-01-15,42510.7,0.01831548336251765
BTC-USD,2024-01-16,43145.5,0.014932711058627701
BTC-USD,2024-01-17,42768.7,-0.008733239851201224
BTC-USD,2024-01-18,41292.7,-0.03451121965362525
BTC-USD,2024-01-19,41648.0,0.00860442644825854
BTC-USD,2024-01-20,41695.4,0.0011381098732232697
BTC-USD,2024-01-21,41583.2,-0.002690944324793776
BTC-USD,2024-01-22,39556.4,-0.04874083764597226
BTC-USD,2024-01-23,39888.8,0.008403191392543308
BTC-USD,2024-01-24,40086.0,0.004943743607227935
BTC-USD,2024-01-25,39935.7,-0.0037494387067804613
BTC-USD,2024-01-26,41811.3,0.04696549703648634
BTC-USD,2024-01-27,42120.9,0.007404696816410761
BTC-USD,2024-01-28,42030.7,-0.002141454717254465
BTC-USD,2024-01-29,43299.8,0.03019459585493478
BTC-USD,2024-01-30,42946.2,-0.008166319474916861
BTC-USD,2024-01-31,42580.5,-0.008515305195803013
BTC-USD,2024-02-01,43081.4,0.011763600709244981
BTC-USD,2024-02-02,43194.7,0.00262990524913298
BTC-USD,2024-02-03,43005.7,-0.004375536813544301
BTC-USD,2024-02-04,42581.4,-0.00986613402409442
BTC-USD,2024-02-05,42697.2,0.0027194972452759814
BTC-USD,2024-02-06,43087.7,0.009145798787742576
BTC-USD,2024-02-07,44339.8,0.02905933711941011
BTC-USD,2024-02-08,45293.3,0.02150438206757821
BTC-USD,2024-02-09,47127.5,0.04049605570801851
BTC-USD,2024-02-10,47758.2,0.013382844411437
BTC-USD,2024-02-11,48277.3,0.010869337621602249
BTC-USD,2024-02-12,49941.3,0.03446754478813019
BTC-USD,2024-02-13,49716.0,-0.004511296261811459
BTC-USD,2024-02-14,51782.4,0.04156408399710365
BTC-USD,2024-02-15,51901.3,0.002296146953405076
BTC-USD,2024-02-16,52134.2,0.004487363514979359
BTC-USD,2024-02-17,51646.0,-0.00936429445546294
BTC-USD,2024-02-18,52117.5,0.009129458234906851
BTC-USD,2024-02-19,51783.6,-0.0064066772197438615
BTC-USD,2024-02-20,52263.5,0.009267412848855683
BTC-USD,2024-02-21,51858.2,-0.007754934131851132
BTC-USD,2024-02-22,51320.4,-0.01037058748664621
BTC-USD,2024-02-23,50740.5,-0.01129960015900111
BTC-USD,2024-02-24,51571.6,0.0163794207782737
BTC-USD,2024-02-25,51722.7,0.002929907158203404
BTC-USD,2024-02-26,54495.1,0.0536012234473453
BTC-USD,2024-02-27,57056.2,0.04699688595855411
BTC-USD,2024-02-28,62467.6,0.09484332990980815
BTC-USD,2024-02-29,61169.3,-0.02078357420486776
BTC-USD,2024-03-01,62397.7,0.02008196922312333
BTC-USD,2024-03-02,61994.5,-0.006461776635997785
BTC-USD,2024-03-03,63135.8,0.018409697634467648
BTC-USD,2024-03-04,68270.1,0.08132153231605521
BTC-USD,2024-03-05,63792.6,-0.06558508043784916
BTC-USD,2024-03-06,66080.4,0.035863093838470306
BTC-USD,2024-03-07,66855.3,0.011726623930848001
BTC-USD,2024-03-08,68172.0,0.019694773637991325
BTC-USD,2024-03-09,68366.5,0.002853077509828106
BTC-USD,2024-03-10,68964.8,0.00875136214374006
BTC-USD,2024-03-11,72099.1,0.045447822657355585
BTC-USD,2024-03-12,71470.2,-0.008722716372326578
BTC-USD,2024-03-13,73066.3,0.02233238468620491
BTC-USD,2024-03-14,71387.5,-0.022976392673503376
BTC-USD,2024-03-15,69463.7,-0.026948695499912523
BTC-USD,2024-03-16,65314.2,-0.05973623633638869
BTC-USD,2024-03-17,68391.2,0.04711073549090394
BTC-USD,2024-03-18,67594.1,-0.01165500824667487
BTC-USD,2024-03-19,62050.0,-0.08202047220097619
BTC-USD,2024-03-20,67854.0,0.0935374697824336
BTC-USD,2024-03-21,65503.8,-0.034636130515518615
BTC-USD,2024-03-22,63785.5,-0.02623206592594629
BTC-USD,2024-03-23,64037.8,0.003955444419186271
BTC-USD,2024-03-24,67211.9,0.04956603755906652
BTC-USD,2024-03-25,69892.0,0.03987537921112194
BTC-USD,2024-03-26,69999.3,0.0015352257769130073
BTC-USD,2024-03-27,69442.4,-0.007955793843652859
BTC-USD,2024-03-28,70762.1,0.01900423948481067
BTC-USD,2024-03-29,69871.7,-0.012583007005162461
BTC-USD,2024-03-30,69611.5,-0.0037239683591496764
BTC-USD,2024-03-31,71332.0,0.024715743806698498
BTC-USD,2024-04-01,69664.4,-0.02337800706555271
BTC-USD,2024-04-02,65439.2,-0.06065077715447198
BTC-USD,2024-04-03,65963.0,0.008004376581620898
BTC-USD,2024-04-04,68496.5,0.038407895335263786
BTC-USD,2024-04-05,67830.6,-0.009721664610600422
BTC-USD,2024-04-06,68890.6,0.015627165320666547
BTC-USD,2024-04-07,69360.4,0.006819508031574495
BTC-USD,2024-04-08,71630.1,0.03272328302604954
BTC-USD,2024-04-09,69148.0,-0.03465163388017056
BTC-USD,2024-04-10,70622.1,0.021318042459651743
BTC-USD,2024-04-11,70011.6,-0.008644602751829766
BTC-USD,2024-04-12,67151.9,-0.040846088362500144
BTC-USD,2024-04-13,63849.9,-0.049172100863862256
BTC-USD,2024-04-14,65697.4,0.028935049232653443
BTC-USD,2024-04-15,63411.9,-0.034788286903286836
BTC-USD,2024-04-16,63805.3,0.006203882867411359
BTC-USD,2024-04-17,61278.9,-0.03959545680374521
BTC-USD,2024-04-18,63481.4,0.035942224811476686
BTC-USD,2024-04-19,63799.1,0.005004615525177503
BTC-USD,2024-04-20,64961.1,0.018213423073366153
BTC-USD,2024-04-21,64940.2,-0.0003217310051708555
BTC-USD,2024-04-22,66829.3,0.029089839575486387
BTC-USD,2024-04-23,66415.0,-0.006199376620733776
BTC-USD,2024-04-24,64285.7,-0.03206052849506891
BTC-USD,2024-04-25,64497.1,0.0032884451752099864
BTC-USD,2024-04-26,63766.4,-0.011329191545046191
BTC-USD,2024-04-27,63456.8,-0.004855221558689227
BTC-USD,2024-04-28,63109.7,-0.005469862961889116
BTC-USD,2024-04-29,63860.1,0.011890406704516021
BTC-USD,2024-04-30,60666.6,-0.050007751318898674
BTC-USD,2024-05-01,58331.2,-0.03849564669851291
BTC-USD,2024-05-02,59121.3,0.013545066791014193
BTC-USD,2024-05-03,62877.5,0.06353378562379364
BTC-USD,2024-05-04,63888.3,0.016075702755357746
BTC-USD,2024-05-05,64006.4,0.001848538777835751
BTC-USD,2024-05-06,63163.1,-0.013175244975502487
BTC-USD,2024-05-07,62317.7,-0.013384396902621942
BTC-USD,2024-05-08,61207.5,-0.017815163268220746
BTC-USD,2024-05-09,63075.0,0.030510966793285244
BTC-USD,2024-05-10,60796.9,-0.036117320650019824
BTC-USD,2024-05-11,60826.6,0.000488511749776599
BTC-USD,2024-05-12,61480.0,0.010742010896548582
BTC-USD,2024-05-13,62937.2,0.023702016916070212
BTC-USD,2024-05-14,61569.4,-0.021732774893067908
BTC-USD,2024-05-15,66225.1,0.07561710849870229
BTC-USD,2024-05-16,65231.0,-0.015010924860815678
BTC-USD,2024-05-17,67036.8,0.027683156781284968
BTC-USD,2024-05-18,66917.5,-0.0017796195522459257
BTC-USD,2024-05-19,66279.1,-0.009540105353606942
BTC-USD,2024-05-20,71422.7,0.07760515758361208
BTC-USD,2024-05-21,70139.9,-0.01796067636759746
BTC-USD,2024-05-22,69155.4,-0.014036233299448697
BTC-USD,2024-05-23,67975.7,-0.0170586823299409
BTC-USD,2024-05-24,68547.6,0.008413300635374155
BTC-USD,2024-05-25,69284.4,0.010748735185476699
BTC-USD,2024-05-26,68514.8,-0.011107839571389722
BTC-USD,2024-05-27,69428.7,0.013338723896150873
BTC-USD,2024-05-28,68366.0,-0.015306350255729906
BTC-USD,2024-05-29,67635.8,-0.010680747740104635
BTC-USD,2024-05-30,68354.7,0.010628986424349174
BTC-USD,2024-05-31,67530.1,-0.0120635450086094
BTC-USD,2024-06-01,67760.8,0.003416254381379602
BTC-USD,2024-06-02,67773.5,0.00018742399735538484
BTC-USD,2024-06-03,68807.8,0.015261127136712682
BTC-USD,2024-06-04,70549.2,0.025308177270600085
BTC-USD,2024-06-05,71083.7,0.0075762730123092314
BTC-USD,2024-06-06,70791.5,-0.004110647025970748
BTC-USD,2024-06-07,69347.9,-0.020392278734028935
BTC-USD,2024-06-08,69310.1,-0.0005450777889450809
BTC-USD,2024-06-09,69650.6,0.004912703920496364
BTC-USD,2024-06-10,69538.2,-0.001613769299905643
BTC-USD,2024-06-11,67319.8,-0.031901889896488456
BTC-USD,2024-06-12,68260.1,0.013967658846282927
BTC-USD,2024-06-13,66773.1,-0.021784322027070036
BTC-USD,2024-06-14,66034.8,-0.011056847742578979
BTC-USD,2024-06-15,66223.0,0.0028500124176948916
BTC-USD,2024-06-16,66674.7,0.006820893043202547
BTC-USD,2024-06-17,66498.8,-0.0026381820990569738
BTC-USD,2024-06-18,65159.9,-0.020134197910338214
BTC-USD,2024-06-19,64980.9,-0.0027470883165873206
BTC-USD,2024-06-20,64854.3,-0.00194826479780974
BTC-USD,2024-06-21,64128.5,-0.011191239439790501
BTC-USD,2024-06-22,64261.0,0.002066164030033457
BTC-USD,2024-06-23,63196.2,-0.016569925771463323
BTC-USD,2024-06-24,60292.7,-0.04594421816501626
BTC-USD,2024-06-25,61809.4,0.025155615853992286
BTC-USD,2024-06-26,60849.4,-0.015531618168110328
BTC-USD,2024-06-27,61685.3,0.01373719379320093
BTC-USD,2024-06-28,60403.3,-0.020782909380354764
BTC-USD,2024-06-29,60973.4,0.009438226057185695
BTC-USD,2024-06-30,62754.3,0.02920781849134224
BTC-USD,2024-07-01,62890.1,0.0021639951365881593
BTC-USD,2024-07-02,62103.3,-0.012510713132909523
BTC-USD,2024-07-03,60199.3,-0.03065859624206768
BTC-USD,2024-07-04,57026.3,-0.052708254082688644
BTC-USD,2024-07-05,56641.8,-0.006742503020536139
BTC-USD,2024-07-06,58259.2,0.028554883495933936
BTC-USD,2024-07-07,55861.1,-0.04116259749533113
BTC-USD,2024-07-08,56724.7,0.015459774333122622
BTC-USD,2024-07-09,58039.4,0.02317685241173595
BTC-USD,2024-07-10,57746.7,-0.005043125876559751
BTC-USD,2024-07-11,57337.3,-0.007089582608183598
BTC-USD,2024-07-12,57885.1,0.009553990159983039
BTC-USD,2024-07-13,59209.8,0.022884991128977905
BTC-USD,2024-07-14,60794.9,0.02677090616756006
BTC-USD,2024-07-15,64782.4,0.06558938331998254
BTC-USD,2024-07-16,65049.7,0.004126120674751155
BTC-USD,2024-07-17,64089.2,-0.014765633046731952
BTC-USD,2024-07-18,63980.5,-0.0016960735974235197
BTC-USD,2024-07-19,66677.4,0.04215190565875537
BTC-USD,2024-07-20,67148.5,0.007065362476641246
BTC-USD,2024-07-21,68158.7,0.015044267556237223
BTC-USD,2024-07-22,67553.6,-0.008877810169501399
BTC-USD,2024-07-23,65937.8,-0.023918784491130052
BTC-USD,2024-07-24,65370.5,-0.008603562751562932
BTC-USD,2024-07-25,65799.3,0.006559533734635803
BTC-USD,2024-07-26,67908.6,0.032056572030401576
BTC-USD,2024-07-27,67843.1,-0.0009645317382481755
BTC-USD,2024-07-28,68256.3,0.00609052357572093
BTC-USD,2024-07-29,66798.7,-0.021354805343975714
BTC-USD,2024-07-30,66184.9,-0.009188801578473904
BTC-USD,2024-07-31,64626.0,-0.023553710891759172
BTC-USD,2024-08-01,65372.9,0.01155726797264256
BTC-USD,2024-08-02,61478.7,-0.05956902630906702
BTC-USD,2024-08-03,60696.7,-0.012719852566823953
BTC-USD,2024-08-04,58141.8,-0.04209289796644622
BTC-USD,2024-08-05,53979.0,-0.07159737056644278
BTC-USD,2024-08-06,56057.8,0.038511272902425064
BTC-USD,2024-08-07,55120.9,-0.01671310682902294
BTC-USD,2024-08-08,61699.7,0.11935218764570243
BTC-USD,2024-08-09,60850.6,-0.01376181731839865
BTC-USD,2024-08-10,60931.7,0.001332772396656745
BTC-USD,2024-08-11,58713.3,-0.036407978113198736
BTC-USD,2024-08-12,59350.0,0.010844220985705144
BTC-USD,2024-08-13,60595.2,0.020980623420387534
BTC-USD,2024-08-14,58707.8,-0.031147681664554172
BTC-USD,2024-08-15,57534.6,-0.019983715962785253
BTC-USD,2024-08-16,58877.2,0.023335523319880425
BTC-USD,2024-08-17,59483.1,0.01029091057319298
BTC-USD,2024-08-18,58446.3,-0.017430160835598563
BTC-USD,2024-08-19,59470.9,0.01753062212663581
BTC-USD,2024-08-20,59005.8,-0.007820631603019268
BTC-USD,2024-08-21,61158.1,0.036476075233282
BTC-USD,2024-08-22,60372.2,-0.012850301104841422
BTC-USD,2024-08-23,64053.1,0.06097011538423325
BTC-USD,2024-08-24,64159.3,0.001657999378640529
BTC-USD,2024-08-25,64273.2,0.0017752687451388915
BTC-USD,2024-08-26,62846.2,-0.0222020997865362
BTC-USD,2024-08-27,59450.9,-0.05402554171930829
BTC-USD,2024-08-28,59016.0,-0.0073152803405835964
BTC-USD,2024-08-29,59373.5,0.006057679273417271
BTC-USD,2024-08-30,59119.7,-0.004274634306550951
BTC-USD,2024-08-31,58978.6,-0.0023866832883117084
BTC-USD,2024-09-01,57315.7,-0.02819497241372293
BTC-USD,2024-09-02,59134.0,0.03172429194793058
BTC-USD,2024-09-03,57479.8,-0.027973754523624272
BTC-USD,2024-09-04,57973.4,0.00858736460460885
BTC-USD,2024-09-05,56183.2,-0.03087967930119684
BTC-USD,2024-09-06,53966.8,-0.0394495151575559
BTC-USD,2024-09-07,54156.5,0.0035151241133437594
BTC-USD,2024-09-08,54861.3,0.013014134960715795
BTC-USD,2024-09-09,57049.6,0.039887862664574
BTC-USD,2024-09-10,57635.0,0.010261246354049902
BTC-USD,2024-09-11,57338.7,-0.005140973366877799
BTC-USD,2024-09-12,58134.5,0.013878933425417683
BTC-USD,2024-09-13,60511.6,0.04088966104464653
BTC-USD,2024-09-14,59995.4,-0.008530595786592987
BTC-USD,2024-09-15,59138.5,-0.014282761678395373
BTC-USD,2024-09-16,58213.1,-0.01564801271591265
BTC-USD,2024-09-17,60309.1,0.03600564134189721
BTC-USD,2024-09-18,61757.6,0.024017934275258668
BTC-USD,2024-09-19,62938.6,0.019123152454110892
BTC-USD,2024-09-20,63201.2,0.0041723203248880125
BTC-USD,2024-09-21,63348.1,0.0023243229558933542
BTC-USD,2024-09-22,63572.7,0.003545489130692081
BTC-USD,2024-09-23,63331.8,-0.0037893624149988314
BTC-USD,2024-09-24,64256.8,0.01460561676756389
BTC-USD,2024-09-25,63156.5,-0.01712347953835236
BTC-USD,2024-09-26,65175.7,0.03197137270114703
BTC-USD,2024-09-27,65776.3,0.009215090900443146
BTC-USD,2024-09-28,65866.5,0.0013713145920337677
BTC-USD,2024-09-29,65607.1,-0.003938269074567402
BTC-USD,2024-09-30,63339.2,-0.03456790499808726
BTC-USD,2024-10-01,60835.5,-0.03952844368100639
BTC-USD,2024-10-02,60645.7,-0.003119888880670052
BTC-USD,2024-10-03,60751.2,0.0017396122066362096
BTC-USD,2024-10-04,62081.0,0.021889279553325647
BTC-USD,2024-10-05,62061.4,-0.00031571656384399294
BTC-USD,2024-10-06,62819.4,0.012213710937877709
BTC-USD,2024-10-07,62245.6,-0.009134120988102401
BTC-USD,2024-10-08,62157.0,-0.001423393782050475
BTC-USD,2024-10-09,60628.8,-0.024586128674163765
BTC-USD,2024-10-10,60316.2,-0.005155965481751346
BTC-USD,2024-10-11,62499.4,0.03619591419883883
BTC-USD,2024-10-12,63205.1,0.011291308396560451
BTC-USD,2024-10-13,62870.9,-0.005287547998500064
BTC-USD,2024-10-14,66081.7,0.051069731783702776
BTC-USD,2024-10-15,67077.5,0.015069224914008084
BTC-USD,2024-10-16,67617.9,0.00805635272632399
BTC-USD,2024-10-17,67418.4,-0.0029504021864033003
BTC-USD,2024-10-18,68423.1,0.014902459862589534
BTC-USD,2024-10-19,68372.0,-0.000746823806579977
BTC-USD,2024-10-20,69030.5,0.00963113555256534
BTC-USD,2024-10-21,67371.3,-0.02403575231238364
BTC-USD,2024-10-22,67427.3,0.0008312144785687092
BTC-USD,2024-10-23,66663.7,-0.011324789810655433
BTC-USD,2024-10-24,68191.5,0.022918019851883464
BTC-USD,2024-10-25,66696.8,-0.02191915414677781
BTC-USD,2024-10-26,67086.8,0.005847356994638453
BTC-USD,2024-10-27,68004.6,0.013680783701115695
BTC-USD,2024-10-28,69954.1,0.028667178396755588
BTC-USD,2024-10-29,72730.4,0.039687452200800166
BTC-USD,2024-10-30,72347.8,-0.005260523797476546
BTC-USD,2024-10-31,70281.8,-0.028556500681430563
BTC-USD,2024-11-01,69507.2,-0.01102134549769651
BTC-USD,2024-11-02,69325.8,-0.002609801574513071
BTC-USD,2024-11-03,68769.6,-0.00802298711302285
BTC-USD,2024-11-04,67848.8,-0.013389637281589595
BTC-USD,2024-11-05,69373.7,0.022474973765195472
BTC-USD,2024-11-06,75586.3,0.08955266909506054
BTC-USD,2024-11-07,75868.6,0.003734803793809194
BTC-USD,2024-11-08,76517.3,0.008550309350640495
BTC-USD,2024-11-09,76700.3,0.0023916160136334685
BTC-USD,2024-11-10,80388.5,0.048085861463384116
BTC-USD,2024-11-11,88664.1,0.10294507298929578
BTC-USD,2024-11-12,87941.3,-0.00815211568154417
BTC-USD,2024-11-13,90422.2,0.028210863382733598
BTC-USD,2024-11-14,87294.0,-0.034595486506632245
BTC-USD,2024-11-15,91046.5,0.04298691777212649
BTC-USD,2024-11-16,90539.1,-0.005572976446101663
BTC-USD,2024-11-17,89833.7,-0.007791109034660293
BTC-USD,2024-11-18,90478.7,0.0071799335883973026
BTC-USD,2024-11-19,92239.2,0.0194576182018531
BTC-USD,2024-11-20,94303.9,0.02238419240409706
BTC-USD,2024-11-21,98374.5,0.04316470474709955
BTC-USD,2024-11-22,98929.7,0.005643738977072266
BTC-USD,2024-11-23,97699.0,-0.012440146892187087
BTC-USD,2024-11-24,97935.2,0.002417629658440612
BTC-USD,2024-11-25,93064.4,-0.0497349267679037
BTC-USD,2024-11-26,91977.6,-0.011677934849415927
BTC-USD,2024-11-27,95886.6,0.04249947813380639
BTC-USD,2024-11-28,95645.5,-0.0025144285020013424
BTC-USD,2024-11-29,97438.0,0.018741080343560368
BTC-USD,2024-11-30,96405.7,-0.010594429278105055
BTC-USD,2024-12-01,97201.4,0.008253661349899355
BTC-USD,2024-12-02,95846.6,-0.013938070850831208
BTC-USD,2024-12-03,95898.7,0.0005435769239596766
BTC-USD,2024-12-04,98635.8,0.028541575641797046
BTC-USD,2024-12-05,96970.8,-0.0168802807905446
BTC-USD,2024-12-06,99760.7,0.028770516485374875
BTC-USD,2024-12-07,99837.0,0.0007648302387612826
BTC-USD,2024-12-08,101115.8,0.012808878471909146
BTC-USD,2024-12-09,97359.4,-0.03714948603482349
BTC-USD,2024-12-10,96600.3,-0.007796884532977777
BTC-USD,2024-12-11,101126.2,0.04685182137115507
BTC-USD,2024-12-12,100009.9,-0.011038682359269969
BTC-USD,2024-12-13,101426.2,0.014161598001797948
BTC-USD,2024-12-14,101417.7,-8.380477628067151e-05
BTC-USD,2024-12-15,104443.0,0.02983009869085973
BTC-USD,2024-12-16,106057.6,0.015459149966967622
BTC-USD,2024-12-17,106138.9,0.0007665645837733326
BTC-USD,2024-12-18,100197.8,-0.05597476514265731
BTC-USD,2024-12-19,97466.1,-0.02726307364033942
BTC-USD,2024-12-20,97795.7,0.0033816886076285524
BTC-USD,2024-12-21,97253.3,-0.0055462561237354935
BTC-USD,2024-12-22,95183.8,-0.021279483575364577
BTC-USD,2024-12-23,94852.1,-0.0034848367054056695
BTC-USD,2024-12-24,98668.1,0.04023105445214181
BTC-USD,2024-12-25,99391.3,0.007329623252094519
BTC-USD,2024-12-26,95777.7,-0.03635730692726635
BTC-USD,2024-12-27,94275.9,-0.01568005913693904
BTC-USD,2024-12-28,95284.5,0.010698386332031795
BTC-USD,2024-12-29,93716.3,-0.016458080800130115
BTC-USD,2024-12-30,92779.8,-0.00999292545693764
BTC-USD,2024-12-31,93557.2,0.008378979045007506
BTC-USD,2025-01-01,94560.2,0.010720714172719914
BTC-USD,2025-01-02,96960.0,0.025378541923557707
BTC-USD,2025-01-03,98167.5,0.012453589108910812
BTC-USD,2025-01-04,98219.9,0.0005337815468458018
BTC-USD,2025-01-05,98347.7,0.0013011619844858213
BTC-USD,2025-01-06,102248.7,0.03966539125978552
BTC-USD,2025-01-07,96929.8,-0.052019243276442584
BTC-USD,2025-01-08,95066.6,-0.019222158716927118
BTC-USD,2025-01-09,92539.8,-0.026579261275779364
BTC-USD,2025-01-10,94724.1,0.023603897998482948
BTC-USD,2025-01-11,94612.0,-0.0011834369500476338
BTC-USD,2025-01-12,94541.8,-0.0007419777618060674
BTC-USD,2025-01-13,94536.1,-6.029079200942089e-05
BTC-USD,2025-01-14,96542.1,0.021219407189422945
BTC-USD,2025-01-15,100499.8,0.04099455056395085
BTC-USD,2025-01-16,100004.5,-0.004928368016652751
BTC-USD,2025-01-17,104084.9,0.04080216390262437
BTC-USD,2025-01-18,104536.9,0.004342608774183354
BTC-USD,2025-01-19,101319.5,-0.030777648849353634
BTC-USD,2025-01-20,102197.7,0.008667630614047628
BTC-USD,2025-01-21,106157.2,0.038743533367189276
BTC-USD,2025-01-22,103684.8,-0.0232899888090492
BTC-USD,2025-01-23,103912.1,0.0021922210391494
BTC-USD,2025-01-24,104862.3,0.009144267125772654
BTC-USD,2025-01-25,104742.9,-0.001138636097053114
BTC-USD,2025-01-26,102637.8,-0.02009778228404968
BTC-USD,2025-01-27,102091.7,-0.005320651845616364
BTC-USD,2025-01-28,101349.3,-0.0072718937974388664
BTC-USD,2025-01-29,103722.0,0.023411113840944076
BTC-USD,2025-01-30,104726.9,0.009688397832668061
BTC-USD,2025-01-31,102424.2,-0.02198766506026628
BTC-USD,2025-02-01,100648.0,-0.017341604816049294
BTC-USD,2025-02-02,97684.9,-0.029440227326921642
BTC-USD,2025-02-03,101337.1,0.03738755938737737
BTC-USD,2025-02-04,97793.4,-0.03496942383391677
BTC-USD,2025-02-05,96595.3,-0.01225133802485634
BTC-USD,2025-02-06,96568.8,-0.0002743404699814267
BTC-USD,2025-02-07,96513.5,-0.0005726487229830157
BTC-USD,2025-02-08,96447.9,-0.0006796976588767656
BTC-USD,2025-02-09,96469.2,0.000220844621811489
BTC-USD,2025-02-10,97434.7,0.010008375730284902
BTC-USD,2025-02-11,95771.7,-0.01706784133373429
BTC-USD,2025-02-12,97881.3,0.022027383872271322
BTC-USD,2025-02-13,96610.2,-0.012986137290779798
BTC-USD,2025-02-14,97504.6,0.009257821637880914
BTC-USD,2025-02-15,97573.4,0.0007056077354297141
BTC-USD,2025-02-16,96132.1,-0.014771443856624766
BTC-USD,2025-02-17,95781.3,-0.0036491452906989297
BTC-USD,2025-02-18,95638.0,-0.0014961166741316312
BTC-USD,2025-02-19,96644.8,0.010527196302724917
BTC-USD,2025-02-20,98310.3,0.017233208615466067
BTC-USD,2025-02-21,96155.6,-0.02191733724747047
BTC-USD,2025-02-22,96556.1,0.004165124028137734
BTC-USD,2025-02-23,96258.8,-0.0030790390249814115
BTC-USD,2025-02-24,91508.5,-0.04934925430194437
BTC-USD,2025-02-25,88686.0,-0.030844129233896345
BTC-USD,2025-02-26,84212.7,-0.05043975373790677
BTC-USD,2025-02-27,84714.6,0.005959908659857849
BTC-USD,2025-02-28,84381.2,-0.00393556718676602
BTC-USD,2025-03-01,86071.6,0.020032898323323334
BTC-USD,2025-03-02,94265.1,0.09519400127335853
BTC-USD,2025-03-03,86209.7,-0.08545474412057064
BTC-USD,2025-03-04,87266.3,0.012256161429630374
BTC-USD,2025-03-05,90611.7,0.03833553158550318
BTC-USD,2025-03-06,89930.9,-0.0075133785151365595
BTC-USD,2025-03-07,86531.2,-0.037803469107948406
BTC-USD,2025-03-08,86221.9,-0.003574433268000443
BTC-USD,2025-03-09,80691.6,-0.06414031701922585
BTC-USD,2025-03-10,78575.9,-0.026219581716064755
BTC-USD,2025-03-11,82921.1,0.05529939841605391
BTC-USD,2025-03-12,83664.3,0.008962736866732213
BTC-USD,2025-03-13,81100.2,-0.030647480466579058
BTC-USD,2025-03-14,83977.1,0.03547340203846616
BTC-USD,2025-03-15,84341.3,0.0043368966063366265
BTC-USD,2025-03-16,82578.4,-0.020901978034486124
BTC-USD,2025-03-17,84019.1,0.017446450887883547
BTC-USD,2025-03-18,82719.1,-0.015472672285230415
BTC-USD,2025-03-19,86841.0,0.04983008760975394
BTC-USD,2025-03-20,84208.1,-0.030318628297693384
BTC-USD,2025-03-21,84073.3,-0.001600796122938286
BTC-USD,2025-03-22,83840.5,-0.0027690122785711813
BTC-USD,2025-03-23,86077.4,0.026680422945950966
BTC-USD,2025-03-24,87490.0,0.016410811664850478
BTC-USD,2025-03-25,87404.0,-0.0009829694822265367
BTC-USD,2025-03-26,86912.0,-0.005629032996201544
BTC-USD,2025-03-27,87228.2,0.0036381627393224925
BTC-USD,2025-03-28,84410.4,-0.032303773321013196
BTC-USD,2025-03-29,82645.7,-0.020906191654108897
BTC-USD,2025-03-30,82371.6,-0.003316566984126079
BTC-USD,2025-03-31,82548.8,0.002151226879167023
BTC-USD,2025-04-01,85164.2,0.031683077161630324
BTC-USD,2025-04-02,82525.0,-0.030989547251074945
BTC-USD,2025-04-03,83159.4,0.007687367464404682
BTC-USD,2025-04-04,83866.7,0.008505352371469765
BTC-USD,2025-04-05,83552.1,-0.0037511908779049863
BTC-USD,2025-04-06,78391.3,-0.06176744809526036
BTC-USD,2025-04-07,79162.5,0.009837826391448923
BTC-USD,2025-04-08,76312.5,-0.03600189483657035
BTC-USD,2025-04-09,82607.0,0.0824832104832105
BTC-USD,2025-04-10,79607.5,-0.036310482162528634
BTC-USD,2025-04-11,83413.1,0.04780454102942566
BTC-USD,2025-04-12,85292.7,0.022533630808589944
BTC-USD,2025-04-13,83734.4,-0.01827002779839315
BTC-USD,2025-04-14,84586.4,0.010175029617457199
BTC-USD,2025-04-15,83647.0,-0.011105804242762307
BTC-USD,2025-04-16,84032.2,0.004605066529582702
BTC-USD,2025-04-17,84940.0,0.010803001706488846
BTC-USD,2025-04-18,84474.6,-0.00547916176124319
BTC-USD,2025-04-19,85068.1,0.0070257805304789755
BTC-USD,2025-04-20,85179.0,0.0013036614194978924
BTC-USD,2025-04-21,87516.0,0.02743633994294359
BTC-USD,2025-04-22,93441.9,0.06771218977101334
BTC-USD,2025-04-23,93697.7,0.002737529951766904
BTC-USD,2025-04-24,93980.3,0.003016082571930756
BTC-USD,2025-04-25,94676.9,0.007412191704005977
BTC-USD,2025-04-26,94631.4,-0.00048058185259547415
BTC-USD,2025-04-27,93742.5,-0.00939328806294737
BTC-USD,2025-04-28,94995.0,0.013361068885510807
BTC-USD,2025-04-29,94269.8,-0.00763408600452653
BTC-USD,2025-04-30,94184.4,-0.0009059104824663544
BTC-USD,2025-05-01,96499.3,0.024578380283783785
BTC-USD,2025-05-02,96894.4,0.004094330217939257
BTC-USD,2025-05-03,95885.8,-0.010409270298386564
BTC-USD,2025-05-04,94316.9,-0.016362172501037775
BTC-USD,2025-05-05,94745.2,0.004541073763026704
BTC-USD,2025-05-06,96825.4,0.021955729683403424
BTC-USD,2025-05-07,97035.1,0.002165754027352529
BTC-USD,2025-05-08,103274.3,0.06429838275015953
BTC-USD,2025-05-09,102975.1,-0.002897138978429248
BTC-USD,2025-05-10,104798.0,0.017702337749611274
BTC-USD,2025-05-11,104119.2,-0.006477222847764308
BTC-USD,2025-05-12,102795.0,-0.012718115390821239
BTC-USD,2025-05-13,104119.2,0.012881949511162949
BTC-USD,2025-05-14,103513.9,-0.005813529108944393
BTC-USD,2025-05-15,103765.4,0.002429625393304713
BTC-USD,2025-05-16,103480.5,-0.0027456165542656397
BTC-USD,2025-05-17,103112.6,-0.003555259203424699
BTC-USD,2025-05-18,106504.5,0.03289510690255115
BTC-USD,2025-05-19,105585.8,-0.008625926604040157
BTC-USD,2025-05-20,106815.8,0.011649293749727674
BTC-USD,2025-05-21,109640.1,0.026440844893732995
BTC-USD,2025-05-22,111702.7,0.01881246003971171
BTC-USD,2025-05-23,107313.4,-0.03929448437683247
BTC-USD,2025-05-24,107763.0,0.004189597943966117
BTC-USD,2025-05-25,109021.1,0.011674693540454584
BTC-USD,2025-05-26,109455.3,0.003982715272548232
BTC-USD,2025-05-27,108944.0,-0.004671313312375025
BTC-USD,2025-05-28,107786.7,-0.01062288882361584
BTC-USD,2025-05-29,105600.0,-0.020287289619220106
BTC-USD,2025-05-30,103981.3,-0.015328598484848466
BTC-USD,2025-05-31,104598.0,0.005930874109094653
BTC-USD,2025-06-01,105635.2,0.009916059580489023
BTC-USD,2025-06-02,105845.6,0.00199176032231696
BTC-USD,2025-06-03,105388.3,-0.004320444118602995
BTC-USD,2025-06-04,104695.6,-0.006572835884059214
BTC-USD,2025-06-05,101521.9,-0.030313594840661984
BTC-USD,2025-06-06,104308.3,0.02744629483884764
BTC-USD,2025-06-07,105564.2,0.012040269086927902
BTC-USD,2025-06-08,105739.6,0.0016615481384787412
BTC-USD,2025-06-09,110268.3,0.04282879829316544
BTC-USD,2025-06-10,110269.2,8.161910539872252e-06
BTC-USD,2025-06-11,108661.2,-0.014582494477152319
BTC-USD,2025-06-12,105703.0,-0.027224068940891466
BTC-USD,2025-06-13,106080.3,0.003569435115370556
BTC-USD,2025-06-14,105421.5,-0.0062103896764997835
BTC-USD,2025-06-15,105591.8,0.0016154200044582456
BTC-USD,2025-06-16,106740.4,0.010877738612278476
BTC-USD,2025-06-17,104559.8,-0.020429003451364114
BTC-USD,2025-06-18,104894.2,0.0031981698511283074
BTC-USD,2025-06-19,104669.6,-0.0021412051381295427
BTC-USD,2025-06-20,103280.5,-0.01327128411687828
BTC-USD,2025-06-21,102113.2,-0.011302230333896546
BTC-USD,2025-06-22,100990.4,-0.010995640132715478
BTC-USD,2025-06-23,105376.9,0.04343482152759082
BTC-USD,2025-06-24,106078.6,0.006658954666535211
BTC-USD,2025-06-25,107349.4,0.011979796113447794
BTC-USD,2025-06-26,106945.9,-0.003758754124382646
BTC-USD,2025-06-27,107044.2,0.0009191563210932951
BTC-USD,2025-06-28,107304.4,0.0024307715878113534
BTC-USD,2025-06-29,108361.1,0.009847685649423621
BTC-USD,2025-06-30,107171.1,-0.010981800664629615
BTC-USD,2025-07-01,105694.3,-0.01377983430234464
BTC-USD,2025-07-02,108843.7,0.029797254913462634
BTC-USD,2025-07-03,109600.5,0.00695308961382235
BTC-USD,2025-07-04,107989.6,-0.014697925648149313
BTC-USD,2025-07-05,108204.7,0.0019918584752605106
BTC-USD,2025-07-06,109207.0,0.009262998742198825
BTC-USD,2025-07-07,108269.6,-0.008583698847143495
BTC-USD,2025-07-08,108913.1,0.005943496604771781
BTC-USD,2025-07-09,111246.0,0.021419829203282115
BTC-USD,2025-07-10,115993.6,0.04267659061898854
BTC-USD,2025-07-11,117535.6,0.013293836901346223
BTC-USD,2025-07-12,117419.5,-0.0009877858282937302
BTC-USD,2025-07-13,119090.6,0.014231878010041
BTC-USD,2025-07-14,119849.5,0.006372459287298904
BTC-USD,2025-07-15,117762.3,-0.017415174865143324
BTC-USD,2025-07-16,118683.2,0.007819989928865123
BTC-USD,2025-07-17,119194.9,0.004311477951386422
BTC-USD,2025-07-18,117940.3,-0.010525618126278835
BTC-USD,2025-07-19,117848.4,-0.0007792077856340063
BTC-USD,2025-07-20,117297.2,-0.004677195447710725
BTC-USD,2025-07-21,117388.1,0.0007749545598703111
BTC-USD,2025-07-22,119965.5,0.02195622895336058
BTC-USD,2025-07-23,118763.0,-0.010023715151439405
BTC-USD,2025-07-24,118310.9,-0.0038067411567576093
BTC-USD,2025-07-25,117631.9,-0.005739116176108894
BTC-USD,2025-07-26,117917.6,0.0024287629461057225
BTC-USD,2025-07-27,119398.1,0.012555377653547861
BTC-USD,2025-07-28,118053.9,-0.011258135598472774
BTC-USD,2025-07-29,117950.1,-0.0008792593891433498
BTC-USD,2025-07-30,117840.4,-0.0009300543195810418
BTC-USD,2025-07-31,115765.0,-0.017611956510670268
BTC-USD,2025-08-01,113312.1,-0.02118861486632395
BTC-USD,2025-08-02,112547.7,-0.006745969759628601
BTC-USD,2025-08-03,114213.1,0.014797281508196258
BTC-USD,2025-08-04,115055.3,0.007373935214086691
BTC-USD,2025-08-05,114139.1,-0.00796312729617843
BTC-USD,2025-08-06,115002.1,0.007560949753414814
BTC-USD,2025-08-07,117480.5,0.021550910809454704
BTC-USD,2025-08-08,116676.3,-0.006845391362821918
BTC-USD,2025-08-09,116471.6,-0.0017544265630637934
BTC-USD,2025-08-10,119287.0,0.024172416280020093
BTC-USD,2025-08-11,118689.6,-0.005008089733164467
BTC-USD,2025-08-12,120146.2,0.01227234736657623
BTC-USD,2025-08-13,123323.4,0.02644444851356087
BTC-USD,2025-08-14,118314.2,-0.04061840656355564
BTC-USD,2025-08-15,117356.3,-0.008096238659433874
BTC-USD,2025-08-16,117413.4,0.00048655249015161495
BTC-USD,2025-08-17,117405.4,-6.813532356608754e-05
BTC-USD,2025-08-18,116203.8,-0.010234622938978921
BTC-USD,2025-08-19,112880.3,-0.028600613749292236
BTC-USD,2025-08-20,114275.0,0.012355566028793286
BTC-USD,2025-08-21,112481.1,-0.0156980966965653
BTC-USD,2025-08-22,116928.9,0.03954264316405154
BTC-USD,2025-08-23,115433.3,-0.012790678780010722
BTC-USD,2025-08-24,113483.2,-0.01689373863521193
BTC-USD,2025-08-25,110118.4,-0.029650203730596236
BTC-USD,2025-08-26,111768.6,0.014985688132047148
BTC-USD,2025-08-27,111255.6,-0.004589840080308827
BTC-USD,2025-08-28,112568.9,0.01180434962374921
BTC-USD,2025-08-29,108355.6,-0.03742863259745799
BTC-USD,2025-08-30,108818.1,0.004268353458427576
BTC-USD,2025-08-31,108226.8,-0.005433838672059155
BTC-USD,2025-09-01,109243.3,0.00939231317936029
BTC-USD,2025-09-02,111218.3,0.018078911933271824
BTC-USD,2025-09-03,111716.5,0.004479478646949309
BTC-USD,2025-09-04,110712.7,-0.008985243898618434
BTC-USD,2025-09-05,110652.2,-0.0005464594396126232
BTC-USD,2025-09-06,110194.4,-0.004137287826179725
BTC-USD,2025-09-07,111150.1,0.008672854518922968
BTC-USD,2025-09-08,112068.4,0.008261800934052044
BTC-USD,2025-09-09,111516.5,-0.004924671004493675
BTC-USD,2025-09-10,113963.5,0.02194294117910811
BTC-USD,2025-09-11,115490.2,0.01339639445962959
BTC-USD,2025-09-12,116042.8,0.004784821569276065
BTC-USD,2025-09-13,115924.9,-0.0010160044397412582
BTC-USD,2025-09-14,115314.6,-0.005264615281100005
BTC-USD,2025-09-15,115362.1,0.00041191661767037147
BTC-USD,2025-09-16,116795.9,0.012428691918749735
BTC-USD,2025-09-17,116425.9,-0.003167919421829035
BTC-USD,2025-09-18,117086.0,0.005669700642211062
BTC-USD,2025-09-19,115649.0,-0.012273030080453662
BTC-USD,2025-09-20,115699.2,0.00043407206287993105
BTC-USD,2025-09-21,115243.0,-0.003942983183980453
BTC-USD,2025-09-22,112673.0,-0.0223007037303784
BTC-USD,2025-09-23,112002.6,-0.005949961392702763
BTC-USD,2025-09-24,113307.1,0.011647051050600599
BTC-USD,2025-09-25,109016.3,-0.03786876550542728
BTC-USD,2025-09-26,109662.2,0.005924802070882862
BTC-USD,2025-09-27,109652.8,-8.57177769549855e-05
BTC-USD,2025-09-28,112174.6,0.02299804473757172
BTC-USD,2025-09-29,114357.5,0.019459842067633737
BTC-USD,2025-09-30,114048.5,-0.0027020527731018706
BTC-USD,2025-10-01,118576.2,0.0396997768493228
BTC-USD,2025-10-02,120566.1,0.01678161384831034
BTC-USD,2025-10-03,122224.2,0.013752622005688053
BTC-USD,2025-10-04,122387.1,0.0013327966147458348
BTC-USD,2025-10-05,123475.5,0.008893094125116185
BTC-USD,2025-10-06,124725.1,0.010120226279707323
BTC-USD,2025-10-07,121356.6,-0.027007394662341366
BTC-USD,2025-10-08,123311.1,0.016105428134934652
BTC-USD,2025-10-09,121666.3,-0.013338620772987975
BTC-USD,2025-10-10,112878.6,-0.07222788890596654
BTC-USD,2025-10-11,110671.5,-0.01955286475913065
BTC-USD,2025-10-12,114986.0,0.03898474313621847
BTC-USD,2025-10-13,115174.8,0.0016419390186632743
BTC-USD,2025-10-14,113030.8,-0.01861518318243227
BTC-USD,2025-10-15,110767.4,-0.020024630454708037
BTC-USD,2025-10-16,108204.8,-0.023134965702905297
BTC-USD,2025-10-17,106443.5,-0.016277466434021393
BTC-USD,2025-10-18,107193.5,0.007045991535415519
BTC-USD,2025-10-19,108658.2,0.013664074780653568
BTC-USD,2025-10-20,110544.0,0.01735533995593519
BTC-USD,2025-10-21,108340.9,-0.019929620784484015
BTC-USD,2025-10-22,107587.5,-0.0069539758299957954
BTC-USD,2025-10-23,110078.9,0.023156965260834106
BTC-USD,2025-10-24,111013.1,0.0084866400372825
BTC-USD,2025-10-25,111646.1,0.0057020297604517545
BTC-USD,2025-10-26,114550.9,0.02601792628672195
BTC-USD,2025-10-27,114108.0,-0.0038664034939925873
BTC-USD,2025-10-28,112905.8,-0.010535632909173698
BTC-USD,2025-10-29,110024.6,-0.025518618175505603
BTC-USD,2025-10-30,108320.1,-0.015491989973151488
BTC-USD,2025-10-31,109602.8,0.011841754208129496
BTC-USD,2025-11-01,110103.6,0.00456922633363388
BTC-USD,2025-11-02,110586.6,0.004386777544058473
BTC-USD,2025-11-03,106578.1,-0.03624761046998459
BTC-USD,2025-11-04,101504.3,-0.047606403191650104
BTC-USD,2025-11-05,103896.7,0.023569444841252896
BTC-USD,2025-11-06,101325.7,-0.02474573302135674
BTC-USD,2025-11-07,103325.4,0.019735368223461558
BTC-USD,2025-11-08,102311.1,-0.009816560110098682
BTC-USD,2025-11-09,104722.4,0.02356831272462112
BTC-USD,2025-11-10,106006.9,0.012265761670855468
BTC-USD,2025-11-11,103046.7,-0.02792459736111519
BTC-USD,2025-11-12,101658.3,-0.013473502790482317
BTC-USD,2025-11-13,99728.7,-0.018981234193371388
BTC-USD,2025-11-14,94554.3,-0.05188476336300374
BTC-USD,2025-11-15,95587.6,0.010928112206425311
BTC-USD,2025-11-16,94259.8,-0.013890923090442708
BTC-USD,2025-11-17,92195.0,-0.021905414609409313
BTC-USD,2025-11-18,92962.3,0.008322577146266052
BTC-USD,2025-11-19,91544.1,-0.015255646643854481
BTC-USD,2025-11-20,86613.9,-0.05385601038188159
BTC-USD,2025-11-21,85131.0,-0.017120808553823252
BTC-USD,2025-11-22,84721.6,-0.004809058979690084
BTC-USD,2025-11-23,86826.6,0.02484608411550293
BTC-USD,2025-11-24,88296.5,0.016929143833801952
BTC-USD,2025-11-25,87366.8,-0.010529296178217629
BTC-USD,2025-11-26,90496.5,0.0358225321289094
BTC-USD,2025-11-27,91324.6,0.009150630134867166
BTC-USD,2025-11-28,90894.7,-0.004707384428730088
BTC-USD,2025-11-29,90800.5,-0.0010363640564301502
BTC-USD,2025-11-30,90374.2,-0.004694908067686909
BTC-USD,2025-12-01,86309.1,-0.044980757782641434
ETH-USD,2021-01-01,729.12,
ETH-USD,2021-01-02,774.5,0.062239411893789676
ETH-USD,2021-01-03,974.97,0.258837959974177
ETH-USD,2021-01-04,1042.4,0.06916110239289419
ETH-USD,2021-01-05,1099.52,0.05479662317728318
ETH-USD,2021-01-06,1207.77,0.09845205180442385
ETH-USD,2021-01-07,1224.35,0.013727779295726883
ETH-USD,2021-01-08,1215.73,-0.007040470453710035
ETH-USD,2021-01-09,1275.58,0.04922968093244373
ETH-USD,2021-01-10,1256.04,-0.015318521770488647
ETH-USD,2021-01-11,1091.47,-0.13102289735995665
ETH-USD,2021-01-12,1050.19,-0.03782055393185335
ETH-USD,2021-01-13,1128.46,0.07452937087574618
ETH-USD,2021-01-14,1226.17,0.08658703011183388
ETH-USD,2021-01-15,1171.68,-0.04443918869324803
ETH-USD,2021-01-16,1228.27,0.048298170148846076
ETH-USD,2021-01-17,1232.64,0.0035578496584627306
ETH-USD,2021-01-18,1258.06,0.0206224039460019
ETH-USD,2021-01-19,1372.0,0.09056801742365228
ETH-USD,2021-01-20,1377.53,0.004030612244897869
ETH-USD,2021-01-21,1117.33,-0.18888880822922194
ETH-USD,2021-01-22,1234.58,0.10493766389517867
ETH-USD,2021-01-23,1233.4,-0.0009557906332516852
ETH-USD,2021-01-24,1390.28,0.12719312469596233
ETH-USD,2021-01-25,1317.9,-0.05206145524642514
ETH-USD,2021-01-26,1366.27,0.03670232946354046
ETH-USD,2021-01-27,1247.62,-0.08684227861257299
ETH-USD,2021-01-28,1328.47,0.06480338564627064
ETH-USD,2021-01-29,1379.3,0.03826206086701234
ETH-USD,2021-01-30,1376.96,-0.0016965127238454114
ETH-USD,2021-01-31,1312.73,-0.04664623518475486
ETH-USD,2021-02-01,1373.4,0.04621666298477223
ETH-USD,2021-02-02,1511.36,0.10045143439638848
ETH-USD,2021-02-03,1664.34,0.10122009316112646
ETH-USD,2021-02-04,1594.0,-0.042262999146808866
ETH-USD,2021-02-05,1719.2,0.07854454203262229
ETH-USD,2021-02-06,1676.63,-0.024761516984644016
ETH-USD,2021-02-07,1612.99,-0.037957092501028855
ETH-USD,2021-02-08,1750.18,0.0850532241365416
ETH-USD,2021-02-09,1770.63,0.011684512450148121
ETH-USD,2021-02-10,1742.09,-0.016118556671919193
ETH-USD,2021-02-11,1786.35,0.02540626488872566
ETH-USD,2021-02-12,1841.02,0.030604304867467125
ETH-USD,2021-02-13,1815.49,-0.013867312685359234
ETH-USD,2021-02-14,1801.78,-0.007551680262628868
ETH-USD,2021-02-15,1778.82,-0.012742954189745692
ETH-USD,2021-02-16,1781.69,0.0016134291271743262
ETH-USD,2021-02-17,1847.95,0.03718941005449872
ETH-USD,2021-02-18,1934.16,0.04665169512162137
ETH-USD,2021-02-19,1955.59,0.011079745212391856
ETH-USD,2021-02-20,1913.88,-0.02132860159849448
ETH-USD,2021-02-21,1933.45,0.010225301481806559
ETH-USD,2021-02-22,1777.28,-0.08077271199151781
ETH-USD,2021-02-23,1578.11,-0.11206450306085713
ETH-USD,2021-02-24,1623.71,0.028895324153576096
ETH-USD,2021-02-25,1476.15,-0.09087829723288021
ETH-USD,2021-02-26,1445.44,-0.020804118822612905
ETH-USD,2021-02-27,1458.93,0.009332798317467361
ETH-USD,2021-02-28,1418.76,-0.027533877567806564
ETH-USD,2021-03-01,1570.03,0.10662127491612394
ETH-USD,2021-03-02,1488.62,-0.05185251237237509
ETH-USD,2021-03-03,1571.05,0.05537343311254728
ETH-USD,2021-03-04,1538.61,-0.020648610801693223
ETH-USD,2021-03-05,1530.29,-0.00540747817835574
ETH-USD,2021-03-06,1649.19,0.07769769128727244
ETH-USD,2021-03-07,1728.1,0.04784773131052211
ETH-USD,2021-03-08,1831.49,0.059828713616110196
ETH-USD,2021-03-09,1869.1,0.020535192657344492
ETH-USD,2021-03-10,1794.14,-0.04010486330319396
ETH-USD,2021-03-11,1825.79,0.01764076381999158
ETH-USD,2021-03-12,1766.9,-0.03225453091538455
ETH-USD,2021-03-13,1921.13,0.08728847133397477
ETH-USD,2021-03-14,1849.06,-0.03751437955786452
ETH-USD,2021-03-15,1792.38,-0.030653413085567682
ETH-USD,2021-03-16,1804.85,0.006957230051662933
ETH-USD,2021-03-17,1823.35,0.010250159293015981
ETH-USD,2021-03-18,1776.08,-0.025924808731181637
ETH-USD,2021-03-19,1809.64,0.0188955452457098
ETH-USD,2021-03-20,1804.6,-0.002785084326164422
ETH-USD,2021-03-21,1783.72,-0.011570431120469848
ETH-USD,2021-03-22,1682.37,-0.056819455968425636
ETH-USD,2021-03-23,1667.9,-0.00860096173849978
ETH-USD,2021-03-24,1582.38,-0.05127405719767375
ETH-USD,2021-03-25,1586.54,0.0026289513264827757
ETH-USD,2021-03-26,1698.6,0.07063168908442274
ETH-USD,2021-03-27,1713.01,0.0084834569645591
ETH-USD,2021-03-28,1686.8,-0.015300552828062863
ETH-USD,2021-03-29,1816.69,0.07700379416646919
ETH-USD,2021-03-30,1841.01,0.013386984020388626
ETH-USD,2021-03-31,1917.99,0.04181400426939552
ETH-USD,2021-04-01,1967.96,0.026053316232097057
ETH-USD,2021-04-02,2134.55,0.08465111079493504
ETH-USD,2021-04-03,2008.59,-0.059010095804736484
ETH-USD,2021-04-04,2075.94,0.03353098442190805
ETH-USD,2021-04-05,2106.41,0.01467768817981252
ETH-USD,2021-04-06,2111.53,0.0024306758893095637
ETH-USD,2021-04-07,1961.46,-0.07107168735466707
ETH-USD,2021-04-08,2079.92,0.06039378830055164
ETH-USD,2021-04-09,2066.93,-0.006245432516635341
ETH-USD,2021-04-10,2133.79,0.03234749120676561
ETH-USD,2021-04-11,2151.42,0.008262293852722147
ETH-USD,2021-04-12,2137.81,-0.006326054419871552
ETH-USD,2021-04-13,2299.93,0.07583461579841044
ETH-USD,2021-04-14,2431.56,0.05723217663146274
ETH-USD,2021-04-15,2514.22,0.033994637187648946
ETH-USD,2021-04-16,2423.18,-0.036210037307793264
ETH-USD,2021-04-17,2318.33,-0.043269587896895834
ETH-USD,2021-04-18,2237.17,-0.0350079583148214
ETH-USD,2021-04-19,2160.63,-0.03421286714912142
ETH-USD,2021-04-20,2332.14,0.0793796253870398
ETH-USD,2021-04-21,2360.81,0.012293430068520683
ETH-USD,2021-04-22,2401.1,0.017066176439442415
ETH-USD,2021-04-23,2367.31,-0.014072716671525543
ETH-USD,2021-04-24,2215.93,-0.06394599777806886
ETH-USD,2021-04-25,2316.48,0.045375982093297296
ETH-USD,2021-04-26,2533.12,0.09352120458626878
ETH-USD,2021-04-27,2665.24,0.05215702374936826
ETH-USD,2021-04-28,2746.54,0.030503819543455712
ETH-USD,2021-04-29,2757.36,0.003939502064415734
ETH-USD,2021-04-30,2772.78,0.005592305683697507
ETH-USD,2021-05-01,2944.66,0.06198832940226051
ETH-USD,2021-05-02,2950.33,0.0019255194148051213
ETH-USD,2021-05-03,3429.37,0.16236827744692972
ETH-USD,2021-05-04,3286.71,-0.04159947745504278
ETH-USD,2021-05-05,3522.76,0.0718195399046464
ETH-USD,2021-05-06,3489.52,-0.009435783306271261
ETH-USD,2021-05-07,3481.22,-0.002378550631605525
ETH-USD,2021-05-08,3905.55,0.12189117608194833
ETH-USD,2021-05-09,3922.23,0.0042708453354840525
ETH-USD,2021-05-10,3947.9,0.006544746228548615
ETH-USD,2021-05-11,4167.78,0.05569543301502056
ETH-USD,2021-05-12,3811.77,-0.08541957588932236
ETH-USD,2021-05-13,3719.62,-0.024175120744431067
ETH-USD,2021-05-14,4075.38,0.09564417870642705
ETH-USD,2021-05-15,3641.65,-0.10642688534566103
ETH-USD,2021-05-16,3582.12,-0.016346985569728023
ETH-USD,2021-05-17,3279.68,-0.08443044900785013
ETH-USD,2021-05-18,3377.55,0.029841325983022804
ETH-USD,2021-05-19,2435.69,-0.278858936211159
ETH-USD,2021-05-20,2777.55,0.14035447860770467
ETH-USD,2021-05-21,2433.11,-0.12400856870263366
ETH-USD,2021-05-22,2291.6,-0.05816013250531227
ETH-USD,2021-05-23,2101.34,-0.08302496072613008
ETH-USD,2021-05-24,2646.79,0.259572463285332
ETH-USD,2021-05-25,2705.09,0.02202668137630881
ETH-USD,2021-05-26,2884.66,0.0663822645457266
ETH-USD,2021-05-27,2735.88,-0.051576268953706816
ETH-USD,2021-05-28,2414.29,-0.11754536017661599
ETH-USD,2021-05-29,2276.07,-0.05725078594535027
ETH-USD,2021-05-30,2386.1,0.04834209844161186
ETH-USD,2021-05-31,2708.47,0.13510330665102055
ETH-USD,2021-06-01,2633.67,-0.027617067938725426
ETH-USD,2021-06-02,2706.1,0.027501547270538662
ETH-USD,2021-06-03,2853.35,0.054414101474446586
ETH-USD,2021-06-04,2686.5,-0.05847512572940572
ETH-USD,2021-06-05,2628.98,-0.021410757491159504
ETH-USD,2021-06-06,2713.66,0.032210210804190176
ETH-USD,2021-06-07,2592.63,-0.044600281538586195
ETH-USD,2021-06-08,2510.65,-0.03162040090564411
ETH-USD,2021-06-09,2606.23,0.038069822555911736
ETH-USD,2021-06-10,2469.97,-0.05228241559647473
ETH-USD,2021-06-11,2351.45,-0.047984388474353934
ETH-USD,2021-06-12,2368.47,0.007238087137723559
ETH-USD,2021-06-13,2508.27,0.05902544680743271
ETH-USD,2021-06-14,2581.48,0.029187447922273124
ETH-USD,2021-06-15,2543.83,-0.014584656863504741
ETH-USD,2021-06-16,2367.28,-0.06940322269962995
ETH-USD,2021-06-17,2371.62,0.001833327700990095
ETH-USD,2021-06-18,2229.53,-0.05991263355849574
ETH-USD,2021-06-19,2166.91,-0.02808663709391679
ETH-USD,2021-06-20,2243.86,0.035511396412402974
ETH-USD,2021-06-21,1891.18,-0.15717558136425624
ETH-USD,2021-06-22,1876.66,-0.007677746169058475
ETH-USD,2021-06-23,1968.39,0.04887939211151737
ETH-USD,2021-06-24,1989.14,0.010541610148395497
ETH-USD,2021-06-25,1810.57,-0.08977246448213805
ETH-USD,2021-06-26,1830.62,0.011073860717895512
ETH-USD,2021-06-27,1979.88,0.0815352175765589
ETH-USD,2021-06-28,2083.09,0.0521294219851709
ETH-USD,2021-06-29,2158.71,0.03630184005491843
ETH-USD,2021-06-30,2273.84,0.05333277744578946
ETH-USD,2021-07-01,2109.11,-0.07244573057031278
ETH-USD,2021-07-02,2154.78,0.021653683307176985
ETH-USD,2021-07-03,2224.7,0.03244878827536901
ETH-USD,2021-07-04,2323.22,0.04428462264575006
ETH-USD,2021-07-05,2196.16,-0.05469133358011724
ETH-USD,2021-07-06,2322.72,0.05762785953664573
ETH-USD,2021-07-07,2316.57,-0.0026477578011984138
ETH-USD,2021-07-08,2120.22,-0.08475893238710697
ETH-USD,2021-07-09,2145.89,0.01210723415494619
ETH-USD,2021-07-10,2111.12,-0.01620306725880638
ETH-USD,2021-07-11,2139.35,0.013372048959793936
ETH-USD,2021-07-12,2035.09,-0.04873442868160893
ETH-USD,2021-07-13,1940.72,-0.04637141354927787
ETH-USD,2021-07-14,1994.64,0.02778350302980348
ETH-USD,2021-07-15,1917.21,-0.0388190350138371
ETH-USD,2021-07-16,1878.2,-0.02034727546799775
ETH-USD,2021-07-17,1897.98,0.01053135981258646
ETH-USD,2021-07-18,1892.42,-0.0029294302363565006
ETH-USD,2021-07-19,1818.07,-0.039288318660762434
ETH-USD,2021-07-20,1786.07,-0.01760108246657166
ETH-USD,2021-07-21,1994.49,0.11669195496257156
ETH-USD,2021-07-22,2024.58,0.015086563482394011
ETH-USD,2021-07-23,2123.61,0.04891384879826943
ETH-USD,2021-07-24,2151.85,0.013298110293321175
ETH-USD,2021-07-25,2189.79,0.017631340474475454
ETH-USD,2021-07-26,2229.53,0.018147858927111793
ETH-USD,2021-07-27,2300.22,0.0317062340493286
ETH-USD,2021-07-28,2299.11,-0.0004825625374962339
ETH-USD,2021-07-29,2380.93,0.03558768392986833
ETH-USD,2021-07-30,2460.95,0.0336087159219296
ETH-USD,2021-07-31,2532.19,0.028948170421991604
ETH-USD,2021-08-01,2556.23,0.009493758367263183
ETH-USD,2021-08-02,2608.04,0.020268129237196897
ETH-USD,2021-08-03,2506.65,-0.03887593748562135
ETH-USD,2021-08-04,2725.29,0.0872239842020226
ETH-USD,2021-08-05,2827.21,0.03739785490718428
ETH-USD,2021-08-06,2889.43,0.02200756222565703
ETH-USD,2021-08-07,3158.0,0.09294912837480074
ETH-USD,2021-08-08,3012.07,-0.0462096263457884
ETH-USD,2021-08-09,3162.93,0.05008515738346042
ETH-USD,2021-08-10,3140.71,-0.0070251317607408215
ETH-USD,2021-08-11,3163.66,0.007307264917805201
ETH-USD,2021-08-12,3043.61,-0.037946555571711116
ETH-USD,2021-08-13,3322.43,0.09160832038270339
ETH-USD,2021-08-14,3264.69,-0.017378846205939547
ETH-USD,2021-08-15,3308.87,0.013532678447264468
ETH-USD,2021-08-16,3147.65,-0.04872358237102081
ETH-USD,2021-08-17,3014.58,-0.04227598367035734
ETH-USD,2021-08-18,3016.91,0.0007729103224993761
ETH-USD,2021-08-19,3184.82,0.0556562840787429
ETH-USD,2021-08-20,3284.21,0.031207415175739772
ETH-USD,2021-08-21,3223.96,-0.018345355504063354
ETH-USD,2021-08-22,3238.7,0.004572017022543617
ETH-USD,2021-08-23,3319.49,0.02494519405934481
ETH-USD,2021-08-24,3173.26,-0.04405194773895982
ETH-USD,2021-08-25,3228.15,0.017297668643603048
ETH-USD,2021-08-26,3093.54,-0.04169880581757357
ETH-USD,2021-08-27,3273.58,0.0581986979318192
ETH-USD,2021-08-28,3243.9,-0.009066526555025378
ETH-USD,2021-08-29,3222.16,-0.006701809550232807
ETH-USD,2021-08-30,3225.67,0.0010893313801922933
ETH-USD,2021-08-31,3430.74,0.06357438919666292
ETH-USD,2021-09-01,3832.73,0.1171729714289047
ETH-USD,2021-09-02,3786.19,-0.012142780733315428
ETH-USD,2021-09-03,3936.29,0.03964407491435984
ETH-USD,2021-09-04,3884.97,-0.013037657286429694
ETH-USD,2021-09-05,3950.62,0.016898457388345278
ETH-USD,2021-09-06,3927.21,-0.005925652176114071
ETH-USD,2021-09-07,3423.12,-0.12835830016729433
ETH-USD,2021-09-08,3495.1,0.021027600551543735
ETH-USD,2021-09-09,3423.51,-0.020482961860890825
ETH-USD,2021-09-10,3207.27,-0.06316324474004753
ETH-USD,2021-09-11,3267.33,0.018726206399835466
ETH-USD,2021-09-12,3408.28,0.04313919928504317
ETH-USD,2021-09-13,3284.52,-0.03631157064560431
ETH-USD,2021-09-14,3428.87,0.043948583050186896
ETH-USD,2021-09-15,3611.9,0.053379101569904996
ETH-USD,2021-09-16,3569.43,-0.011758354328746723
ETH-USD,2021-09-17,3398.65,-0.04784517415945955
ETH-USD,2021-09-18,3435.97,0.010980830623924076
ETH-USD,2021-09-19,3329.12,-0.031097477568197585
ETH-USD,2021-09-20,2976.05,-0.10605505358773482
ETH-USD,2021-09-21,2761.52,-0.07208548243477098
ETH-USD,2021-09-22,3077.78,0.11452388539644831
ETH-USD,2021-09-23,3152.92,0.02441370078433147
ETH-USD,2021-09-24,2928.57,-0.07115626149727872
ETH-USD,2021-09-25,2922.55,-0.0020556107588345363
ETH-USD,2021-09-26,3063.51,0.048231852320747226
ETH-USD,2021-09-27,2926.24,-0.04480807962108835
ETH-USD,2021-09-28,2807.28,-0.04065285144075659
ETH-USD,2021-09-29,2851.5,0.015751902197144396
ETH-USD,2021-09-30,3000.59,0.05228476240575142
ETH-USD,2021-10-01,3309.13,0.10282644413265385
ETH-USD,2021-10-02,3388.97,0.02412718750849918
ETH-USD,2021-10-03,3417.34,0.008371275048171034
ETH-USD,2021-10-04,3382.9,-0.010078013893847326
ETH-USD,2021-10-05,3517.26,0.03971740222885689
ETH-USD,2021-10-06,3575.41,0.016532755610901617
ETH-USD,2021-10-07,3586.0,0.0029618980760248714
ETH-USD,2021-10-08,3559.42,-0.007412158393753421
ETH-USD,2021-10-09,3574.2,0.00415236190165813
ETH-USD,2021-10-10,3415.03,-0.04453304235912925
ETH-USD,2021-10-11,3545.06,0.038075800212589606
ETH-USD,2021-10-12,3489.9,-0.015559680231082118
ETH-USD,2021-10-13,3607.28,0.03363420155305308
ETH-USD,2021-10-14,3790.41,0.05076678272826052
ETH-USD,2021-10-15,3866.9,0.020179875000329917
ETH-USD,2021-10-16,3827.55,-0.010176110062323773
ETH-USD,2021-10-17,3845.47,0.0046818460895350356
ETH-USD,2021-10-18,3747.6,-0.025450725138929653
ETH-USD,2021-10-19,3876.78,0.034470060838937
ETH-USD,2021-10-20,4159.89,0.07302709980963584
ETH-USD,2021-10-21,4054.16,-0.025416537456519395
ETH-USD,2021-10-22,3970.94,-0.02052706355940559
ETH-USD,2021-10-23,4168.85,0.04983958458198812
ETH-USD,2021-10-24,4082.8,-0.02064118401957382
ETH-USD,2021-10-25,4219.92,0.033584794748701796
ETH-USD,2021-10-26,4129.51,-0.02142457676922782
ETH-USD,2021-10-27,3921.93,-0.05026746514719671
ETH-USD,2021-10-28,4284.9,0.09254882162608702
ETH-USD,2021-10-29,4413.7,0.03005904455179831
ETH-USD,2021-10-30,4320.65,-0.021082085325237365
ETH-USD,2021-10-31,4287.56,-0.007658569891104139
ETH-USD,2021-11-01,4320.85,0.007764322831633752
ETH-USD,2021-11-02,4586.06,0.06137912679218216
ETH-USD,2021-11-03,4602.21,0.003521541366663161
ETH-USD,2021-11-04,4535.11,-0.014579951805762992
ETH-USD,2021-11-05,4475.0,-0.013254364282233477
ETH-USD,2021-11-06,4517.36,0.00946592178770933
ETH-USD,2021-11-07,4612.06,0.020963571643614953
ETH-USD,2021-11-08,4808.38,0.042566662185661075
ETH-USD,2021-11-09,4731.83,-0.015920122785636814
ETH-USD,2021-11-10,4634.03,-0.020668536274549232
ETH-USD,2021-11-11,4720.87,0.01873962835803833
ETH-USD,2021-11-12,4667.31,-0.01134536642610351
ETH-USD,2021-11-13,4644.61,-0.004863615230186302
ETH-USD,2021-11-14,4625.59,-0.004095069338437396
ETH-USD,2021-11-15,4562.98,-0.013535570597480673
ETH-USD,2021-11-16,4208.16,-0.07776058628352522
ETH-USD,2021-11-17,4290.88,0.01965704726056039
ETH-USD,2021-11-18,4001.87,-0.06735448206428518
ETH-USD,2021-11-19,4295.43,0.07335570620734821
ETH-USD,2021-11-20,4408.85,0.02640480696926728
ETH-USD,2021-11-21,4268.08,-0.03192896106694498
ETH-USD,2021-11-22,4086.95,-0.04243828606774014
ETH-USD,2021-11-23,4340.23,0.06197286485031617
ETH-USD,2021-11-24,4273.54,-0.015365545143920856
ETH-USD,2021-11-25,4520.3,0.05774135728225316
ETH-USD,2021-11-26,4034.53,-0.10746410636462178
ETH-USD,2021-11-27,4094.8,0.014938543027316786
ETH-USD,2021-11-28,4296.98,0.049374816840871194
ETH-USD,2021-11-29,4443.22,0.03403320471587046
ETH-USD,2021-11-30,4628.9,0.041789513010834334
ETH-USD,2021-12-01,4583.28,-0.009855473222579847
ETH-USD,2021-12-02,4512.9,-0.015355815049484245
ETH-USD,2021-12-03,4219.3,-0.06505794500210493
ETH-USD,2021-12-04,4123.46,-0.022714668309909314
ETH-USD,2021-12-05,4194.8,0.01730100449622407
ETH-USD,2021-12-06,4353.31,0.03778726041766012
ETH-USD,2021-12-07,4307.08,-0.01061950561756464
ETH-USD,2021-12-08,4435.74,0.02987174605533216
ETH-USD,2021-12-09,4107.69,-0.07395609300815653
ETH-USD,2021-12-10,3903.48,-0.0497140728730745
ETH-USD,2021-12-11,4075.66,0.0441093588285324
ETH-USD,2021-12-12,4131.78,0.013769548981023894
ETH-USD,2021-12-13,3781.94,-0.08467052940863251
ETH-USD,2021-12-14,3861.55,0.021050043099573257
ETH-USD,2021-12-15,4019.24,0.040835933757169984
ETH-USD,2021-12-16,3956.62,-0.015580059911824096
ETH-USD,2021-12-17,3878.29,-0.01979720064095114
ETH-USD,2021-12-18,3959.83,0.02102472997119853
ETH-USD,2021-12-19,3925.34,-0.00870996987244399
ETH-USD,2021-12-20,3938.8,0.003429002328460662
ETH-USD,2021-12-21,4016.59,0.019749669950238635
ETH-USD,2021-12-22,3979.54,-0.009224242454420328
ETH-USD,2021-12-23,4110.14,0.03281786337114356
ETH-USD,2021-12-24,4043.39,-0.016240322714068278
ETH-USD,2021-12-25,4093.14,0.012304032012741883
ETH-USD,2021-12-26,4061.27,-0.007786198370932751
ETH-USD,2021-12-27,4036.24,-0.006163096765297582
ETH-USD,2021-12-28,3791.69,-0.060588567577745556
ETH-USD,2021-12-29,3627.93,-0.04318918476985201
ETH-USD,2021-12-30,3709.57,0.02250319052462424
ETH-USD,2021-12-31,3677.85,-0.008550856298708553
ETH-USD,2022-01-01,3765.67,0.023878080944029767
ETH-USD,2022-01-02,3830.67,0.017261204513406625
ETH-USD,2022-01-03,3764.24,-0.01734161386911437
ETH-USD,2022-01-04,3789.52,0.0067158310840966795
ETH-USD,2022-01-05,3535.86,-0.06693723743376467
ETH-USD,2022-01-06,3407.77,-0.03622598179792191
ETH-USD,2022-01-07,3195.31,-0.06234575690260791
ETH-USD,2022-01-08,3080.02,-0.03608100622474819
ETH-USD,2022-01-09,3150.3,0.022818033649132152
ETH-USD,2022-01-10,3085.43,-0.02059168968034797
ETH-USD,2022-01-11,3237.89,0.049412885724194
ETH-USD,2022-01-12,3370.89,0.04107613291371859
ETH-USD,2022-01-13,3238.03,-0.03941392332588711
ETH-USD,2022-01-14,3307.9,0.021577934731920267
ETH-USD,2022-01-15,3327.74,0.0059977629311647185
ETH-USD,2022-01-16,3346.59,0.005664505039456369
ETH-USD,2022-01-17,3209.35,-0.04100890757457598
ETH-USD,2022-01-18,3160.15,-0.015330207051271971
ETH-USD,2022-01-19,3083.65,-0.024207711659256725
ETH-USD,2022-01-20,3004.72,-0.02559629011074549
ETH-USD,2022-01-21,2571.29,-0.14424971378364704
ETH-USD,2022-01-22,2412.52,-0.061747216377771474
ETH-USD,2022-01-23,2540.81,0.05317676122892245
ETH-USD,2022-01-24,2441.01,-0.03927881266210376
ETH-USD,2022-01-25,2458.07,0.006988910328101783
ETH-USD,2022-01-26,2461.41,0.0013587896194982019
ETH-USD,2022-01-27,2424.66,-0.014930466683730104
ETH-USD,2022-01-28,2545.95,0.050023508450669274
ETH-USD,2022-01-29,2600.02,0.02123765195702987
ETH-USD,2022-01-30,2602.77,0.0010576841716603003
ETH-USD,2022-01-31,2686.82,0.032292519123856556
ETH-USD,2022-02-01,2787.16,0.03734526317356557
ETH-USD,2022-02-02,2681.0,-0.038088950759913254
ETH-USD,2022-02-03,2692.8,0.004401342782544004
ETH-USD,2022-02-04,2994.99,0.11222147950089112
ETH-USD,2022-02-05,3013.81,0.006283827324966129
ETH-USD,2022-02-06,3056.2,0.014065252952243146
ETH-USD,2022-02-07,3140.18,0.027478568156534156
ETH-USD,2022-02-08,3115.88,-0.007738409900069354
ETH-USD,2022-02-09,3243.62,0.040996444022234346
ETH-USD,2022-02-10,3071.83,-0.05296243086428121
ETH-USD,2022-02-11,2927.63,-0.046942701907332074
ETH-USD,2022-02-12,2917.1,-0.003596765984772765
ETH-USD,2022-02-13,2870.25,-0.016060471015734823
ETH-USD,2022-02-14,2929.31,0.02057660482536372
ETH-USD,2022-02-15,3182.27,0.08635480710474486
ETH-USD,2022-02-16,3118.9,-0.019913458003249174
ETH-USD,2022-02-17,2894.03,-0.07209913751643204
ETH-USD,2022-02-18,2779.56,-0.03955384014678498
ETH-USD,2022-02-19,2763.81,-0.005666364460562123
ETH-USD,2022-02-20,2619.32,-0.05227928113727054
ETH-USD,2022-02-21,2569.87,-0.018878945680558368
ETH-USD,2022-02-22,2636.13,0.02578340538626467
ETH-USD,2022-02-23,2578.15,-0.021994362948716484
ETH-USD,2022-02-24,2596.52,0.007125264239861817
ETH-USD,2022-02-25,2767.53,0.06586122964583363
ETH-USD,2022-02-26,2776.96,0.003407370471142146
ETH-USD,2022-02-27,2616.34,-0.05784022816317125
ETH-USD,2022-02-28,2922.5,0.11701843032633374
ETH-USD,2022-03-01,2975.81,0.01824123182207016
ETH-USD,2022-03-02,2947.14,-0.009634351655515627
ETH-USD,2022-03-03,2834.91,-0.038080986990777554
ETH-USD,2022-03-04,2622.15,-0.07505000158735187
ETH-USD,2022-03-05,2665.42,0.01650172568312258
ETH-USD,2022-03-06,2549.4,-0.04352784926953346
ETH-USD,2022-03-07,2492.53,-0.022307209539499495
ETH-USD,2022-03-08,2577.21,0.03397351285641492
ETH-USD,2022-03-09,2726.94,0.0580977103146425
ETH-USD,2022-03-10,2606.5,-0.04416672167337754
ETH-USD,2022-03-11,2556.96,-0.019006330328026122
ETH-USD,2022-03-12,2569.8,0.00502158813591147
ETH-USD,2022-03-13,2516.75,-0.02064362985446344
ETH-USD,2022-03-14,2589.3,0.02882686003774726
ETH-USD,2022-03-15,2617.43,0.010863940061020205
ETH-USD,2022-03-16,2773.94,0.059795295385167924
ETH-USD,2022-03-17,2812.29,0.013825100759208953
ETH-USD,2022-03-18,2939.76,0.04532605101180898
ETH-USD,2022-03-19,2949.92,0.00345606444063451
ETH-USD,2022-03-20,2861.69,-0.02990928567554374
ETH-USD,2022-03-21,2891.63,0.01046234917129385
ETH-USD,2022-03-22,2969.64,0.026977863696254323
ETH-USD,2022-03-23,3036.12,0.022386551905281493
ETH-USD,2022-03-24,3109.25,0.0240866632412422
ETH-USD,2022-03-25,3103.51,-0.0018461043660046306
ETH-USD,2022-03-26,3146.01,0.013694172082577394
ETH-USD,2022-03-27,3297.04,0.04800684041055159
ETH-USD,2022-03-28,3329.38,0.00980879819474434
ETH-USD,2022-03-29,3401.89,0.021778829692014723
ETH-USD,2022-03-30,3385.64,-0.004776756450091013
ETH-USD,2022-03-31,3282.35,-0.0305082643163479
ETH-USD,2022-04-01,3456.18,0.05295900802778486
ETH-USD,2022-04-02,3442.34,-0.004004421066032382
ETH-USD,2022-04-03,3521.1,0.02287978526235057
ETH-USD,2022-04-04,3520.41,-0.00019596148930733914
ETH-USD,2022-04-05,3406.78,-0.03227749040594696
ETH-USD,2022-04-06,3169.58,-0.06962586371881962
ETH-USD,2022-04-07,3228.84,0.018696483445756362
ETH-USD,2022-04-08,3193.93,-0.010811932458715923
ETH-USD,2022-04-09,3259.35,0.02048260293744697
ETH-USD,2022-04-10,3201.84,-0.017644622394035525
ETH-USD,2022-04-11,2978.29,-0.06981922894335757
ETH-USD,2022-04-12,3027.25,0.016438963297731313
ETH-USD,2022-04-13,3116.92,0.02962094310017349
ETH-USD,2022-04-14,3021.93,-0.030475597705427182
ETH-USD,2022-04-15,3042.01,0.006644760136733874
ETH-USD,2022-04-16,3058.96,0.005571973793643048
ETH-USD,2022-04-17,2989.05,-0.022854172659989014
ETH-USD,2022-04-18,3055.64,0.022277981298405747
ETH-USD,2022-04-19,3102.01,0.015175216975821915
ETH-USD,2022-04-20,3076.38,-0.008262384711848147
ETH-USD,2022-04-21,2983.95,-0.03004505295184612
ETH-USD,2022-04-22,2963.0,-0.007020895122237247
ETH-USD,2022-04-23,2931.9,-0.010496118798514975
ETH-USD,2022-04-24,2922.03,-0.003366417681367029
ETH-USD,2022-04-25,3006.04,0.028750560398079328
ETH-USD,2022-04-26,2810.42,-0.06507564769597207
ETH-USD,2022-04-27,2888.99,0.02795667551469161
ETH-USD,2022-04-28,2937.01,0.016621725931900144
ETH-USD,2022-04-29,2816.66,-0.04097704808631919
ETH-USD,2022-04-30,2727.18,-0.031768122528100684
ETH-USD,2022-05-01,2825.8,0.03616189617113652
ETH-USD,2022-05-02,2856.01,0.010690777832826015
ETH-USD,2022-05-03,2781.47,-0.02609934839163741
ETH-USD,2022-05-04,2940.7,0.057246707676156916
ETH-USD,2022-05-05,2747.46,-0.06571224538375209
ETH-USD,2022-05-06,2692.88,-0.01986562133752623
ETH-USD,2022-05-07,2636.03,-0.021111226642108072
ETH-USD,2022-05-08,2519.98,-0.044024536898290334
ETH-USD,2022-05-09,2229.1,-0.11542948753561544
ETH-USD,2022-05-10,2342.3,0.050782827149971066
ETH-USD,2022-05-11,2080.79,-0.11164667207445678
ETH-USD,2022-05-12,1955.36,-0.06027998981156202
ETH-USD,2022-05-13,2009.53,0.02770333851566975
ETH-USD,2022-05-14,2056.3,0.02327409891865262
ETH-USD,2022-05-15,2145.86,0.04355395613480528
ETH-USD,2022-05-16,2022.93,-0.05728705507349041
ETH-USD,2022-05-17,2091.14,0.033718418333802846
ETH-USD,2022-05-18,1912.12,-0.08560880667961013
ETH-USD,2022-05-19,2019.34,0.05607388657615631
ETH-USD,2022-05-20,1959.85,-0.029460120633474363
ETH-USD,2022-05-21,1975.12,0.007791412608107784
ETH-USD,2022-05-22,2043.19,0.03446372878609916
ETH-USD,2022-05-23,1972.93,-0.03438740401039553
ETH-USD,2022-05-24,1979.35,0.003254043478481128
ETH-USD,2022-05-25,1942.91,-0.01841008411852363
ETH-USD,2022-05-26,1793.42,-0.07694128909728193
ETH-USD,2022-05-27,1724.3,-0.03854088835855518
ETH-USD,2022-05-28,1792.68,0.03965667227280645
ETH-USD,2022-05-29,1813.56,0.011647365954883027
ETH-USD,2022-05-30,1998.46,0.10195416749376918
ETH-USD,2022-05-31,1941.79,-0.028356834762767402
ETH-USD,2022-06-01,1818.07,-0.06371440784018867
ETH-USD,2022-06-02,1834.64,0.009114060514721745
ETH-USD,2022-06-03,1775.29,-0.03234967078009865
ETH-USD,2022-06-04,1804.37,0.016380422353530877
ETH-USD,2022-06-05,1806.71,0.0012968515326678975
ETH-USD,2022-06-06,1859.99,0.029490067581404933
ETH-USD,2022-06-07,1813.72,-0.024876477830525934
ETH-USD,2022-06-08,1793.0,-0.011424034580861497
ETH-USD,2022-06-09,1788.06,-0.002755158951478043
ETH-USD,2022-06-10,1663.02,-0.06993053924364956
ETH-USD,2022-06-11,1531.42,-0.07913314331757881
ETH-USD,2022-06-12,1435.46,-0.06266079847461836
ETH-USD,2022-06-13,1206.67,-0.15938444819082387
ETH-USD,2022-06-14,1210.84,0.0034557915585866628
ETH-USD,2022-06-15,1237.92,0.022364639423871235
ETH-USD,2022-06-16,1068.49,-0.13686667959157306
ETH-USD,2022-06-17,1086.47,0.016827485516944574
ETH-USD,2022-06-18,995.61,-0.08362863217576189
ETH-USD,2022-06-19,1128.39,0.13336547443275992
ETH-USD,2022-06-20,1128.32,-6.203528921755463e-05
ETH-USD,2022-06-21,1125.96,-0.002091605218377701
ETH-USD,2022-06-22,1049.02,-0.06833280045472312
ETH-USD,2022-06-23,1144.19,0.09072276982326377
ETH-USD,2022-06-24,1225.03,0.07065260140361307
ETH-USD,2022-06-25,1241.76,0.013656808404692189
ETH-USD,2022-06-26,1198.03,-0.03521614482669766
ETH-USD,2022-06-27,1190.84,-0.006001519160622082
ETH-USD,2022-06-28,1143.97,-0.03935877195928916
ETH-USD,2022-06-29,1099.51,-0.03886465554166629
ETH-USD,2022-06-30,1069.05,-0.027703249629380422
ETH-USD,2022-07-01,1058.94,-0.009456994527851759
ETH-USD,2022-07-02,1066.6,0.007233648743082632
ETH-USD,2022-07-03,1074.08,0.007012938308644356
ETH-USD,2022-07-04,1151.19,0.07179167287352906
ETH-USD,2022-07-05,1133.9,-0.015019240959355029
ETH-USD,2022-07-06,1186.45,0.046344474821412796
ETH-USD,2022-07-07,1238.15,0.04357537190779226
ETH-USD,2022-07-08,1216.33,-0.017623066672051158
ETH-USD,2022-07-09,1216.94,0.0005015086366364496
ETH-USD,2022-07-10,1167.35,-0.04074974937137421
ETH-USD,2022-07-11,1096.43,-0.06075298753587177
ETH-USD,2022-07-12,1038.56,-0.052780387256824546
ETH-USD,2022-07-13,1115.83,0.07440109382221527
ETH-USD,2022-07-14,1192.75,0.06893523206940122
ETH-USD,2022-07-15,1231.03,0.03209390064975892
ETH-USD,2022-07-16,1356.08,0.10158160239799185
ETH-USD,2022-07-17,1337.85,-0.013443159695593176
ETH-USD,2022-07-18,1584.77,0.18456478678476662
ETH-USD,2022-07-19,1543.5,-0.026041633801750397
ETH-USD,2022-07-20,1520.64,-0.014810495626822129
ETH-USD,2022-07-21,1575.68,0.036195286195286114
ETH-USD,2022-07-22,1534.85,-0.025912621852152817
ETH-USD,2022-07-23,1549.61,0.009616574909600217
ETH-USD,2022-07-24,1598.19,0.03134982350397841
ETH-USD,2022-07-25,1438.52,-0.09990676953303423
ETH-USD,2022-07-26,1450.7,0.00846703556433015
ETH-USD,2022-07-27,1636.01,0.1277383332184463
ETH-USD,2022-07-28,1726.01,0.05501188868038698
ETH-USD,2022-07-29,1720.77,-0.00303590361585393
ETH-USD,2022-07-30,1695.97,-0.014412152699082359
ETH-USD,2022-07-31,1680.0,-0.009416440149295102
ETH-USD,2022-08-01,1630.1,-0.02970238095238098
ETH-USD,2022-08-02,1631.48,0.0008465738298264469
ETH-USD,2022-08-03,1618.08,-0.008213401328854841
ETH-USD,2022-08-04,1606.94,-0.006884702857707814
ETH-USD,2022-08-05,1737.71,0.0813782717463003
ETH-USD,2022-08-06,1690.27,-0.027300297517997896
ETH-USD,2022-08-07,1700.29,0.005928046998408432
ETH-USD,2022-08-08,1778.42,0.04595098483199922
ETH-USD,2022-08-09,1702.8,-0.042520889328730105
ETH-USD,2022-08-10,1853.46,0.08847780126849902
ETH-USD,2022-08-11,1880.28,0.01447023404875214
ETH-USD,2022-08-12,1957.63,0.04113749016103996
ETH-USD,2022-08-13,1983.5,0.013214958904389507
ETH-USD,2022-08-14,1935.1,-0.02440131081421737
ETH-USD,2022-08-15,1900.25,-0.018009405198697648
ETH-USD,2022-08-16,1876.7,-0.012393106170240697
ETH-USD,2022-08-17,1834.18,-0.02265679117600039
ETH-USD,2022-08-18,1846.51,0.006722350041980629
ETH-USD,2022-08-19,1609.48,-0.12836648596541578
ETH-USD,2022-08-20,1575.6,-0.02105027710813434
ETH-USD,2022-08-21,1618.25,0.027069053059152193
ETH-USD,2022-08-22,1626.75,0.005252587671867648
ETH-USD,2022-08-23,1664.89,0.02344552020900581
ETH-USD,2022-08-24,1656.64,-0.004955282330964761
ETH-USD,2022-08-25,1695.37,0.023378645933938458
ETH-USD,2022-08-26,1508.08,-0.11047146050714596
ETH-USD,2022-08-27,1490.83,-0.011438385231552717
ETH-USD,2022-08-28,1426.25,-0.04331815163365371
ETH-USD,2022-08-29,1552.6,0.08858895705521475
ETH-USD,2022-08-30,1523.34,-0.01884580703336336
ETH-USD,2022-08-31,1555.12,0.020862053120117574
ETH-USD,2022-09-01,1585.48,0.019522609187715423
ETH-USD,2022-09-02,1575.34,-0.00639553952115457
ETH-USD,2022-09-03,1557.55,-0.011292800284383064
ETH-USD,2022-09-04,1578.89,0.01370100478315317
ETH-USD,2022-09-05,1617.07,0.024181545262811133
ETH-USD,2022-09-06,1557.85,-0.03662179126444742
ETH-USD,2022-09-07,1629.51,0.045999293898642435
ETH-USD,2022-09-08,1634.85,0.0032770587477215507
ETH-USD,2022-09-09,1718.81,0.05135639355292532
ETH-USD,2022-09-10,1774.38,0.0323305077350029
ETH-USD,2022-09-11,1766.93,-0.0041986496691802655
ETH-USD,2022-09-12,1716.42,-0.02858630506018911
ETH-USD,2022-09-13,1574.47,-0.08270120366809985
ETH-USD,2022-09-14,1637.92,0.040299275311692195
ETH-USD,2022-09-15,1472.64,-0.10090846927810881
ETH-USD,2022-09-16,1434.01,-0.026231801390699805
ETH-USD,2022-09-17,1468.79,0.024253666292424647
ETH-USD,2022-09-18,1335.01,-0.0910817747942183
ETH-USD,2022-09-19,1376.0,0.03070388985850303
ETH-USD,2022-09-20,1323.33,-0.03827761627906978
ETH-USD,2022-09-21,1247.74,-0.0571210506827472
ETH-USD,2022-09-22,1326.44,0.06307403786045174
ETH-USD,2022-09-23,1327.96,0.0011459244292995052
ETH-USD,2022-09-24,1317.0,-0.008253260640380788
ETH-USD,2022-09-25,1294.26,-0.017266514806378086
ETH-USD,2022-09-26,1337.06,0.03306908967286315
ETH-USD,2022-09-27,1328.23,-0.006604041703438868
ETH-USD,2022-09-28,1337.37,0.006881338322429098
ETH-USD,2022-09-29,1336.08,-0.0009645797348527552
ETH-USD,2022-09-30,1328.73,-0.005501167594754719
ETH-USD,2022-10-01,1311.8,-0.01274148999420499
ETH-USD,2022-10-02,1275.74,-0.027488946485744736
ETH-USD,2022-10-03,1323.41,0.037366548042704784
ETH-USD,2022-10-04,1361.48,0.028766595386161553
ETH-USD,2022-10-05,1352.07,-0.006911596204130843
ETH-USD,2022-10-06,1352.27,0.00014792133543384267
ETH-USD,2022-10-07,1330.99,-0.015736502325718993
ETH-USD,2022-10-08,1315.05,-0.011976047904191711
ETH-USD,2022-10-09,1323.41,0.006357172731074945
ETH-USD,2022-10-10,1290.04,-0.02521516385700584
ETH-USD,2022-10-11,1279.97,-0.007805959505131521
ETH-USD,2022-10-12,1294.57,0.01140651734025
ETH-USD,2022-10-13,1287.34,-0.005584866017287582
ETH-USD,2022-10-14,1296.74,0.007301878291671171
ETH-USD,2022-10-15,1274.57,-0.01709671946573721
ETH-USD,2022-10-16,1305.95,0.024620067944483237
ETH-USD,2022-10-17,1331.12,0.019273325931314256
ETH-USD,2022-10-18,1310.81,-0.01525782799447073
ETH-USD,2022-10-19,1285.32,-0.01944599140989156
ETH-USD,2022-10-20,1282.87,-0.001906140105187859
ETH-USD,2022-10-21,1299.76,0.013165792325021242
ETH-USD,2022-10-22,1313.64,0.010678894565150587
ETH-USD,2022-10-23,1363.92,0.03827532657349053
ETH-USD,2022-10-24,1343.88,-0.014692943867675501
ETH-USD,2022-10-25,1459.6,0.08610887876893747
ETH-USD,2022-10-26,1566.16,0.07300630309673894
ETH-USD,2022-10-27,1514.19,-0.033183071972212264
ETH-USD,2022-10-28,1554.47,0.026601681427033563
ETH-USD,2022-10-29,1619.69,0.04195642244623565
ETH-USD,2022-10-30,1590.47,-0.018040489229420476
ETH-USD,2022-10-31,1572.89,-0.011053336435141725
ETH-USD,2022-11-01,1579.64,0.004291463484414004
ETH-USD,2022-11-02,1519.04,-0.038363171355498826
ETH-USD,2022-11-03,1531.08,0.007926058563303195
ETH-USD,2022-11-04,1645.01,0.07441152650416694
ETH-USD,2022-11-05,1627.07,-0.010905708779885837
ETH-USD,2022-11-06,1570.86,-0.03454676197090478
ETH-USD,2022-11-07,1567.57,-0.002094394153520973
ETH-USD,2022-11-08,1335.25,-0.14820390795945315
ETH-USD,2022-11-09,1100.84,-0.17555513948698753
ETH-USD,2022-11-10,1299.15,0.18014425347916152
ETH-USD,2022-11-11,1288.63,-0.00809760227841283
ETH-USD,2022-11-12,1256.29,-0.02509642022923586
ETH-USD,2022-11-13,1221.47,-0.02771653041893185
ETH-USD,2022-11-14,1242.64,0.01733157588806944
ETH-USD,2022-11-15,1253.45,0.00869922101332632
ETH-USD,2022-11-16,1206.16,-0.037727871075830643
ETH-USD,2022-11-17,1205.17,-0.0008207866286396026
ETH-USD,2022-11-18,1207.31,0.0017756830986499494
ETH-USD,2022-11-19,1217.65,0.008564494620271645
ETH-USD,2022-11-20,1142.88,-0.06140516568800558
ETH-USD,2022-11-21,1107.46,-0.030991880162396845
ETH-USD,2022-11-22,1139.74,0.029147779603778012
ETH-USD,2022-11-23,1185.79,0.04040395177847578
ETH-USD,2022-11-24,1203.77,0.015162887189131391
ETH-USD,2022-11-25,1198.12,-0.004693587645480557
ETH-USD,2022-11-26,1205.15,0.005867525790405059
ETH-USD,2022-11-27,1193.38,-0.009766419117952063
ETH-USD,2022-11-28,1167.73,-0.021493572877038347
ETH-USD,2022-11-29,1216.55,0.04180760963578911
ETH-USD,2022-11-30,1294.41,0.064000657597304
ETH-USD,2022-12-01,1276.05,-0.014184068417271267
ETH-USD,2022-12-02,1295.69,0.015391246424513172
ETH-USD,2022-12-03,1240.46,-0.04262593675956439
ETH-USD,2022-12-04,1279.74,0.031665672411847146
ETH-USD,2022-12-05,1259.56,-0.015768828043196348
ETH-USD,2022-12-06,1271.26,0.009288958048842444
ETH-USD,2022-12-07,1231.04,-0.03163790255337229
ETH-USD,2022-12-08,1280.29,0.040006823498830224
ETH-USD,2022-12-09,1262.86,-0.013614103054776727
ETH-USD,2022-12-10,1266.62,0.0029773688294822964
ETH-USD,2022-12-11,1263.42,-0.0025264088676949514
ETH-USD,2022-12-12,1275.02,0.00918142818698442
ETH-USD,2022-12-13,1320.76,0.035873947075339974
ETH-USD,2022-12-14,1307.3,-0.01019110209273455
ETH-USD,2022-12-15,1266.32,-0.0313470511741758
ETH-USD,2022-12-16,1166.7,-0.07866889885652906
ETH-USD,2022-12-17,1187.18,0.01755378417759501
ETH-USD,2022-12-18,1182.7,-0.0037736484779056223
ETH-USD,2022-12-19,1167.8,-0.012598292043629056
ETH-USD,2022-12-20,1217.2,0.04230176400068508
ETH-USD,2022-12-21,1213.85,-0.0027522182057181377
ETH-USD,2022-12-22,1217.57,0.00306462907278493
ETH-USD,2022-12-23,1220.03,0.002020417717256473
ETH-USD,2022-12-24,1220.46,0.00035245034958153454
ETH-USD,2022-12-25,1218.69,-0.0014502728479425242
ETH-USD,2022-12-26,1227.65,0.007352156824130818
ETH-USD,2022-12-27,1211.6,-0.013073758807477853
ETH-USD,2022-12-28,1189.98,-0.017844172994387453
ETH-USD,2022-12-29,1200.84,0.009126203801744559
ETH-USD,2022-12-30,1199.8,-0.0008660604243695413
ETH-USD,2022-12-31,1195.67,-0.0034422403733954665
ETH-USD,2023-01-01,1200.52,0.004056303160570929
ETH-USD,2023-01-02,1213.93,0.011170159597507778
ETH-USD,2023-01-03,1214.57,0.0005272132660036899
ETH-USD,2023-01-04,1256.92,0.03486830730217294
ETH-USD,2023-01-05,1250.95,-0.004749705629634393
ETH-USD,2023-01-06,1269.14,0.014540948878852156
ETH-USD,2023-01-07,1263.9,-0.004128780118820674
ETH-USD,2023-01-08,1288.38,0.019368620935200642
ETH-USD,2023-01-09,1320.51,0.024938294602524058
ETH-USD,2023-01-10,1335.13,0.011071479958500996
ETH-USD,2023-01-11,1389.84,0.04097728311100779
ETH-USD,2023-01-12,1416.08,0.01887987106429523
ETH-USD,2023-01-13,1450.86,0.024560759279136812
ETH-USD,2023-01-14,1550.02,0.06834567084349974
ETH-USD,2023-01-15,1552.69,0.001722558418601139
ETH-USD,2023-01-16,1576.94,0.015618056405335201
ETH-USD,2023-01-17,1564.67,-0.0077808921074993265
ETH-USD,2023-01-18,1511.31,-0.03410303770124057
ETH-USD,2023-01-19,1551.62,0.02667222475865305
ETH-USD,2023-01-20,1659.98,0.06983668681764876
ETH-USD,2023-01-21,1625.53,-0.02075326208749506
ETH-USD,2023-01-22,1627.03,0.0009227759561496462
ETH-USD,2023-01-23,1626.53,-0.0003073084085726263
ETH-USD,2023-01-24,1556.15,-0.043270028834389684
ETH-USD,2023-01-25,1611.2,0.03537576711756585
ETH-USD,2023-01-26,1602.55,-0.005368669314796515
ETH-USD,2023-01-27,1597.6,-0.0030888271816792434
ETH-USD,2023-01-28,1573.07,-0.015354281422133131
ETH-USD,2023-01-29,1645.97,0.046342502240841243
ETH-USD,2023-01-30,1566.5,-0.048281560417261615
ETH-USD,2023-01-31,1585.27,0.011982125758059459
ETH-USD,2023-02-01,1642.1,0.03584878285717896
ETH-USD,2023-02-02,1641.71,-0.0002375007612203106
ETH-USD,2023-02-03,1663.79,0.013449391183582904
ETH-USD,2023-02-04,1666.9,0.0018692262845672047
ETH-USD,2023-02-05,1629.44,-0.02247285380046793
ETH-USD,2023-02-06,1613.72,-0.009647486252945758
ETH-USD,2023-02-07,1671.4,0.03574349949185729
ETH-USD,2023-02-08,1650.99,-0.012211319851621494
ETH-USD,2023-02-09,1545.35,-0.06398585091369424
ETH-USD,2023-02-10,1513.82,-0.020403144918626825
ETH-USD,2023-02-11,1538.34,0.016197434305267544
ETH-USD,2023-02-12,1515.44,-0.014886176007904539
ETH-USD,2023-02-13,1505.84,-0.006334793855250043
ETH-USD,2023-02-14,1555.46,0.03295170801678804
ETH-USD,2023-02-15,1675.43,0.07712830931042913
ETH-USD,2023-02-16,1640.66,-0.020752881349862418
ETH-USD,2023-02-17,1693.96,0.03248692599319791
ETH-USD,2023-02-18,1691.62,-0.0013813785449480198
ETH-USD,2023-02-19,1681.52,-0.005970608056182769
ETH-USD,2023-02-20,1703.27,0.01293472572434462
ETH-USD,2023-02-21,1659.41,-0.025750468217017763
ETH-USD,2023-02-22,1643.39,-0.009654033662566786
ETH-USD,2023-02-23,1650.52,0.004338592786861328
ETH-USD,2023-02-24,1608.24,-0.025616169449627968
ETH-USD,2023-02-25,1594.66,-0.00844401333134348
ETH-USD,2023-02-26,1641.6,0.02943574178821806
ETH-USD,2023-02-27,1633.66,-0.0048367446393761115
ETH-USD,2023-02-28,1604.69,-0.017733188056266336
ETH-USD,2023-03-01,1666.09,0.03826284204425767
ETH-USD,2023-03-02,1647.38,-0.011229885540396833
ETH-USD,2023-03-03,1568.89,-0.047645352013500175
ETH-USD,2023-03-04,1566.73,-0.0013767695631944354
ETH-USD,2023-03-05,1564.37,-0.0015063220848520187
ETH-USD,2023-03-06,1565.84,0.0009396753964854287
ETH-USD,2023-03-07,1561.78,-0.0025928575077912575
ETH-USD,2023-03-08,1533.04,-0.018402079678315753
ETH-USD,2023-03-09,1438.5,-0.06166831915670823
ETH-USD,2023-03-10,1426.75,-0.008168230795968068
ETH-USD,2023-03-11,1471.15,0.031119677588925976
ETH-USD,2023-03-12,1580.24,0.07415287360228384
ETH-USD,2023-03-13,1673.93,0.059288462512023576
ETH-USD,2023-03-14,1700.15,0.01566373743227012
ETH-USD,2023-03-15,1649.65,-0.029703261476928478
ETH-USD,2023-03-16,1673.85,0.014669778437850445
ETH-USD,2023-03-17,1789.38,0.06902052155211047
ETH-USD,2023-03-18,1758.7,-0.01714560350512473
ETH-USD,2023-03-19,1779.47,0.011809859555353297
ETH-USD,2023-03-20,1732.31,-0.026502273148746536
ETH-USD,2023-03-21,1803.54,0.04111850650287763
ETH-USD,2023-03-22,1734.48,-0.03829136032469471
ETH-USD,2023-03-23,1814.08,0.04589271712559384
ETH-USD,2023-03-24,1749.26,-0.03573161051331797
ETH-USD,2023-03-25,1742.34,-0.00395595851960262
ETH-USD,2023-03-26,1774.06,0.018205401930736942
ETH-USD,2023-03-27,1714.65,-0.03348815710855313
ETH-USD,2023-03-28,1772.63,0.03381448108943519
ETH-USD,2023-03-29,1793.27,0.011643715834663615
ETH-USD,2023-03-30,1793.59,0.00017844496366969942
ETH-USD,2023-03-31,1821.62,0.01562787482089001
ETH-USD,2023-04-01,1820.78,-0.00046112800693887124
ETH-USD,2023-04-02,1795.01,-0.014153274970067797
ETH-USD,2023-04-03,1810.77,0.008779895376627378
ETH-USD,2023-04-04,1870.52,0.032997012320725494
ETH-USD,2023-04-05,1908.96,0.02055043517310695
ETH-USD,2023-04-06,1872.35,-0.01917798172827101
ETH-USD,2023-04-07,1863.46,-0.0047480439020481935
ETH-USD,2023-04-08,1848.93,-0.007797323258884048
ETH-USD,2023-04-09,1858.9,0.005392307983536515
ETH-USD,2023-04-10,1910.36,0.02768303835601693
ETH-USD,2023-04-11,1889.86,-0.010730961703553255
ETH-USD,2023-04-12,1916.58,0.014138613442265635
ETH-USD,2023-04-13,2012.11,0.04984399294576791
ETH-USD,2023-04-14,2099.98,0.04367057467037094
ETH-USD,2023-04-15,2090.59,-0.004471471156868079
ETH-USD,2023-04-16,2119.29,0.013728181996469857
ETH-USD,2023-04-17,2074.74,-0.021021191059269917
ETH-USD,2023-04-18,2103.34,0.013784859789660597
ETH-USD,2023-04-19,1935.97,-0.0795734403377486
ETH-USD,2023-04-20,1942.72,0.00348662427620261
ETH-USD,2023-04-21,1849.81,-0.04782469939054523
ETH-USD,2023-04-22,1873.95,0.013049988917780864
ETH-USD,2023-04-23,1862.05,-0.006350222791429938
ETH-USD,2023-04-24,1841.88,-0.010832147364463807
ETH-USD,2023-04-25,1865.95,0.01306816947901046
ETH-USD,2023-04-26,1866.05,5.359200407295539e-05
ETH-USD,2023-04-27,1908.81,0.0229147128962246
ETH-USD,2023-04-28,1891.14,-0.009257076398384245
ETH-USD,2023-04-29,1907.8,0.008809501147456045
ETH-USD,2023-04-30,1868.88,-0.02040046126428341
ETH-USD,2023-05-01,1830.75,-0.020402594067034818
ETH-USD,2023-05-02,1869.74,0.021297282534480377
ETH-USD,2023-05-03,1904.74,0.018719180206873576
ETH-USD,2023-05-04,1877.06,-0.01453216711992189
ETH-USD,2023-05-05,1993.33,0.061942612383194984
ETH-USD,2023-05-06,1896.48,-0.04858703777096618
ETH-USD,2023-05-07,1870.99,-0.013440690120644527
ETH-USD,2023-05-08,1847.48,-0.012565540168573808
ETH-USD,2023-05-09,1846.56,-0.0004979756208457475
ETH-USD,2023-05-10,1840.92,-0.0030543280478294577
ETH-USD,2023-05-11,1794.71,-0.02510157964496018
ETH-USD,2023-05-12,1807.31,0.007020632859904952
ETH-USD,2023-05-13,1794.95,-0.006838893161660087
ETH-USD,2023-05-14,1799.36,0.0024568929496642244
ETH-USD,2023-05-15,1817.11,0.009864618531033154
ETH-USD,2023-05-16,1823.98,0.0037807287395921207
ETH-USD,2023-05-17,1821.73,-0.00123356615752368
ETH-USD,2023-05-18,1800.99,-0.011384782596762455
ETH-USD,2023-05-19,1812.32,0.006290984403022781
ETH-USD,2023-05-20,1819.68,0.004061092963715041
ETH-USD,2023-05-21,1804.89,-0.008127802690582886
ETH-USD,2023-05-22,1817.19,0.006814819739707101
ETH-USD,2023-05-23,1854.08,0.020300573963096813
ETH-USD,2023-05-24,1799.91,-0.029216646530893953
ETH-USD,2023-05-25,1805.69,0.0032112716746948156
ETH-USD,2023-05-26,1827.8,0.012244626707795803
ETH-USD,2023-05-27,1829.91,0.0011543932596564943
ETH-USD,2023-05-28,1908.35,0.0428654961172954
ETH-USD,2023-05-29,1892.61,-0.008247962899887384
ETH-USD,2023-05-30,1900.59,0.004216399575189822
ETH-USD,2023-05-31,1873.63,-0.014185068847042182
ETH-USD,2023-06-01,1861.77,-0.006329958422954474
ETH-USD,2023-06-02,1907.1,0.024347798063133474
ETH-USD,2023-06-03,1892.05,-0.007891563106287025
ETH-USD,2023-06-04,1890.04,-0.0010623397901746712
ETH-USD,2023-06-05,1811.2,-0.04171340289094405
ETH-USD,2023-06-06,1884.17,0.04028820671378086
ETH-USD,2023-06-07,1832.1,-0.027635510596177748
ETH-USD,2023-06-08,1845.68,0.007412259156159617
ETH-USD,2023-06-09,1840.41,-0.002855316197824087
ETH-USD,2023-06-10,1751.56,-0.04827728603952386
ETH-USD,2023-06-11,1752.8,0.000707940350316294
ETH-USD,2023-06-12,1742.6,-0.00581926061159288
ETH-USD,2023-06-13,1739.6,-0.0017215654768736322
ETH-USD,2023-06-14,1650.96,-0.05095424235456425
ETH-USD,2023-06-15,1666.96,0.009691331104327183
ETH-USD,2023-06-16,1717.92,0.030570619570955637
ETH-USD,2023-06-17,1727.79,0.005745319921765857
ETH-USD,2023-06-18,1720.98,-0.003941451218029912
ETH-USD,2023-06-19,1737.06,0.009343513579472162
ETH-USD,2023-06-20,1791.61,0.03140363602869223
ETH-USD,2023-06-21,1889.87,0.05484452531521922
ETH-USD,2023-06-22,1872.32,-0.00928635302957348
ETH-USD,2023-06-23,1891.97,0.010495000854554792
ETH-USD,2023-06-24,1875.0,-0.00896948683118659
ETH-USD,2023-06-25,1898.8,0.012693333333333223
ETH-USD,2023-06-26,1859.0,-0.02096060669896771
ETH-USD,2023-06-27,1889.51,0.01641204948897257
ETH-USD,2023-06-28,1827.95,-0.03257987520574113
ETH-USD,2023-06-29,1851.92,0.013113050138132909
ETH-USD,2023-06-30,1933.8,0.044213572940515755
ETH-USD,2023-07-01,1924.53,-0.0047936704933292384
ETH-USD,2023-07-02,1937.57,0.006775680295968423
ETH-USD,2023-07-03,1955.56,0.009284825838550281
ETH-USD,2023-07-04,1936.19,-0.009905091124792875
ETH-USD,2023-07-05,1910.43,-0.013304479415759851
ETH-USD,2023-07-06,1848.36,-0.03249006768109808
ETH-USD,2023-07-07,1870.92,0.012205414529637082
ETH-USD,2023-07-08,1865.28,-0.003014559681867812
ETH-USD,2023-07-09,1862.91,-0.0012705867215645483
ETH-USD,2023-07-10,1880.42,0.009399273180132228
ETH-USD,2023-07-11,1878.33,-0.0011114538241457916
ETH-USD,2023-07-12,1871.86,-0.0034445491473809042
ETH-USD,2023-07-13,2004.77,0.07100424177021791
ETH-USD,2023-07-14,1938.05,-0.033280625707687195
ETH-USD,2023-07-15,1931.42,-0.003420964371404156
ETH-USD,2023-07-16,1922.45,-0.004644251379813835
ETH-USD,2023-07-17,1911.24,-0.005831100938906153
ETH-USD,2023-07-18,1897.58,-0.007147192398652247
ETH-USD,2023-07-19,1888.65,-0.0047059939501891135
ETH-USD,2023-07-20,1891.23,0.001366055118735554
ETH-USD,2023-07-21,1891.75,0.0002749533372461421
ETH-USD,2023-07-22,1866.25,-0.013479582397251222
ETH-USD,2023-07-23,1888.85,0.012109845947756215
ETH-USD,2023-07-24,1850.04,-0.020546893612515493
ETH-USD,2023-07-25,1857.67,0.004124235151672373
ETH-USD,2023-07-26,1872.0,0.0077139642670656094
ETH-USD,2023-07-27,1861.32,-0.0057051282051282515
ETH-USD,2023-07-28,1874.23,0.006935937936518144
ETH-USD,2023-07-29,1880.55,0.0033720514557977754
ETH-USD,2023-07-30,1861.81,-0.009965169764164727
ETH-USD,2023-07-31,1856.17,-0.003029310187398271
ETH-USD,2023-08-01,1874.21,0.009718937381813175
ETH-USD,2023-08-02,1840.21,-0.01814097673152959
ETH-USD,2023-08-03,1835.98,-0.0022986506974747023
ETH-USD,2023-08-04,1830.24,-0.00312639571237161
ETH-USD,2023-08-05,1836.48,0.003409388932599011
ETH-USD,2023-08-06,1830.28,-0.0033760236975083346
ETH-USD,2023-08-07,1829.11,-0.000639246454094522
ETH-USD,2023-08-08,1856.24,0.014832350159367236
ETH-USD,2023-08-09,1855.36,-0.0004740766280223463
ETH-USD,2023-08-10,1852.46,-0.0015630389789581534
ETH-USD,2023-08-11,1848.88,-0.0019325653455405378
ETH-USD,2023-08-12,1849.94,0.0005733200640387626
ETH-USD,2023-08-13,1840.73,-0.004978539844535557
ETH-USD,2023-08-14,1845.51,0.0025967958364343513
ETH-USD,2023-08-15,1828.98,-0.008956873709706215
ETH-USD,2023-08-16,1807.81,-0.011574757515117717
ETH-USD,2023-08-17,1683.89,-0.0685470265127418
ETH-USD,2023-08-18,1661.26,-0.01343912013255033
ETH-USD,2023-08-19,1669.67,0.0050624224985853505
ETH-USD,2023-08-20,1685.24,0.009325195996813695
ETH-USD,2023-08-21,1667.6,-0.010467351831193294
ETH-USD,2023-08-22,1634.29,-0.019974814104101624
ETH-USD,2023-08-23,1679.93,0.02792650019274423
ETH-USD,2023-08-24,1660.89,-0.011333805575232225
ETH-USD,2023-08-25,1653.74,-0.004304920855685901
ETH-USD,2023-08-26,1647.05,-0.004045375935757822
ETH-USD,2023-08-27,1658.33,0.006848608117543398
ETH-USD,2023-08-28,1653.22,-0.0030814132289712637
ETH-USD,2023-08-29,1729.69,0.04625518684748542
ETH-USD,2023-08-30,1705.22,-0.014147043689909822
ETH-USD,2023-08-31,1645.82,-0.034834214940007824
ETH-USD,2023-09-01,1629.0,-0.010219829628999477
ETH-USD,2023-09-02,1637.05,0.004941682013505089
ETH-USD,2023-09-03,1635.85,-0.0007330258697046954
ETH-USD,2023-09-04,1630.51,-0.0032643579790322397
ETH-USD,2023-09-05,1634.46,0.0024225549061336338
ETH-USD,2023-09-06,1633.18,-0.0007831332672564306
ETH-USD,2023-09-07,1648.09,0.009129428476958967
ETH-USD,2023-09-08,1636.45,-0.0070627210892608705
ETH-USD,2023-09-09,1635.56,-0.0005438601851569524
ETH-USD,2023-09-10,1617.44,-0.011078774242461287
ETH-USD,2023-09-11,1551.89,-0.04052700563853984
ETH-USD,2023-09-12,1592.5,0.026168091810630845
ETH-USD,2023-09-13,1607.63,0.009500784929356465
ETH-USD,2023-09-14,1626.49,0.011731555146395456
ETH-USD,2023-09-15,1641.31,0.009111645322135375
ETH-USD,2023-09-16,1634.41,-0.0042039590327237475
ETH-USD,2023-09-17,1622.65,-0.007195257004056543
ETH-USD,2023-09-18,1636.92,0.008794256309123893
ETH-USD,2023-09-19,1643.08,0.0037631649683551593
ETH-USD,2023-09-20,1622.28,-0.012659152323684753
ETH-USD,2023-09-21,1584.03,-0.023577927361491224
ETH-USD,2023-09-22,1593.1,0.005725901655903032
ETH-USD,2023-09-23,1593.89,0.0004958885192394291
ETH-USD,2023-09-24,1580.55,-0.008369460878730695
ETH-USD,2023-09-25,1588.62,0.005105817595140838
ETH-USD,2023-09-26,1594.04,0.0034117661870052274
ETH-USD,2023-09-27,1598.49,0.002791648892123133
ETH-USD,2023-09-28,1652.89,0.034032117811184426
ETH-USD,2023-09-29,1667.72,0.00897216390685407
ETH-USD,2023-09-30,1670.92,0.00191878732640971
ETH-USD,2023-10-01,1732.89,0.0370873530749527
ETH-USD,2023-10-02,1662.79,-0.04045265423656441
ETH-USD,2023-10-03,1656.88,-0.0035542672255666208
ETH-USD,2023-10-04,1647.05,-0.0059328376225195045
ETH-USD,2023-10-05,1611.58,-0.02153547251145993
ETH-USD,2023-10-06,1645.62,0.02112212859429885
ETH-USD,2023-10-07,1633.58,-0.007316391390478905
ETH-USD,2023-10-08,1632.85,-0.00044687128882581195
ETH-USD,2023-10-09,1579.74,-0.03252595155709337
ETH-USD,2023-10-10,1567.6,-0.00768480889260259
ETH-USD,2023-10-11,1566.88,-0.0004593008420513689
ETH-USD,2023-10-12,1539.7,-0.01734657408352913
ETH-USD,2023-10-13,1552.17,0.008098980320841775
ETH-USD,2023-10-14,1554.96,0.0017974835230676334
ETH-USD,2023-10-15,1557.66,0.0017363790708442295
ETH-USD,2023-10-16,1599.48,0.02684796425407332
ETH-USD,2023-10-17,1564.99,-0.02156325805886916
ETH-USD,2023-10-18,1563.43,-0.0009968114812234363
ETH-USD,2023-10-19,1566.79,0.0021491208432740105
ETH-USD,2023-10-20,1603.89,0.023678986973366012
ETH-USD,2023-10-21,1628.94,0.015618278061463098
ETH-USD,2023-10-22,1663.35,0.02112416663597183
ETH-USD,2023-10-23,1763.75,0.06036011663209795
ETH-USD,2023-10-24,1784.88,0.011980155917788782
ETH-USD,2023-10-25,1787.0,0.0011877549190981718
ETH-USD,2023-10-26,1803.13,0.009026301063234543
ETH-USD,2023-10-27,1779.54,-0.01308280600955014
ETH-USD,2023-10-28,1776.21,-0.0018712701035098478
ETH-USD,2023-10-29,1794.96,0.010556184234972177
ETH-USD,2023-10-30,1809.05,0.007849757097651233
ETH-USD,2023-10-31,1815.13,0.003360880019900092
ETH-USD,2023-11-01,1846.6,0.017337601163552874
ETH-USD,2023-11-02,1800.27,-0.025089353406260062
ETH-USD,2023-11-03,1832.29,0.017786220955745558
ETH-USD,2023-11-04,1855.72,0.012787277123162744
ETH-USD,2023-11-05,1892.36,0.019744357985040706
ETH-USD,2023-11-06,1900.98,0.0045551586378913544
ETH-USD,2023-11-07,1885.97,-0.007895927363780753
ETH-USD,2023-11-08,1889.29,0.0017603673441253243
ETH-USD,2023-11-09,2120.16,0.12219934472738436
ETH-USD,2023-11-10,2077.78,-0.019989057429627755
ETH-USD,2023-11-11,2053.42,-0.011724051632030386
ETH-USD,2023-11-12,2044.61,-0.004290403327132375
ETH-USD,2023-11-13,2054.18,0.004680599234083704
ETH-USD,2023-11-14,1979.1,-0.03654986417938055
ETH-USD,2023-11-15,2058.93,0.04033651659845372
ETH-USD,2023-11-16,1961.76,-0.04719441651731715
ETH-USD,2023-11-17,1960.8,-0.0004893564962075159
ETH-USD,2023-11-18,1961.72,0.0004691962464300481
ETH-USD,2023-11-19,2011.01,0.025125909915788114
ETH-USD,2023-11-20,2021.49,0.0052113117289323
ETH-USD,2023-11-21,1934.62,-0.042973252402930595
ETH-USD,2023-11-22,2063.05,0.06638512989631051
ETH-USD,2023-11-23,2061.92,-0.0005477327258186504
ETH-USD,2023-11-24,2080.62,0.00906921704042829
ETH-USD,2023-11-25,2083.09,0.001187146139131734
ETH-USD,2023-11-26,2062.64,-0.009817146642728036
ETH-USD,2023-11-27,2027.51,-0.017031571190319172
ETH-USD,2023-11-28,2048.47,0.010337803512682875
ETH-USD,2023-11-29,2028.99,-0.00950953638569263
ETH-USD,2023-11-30,2051.56,0.011123761083100536
ETH-USD,2023-12-01,2087.21,0.017377020413734012
ETH-USD,2023-12-02,2164.79,0.037169235486606444
ETH-USD,2023-12-03,2192.79,0.01293427999944563
ETH-USD,2023-12-04,2243.54,0.02314403112017116
ETH-USD,2023-12-05,2293.34,0.02219706356918083
ETH-USD,2023-12-06,2233.45,-0.026114749666425574
ETH-USD,2023-12-07,2355.8,0.05478072041012805
ETH-USD,2023-12-08,2358.42,0.001112148739281782
ETH-USD,2023-12-09,2340.55,-0.007577106707032599
ETH-USD,2023-12-10,2352.26,0.005003097562538805
ETH-USD,2023-12-11,2225.34,-0.053956620441617864
ETH-USD,2023-12-12,2203.49,-0.009818724329765494
ETH-USD,2023-12-13,2260.18,0.02572736885576976
ETH-USD,2023-12-14,2315.64,0.024537868665327478
ETH-USD,2023-12-15,2220.41,-0.04112469986699141
ETH-USD,2023-12-16,2229.07,0.0039001805972771475
ETH-USD,2023-12-17,2197.04,-0.014369221244734387
ETH-USD,2023-12-18,2218.8,0.0099042347886249
ETH-USD,2023-12-19,2177.44,-0.01864070668830009
ETH-USD,2023-12-20,2202.19,0.011366558894849055
ETH-USD,2023-12-21,2239.62,0.01699671690453597
ETH-USD,2023-12-22,2324.23,0.03777873032032231
ETH-USD,2023-12-23,2308.61,-0.006720505285621403
ETH-USD,2023-12-24,2263.57,-0.01950957502566475
ETH-USD,2023-12-25,2271.38,0.003450301956643642
ETH-USD,2023-12-26,2230.74,-0.01789220650001333
ETH-USD,2023-12-27,2378.63,0.06629638595264375
ETH-USD,2023-12-28,2344.47,-0.014361207922207408
ETH-USD,2023-12-29,2299.24,-0.019292206767414388
ETH-USD,2023-12-30,2291.7,-0.0032793444790452098
ETH-USD,2023-12-31,2281.9,-0.004276301435615415
ETH-USD,2024-01-01,2352.03,0.03073316096235601
ETH-USD,2024-01-02,2355.27,0.001377533449828272
ETH-USD,2024-01-03,2209.49,-0.06189523918701478
ETH-USD,2024-01-04,2267.27,0.02615083118728756
ETH-USD,2024-01-05,2268.12,0.0003749002103852206
ETH-USD,2024-01-06,2240.49,-0.012181895137823417
ETH-USD,2024-01-07,2221.4,-0.00852045757847597
ETH-USD,2024-01-08,2330.98,0.04932925182317449
ETH-USD,2024-01-09,2344.67,0.005873066263974769
ETH-USD,2024-01-10,2581.79,0.10113150251421299
ETH-USD,2024-01-11,2618.08,0.014056139345183016
ETH-USD,2024-01-12,2523.98,-0.03594236998105482
ETH-USD,2024-01-13,2578.36,0.021545337126284814
ETH-USD,2024-01-14,2473.96,-0.04049085465179425
ETH-USD,2024-01-15,2511.94,0.015351905447137382
ETH-USD,2024-01-16,2588.64,0.03053416880976445
ETH-USD,2024-01-17,2531.26,-0.022166079485753
ETH-USD,2024-01-18,2469.77,-0.024292249709630842
ETH-USD,2024-01-19,2491.81,0.008923907894257344
ETH-USD,2024-01-20,2472.03,-0.007938004904065599
ETH-USD,2024-01-21,2457.06,-0.006055751750585703
ETH-USD,2024-01-22,2313.64,-0.05837057296118131
ETH-USD,2024-01-23,2243.74,-0.03021213326187311
ETH-USD,2024-01-24,2234.64,-0.004055728382076351
ETH-USD,2024-01-25,2217.71,-0.007576164393369722
ETH-USD,2024-01-26,2267.55,0.02247363271122027
ETH-USD,2024-01-27,2267.91,0.00015876165905925888
ETH-USD,2024-01-28,2256.92,-0.004845871308826077
ETH-USD,2024-01-29,2317.79,0.026970384417702054
ETH-USD,2024-01-30,2343.11,0.010924199345065944
ETH-USD,2024-01-31,2283.14,-0.025594188919854544
ETH-USD,2024-02-01,2304.28,0.009259178149390923
ETH-USD,2024-02-02,2309.28,0.0021698751887790912
ETH-USD,2024-02-03,2296.5,-0.005534192475576849
ETH-USD,2024-02-04,2289.78,-0.002926192031351915
ETH-USD,2024-02-05,2301.83,0.005262514302683874
ETH-USD,2024-02-06,2372.65,0.030766824656903502
ETH-USD,2024-02-07,2424.64,0.021912207868838518
ETH-USD,2024-02-08,2419.56,-0.0020951563943513163
ETH-USD,2024-02-09,2486.24,0.027558729686389283
ETH-USD,2024-02-10,2500.28,0.00564708153677862
ETH-USD,2024-02-11,2506.69,0.002563712864159129
ETH-USD,2024-02-12,2657.87,0.060310608810822064
ETH-USD,2024-02-13,2640.1,-0.006685804798579276
ETH-USD,2024-02-14,2775.12,0.05114200219688647
ETH-USD,2024-02-15,2822.59,0.01710556660612883
ETH-USD,2024-02-16,2801.8,-0.007365575588378026
ETH-USD,2024-02-17,2785.9,-0.005674923263616294
ETH-USD,2024-02-18,2880.1,0.03381313040669087
ETH-USD,2024-02-19,2944.8,0.022464497760494417
ETH-USD,2024-02-20,3015.38,0.023967671828307502
ETH-USD,2024-02-21,2971.18,-0.014658185701304727
ETH-USD,2024-02-22,2972.46,0.00043080526928696017
ETH-USD,2024-02-23,2922.24,-0.016895096990371727
ETH-USD,2024-02-24,2992.29,0.02397133705650467
ETH-USD,2024-02-25,3112.59,0.04020332253892511
ETH-USD,2024-02-26,3175.94,0.020352825139192676
ETH-USD,2024-02-27,3242.14,0.020844222497906184
ETH-USD,2024-02-28,3383.03,0.04345586557027148
ETH-USD,2024-02-29,3339.26,-0.012938105780912368
ETH-USD,2024-03-01,3433.51,0.02822481627666007
ETH-USD,2024-03-02,3420.64,-0.003748350813016499
ETH-USD,2024-03-03,3488.67,0.01988809111745171
ETH-USD,2024-03-04,3626.34,0.03946202994264292
ETH-USD,2024-03-05,3556.03,-0.01938869493759543
ETH-USD,2024-03-06,3814.56,0.0727018613453767
ETH-USD,2024-03-07,3869.69,0.01445251877018583
ETH-USD,2024-03-08,3883.2,0.0034912357320611154
ETH-USD,2024-03-09,3905.17,0.0056577049855790484
ETH-USD,2024-03-10,3878.47,-0.006837090318731365
ETH-USD,2024-03-11,4065.02,0.04809886372719152
ETH-USD,2024-03-12,3979.3,-0.021087227123113728
ETH-USD,2024-03-13,4004.29,0.0062799989947979196
ETH-USD,2024-03-14,3883.94,-0.030055265727507274
ETH-USD,2024-03-15,3741.12,-0.03677193777452792
ETH-USD,2024-03-16,3523.68,-0.058121632024634384
ETH-USD,2024-03-17,3644.78,0.03436747945329888
ETH-USD,2024-03-18,3520.3,-0.034152952990303964
ETH-USD,2024-03-19,3165.2,-0.10087208476550302
ETH-USD,2024-03-20,3514.73,0.1104290408189057
ETH-USD,2024-03-21,3493.23,-0.006117112836547922
ETH-USD,2024-03-22,3334.12,-0.04554810304503287
ETH-USD,2024-03-23,3332.9,-0.0003659136443798783
ETH-USD,2024-03-24,3455.33,0.036733775390800805
ETH-USD,2024-03-25,3590.62,0.03915400265676494
ETH-USD,2024-03-26,3587.5,-0.0008689307139156943
ETH-USD,2024-03-27,3500.43,-0.02427038327526132
ETH-USD,2024-03-28,3559.43,0.01685507209114312
ETH-USD,2024-03-29,3509.76,-0.013954481475966563
ETH-USD,2024-03-30,3506.83,-0.0008348149161196972
ETH-USD,2024-03-31,3647.09,0.039996235916768264
ETH-USD,2024-04-01,3502.82,-0.03955756507242758
ETH-USD,2024-04-02,3277.99,-0.06418542774107727
ETH-USD,2024-04-03,3310.62,0.009954270757384975
ETH-USD,2024-04-04,3327.45,0.005083639922431438
ETH-USD,2024-04-05,3317.84,-0.002888097492073416
ETH-USD,2024-04-06,3352.03,0.010304897162008997
ETH-USD,2024-04-07,3454.17,0.030471087669263097
ETH-USD,2024-04-08,3694.93,0.06970125963690266
ETH-USD,2024-04-09,3506.96,-0.05087241165597178
ETH-USD,2024-04-10,3545.16,0.010892624951524876
ETH-USD,2024-04-11,3502.55,-0.012019203646661869
ETH-USD,2024-04-12,3239.86,-0.07499964311715757
ETH-USD,2024-04-13,3004.44,-0.07266363361379813
ETH-USD,2024-04-14,3152.65,0.04933032445314267
ETH-USD,2024-04-15,3100.94,-0.016402074445307946
ETH-USD,2024-04-16,3083.43,-0.005646674879230207
ETH-USD,2024-04-17,2985.82,-0.03165630482936199
ETH-USD,2024-04-18,3064.48,0.026344521772913243
ETH-USD,2024-04-19,3056.23,-0.002692137002036188
ETH-USD,2024-04-20,3156.63,0.03285093072183698
ETH-USD,2024-04-21,3147.83,-0.0027877831738278847
ETH-USD,2024-04-22,3200.62,0.016770283020366428
ETH-USD,2024-04-23,3220.13,0.006095693959295545
ETH-USD,2024-04-24,3141.03,-0.024564225667907835
ETH-USD,2024-04-25,3155.83,0.004711830195827327
ETH-USD,2024-04-26,3130.9,-0.007899665064341144
ETH-USD,2024-04-27,3255.57,0.039819221310166464
ETH-USD,2024-04-28,3261.69,0.0018798551405745378
ETH-USD,2024-04-29,3216.29,-0.013919164604852097
ETH-USD,2024-04-30,3014.41,-0.06276797179358828
ETH-USD,2024-05-01,2973.27,-0.013647778503919517
ETH-USD,2024-05-02,2987.12,0.004658170970009312
ETH-USD,2024-05-03,3102.25,0.03854214092503816
ETH-USD,2024-05-04,3117.23,0.004828753324200186
ETH-USD,2024-05-05,3136.4,0.006149690590684598
ETH-USD,2024-05-06,3062.03,-0.02371189899247539
ETH-USD,2024-05-07,3006.36,-0.01818074937214853
ETH-USD,2024-05-08,2974.94,-0.010451176838435883
ETH-USD,2024-05-09,3036.32,0.020632348887708707
ETH-USD,2024-05-10,2909.86,-0.041649101543974276
ETH-USD,2024-05-11,2912.56,0.0009278796918064103
ETH-USD,2024-05-12,2929.35,0.005764688109429539
ETH-USD,2024-05-13,2951.01,0.00739413180398385
ETH-USD,2024-05-14,2881.99,-0.023388602546246973
ETH-USD,2024-05-15,3034.71,0.0529911623565662
ETH-USD,2024-05-16,2944.99,-0.029564604196117616
ETH-USD,2024-05-17,3092.75,0.05017334524056127
ETH-USD,2024-05-18,3122.87,0.009738905504809603
ETH-USD,2024-05-19,3072.08,-0.01626388546433244
ETH-USD,2024-05-20,3661.07,0.19172352282492655
ETH-USD,2024-05-21,3790.46,0.03534212675529291
ETH-USD,2024-05-22,3739.08,-0.013555083024224035
ETH-USD,2024-05-23,3785.65,0.01245493543866405
ETH-USD,2024-05-24,3728.21,-0.015173087844887911
ETH-USD,2024-05-25,3749.28,0.005651505682351621
ETH-USD,2024-05-26,3826.02,0.020467929842529653
ETH-USD,2024-05-27,3894.33,0.017854062446092778
ETH-USD,2024-05-28,3845.56,-0.012523335207853425
ETH-USD,2024-05-29,3769.57,-0.019760451013636438
ETH-USD,2024-05-30,3747.55,-0.005841515079969328
ETH-USD,2024-05-31,3762.66,0.004031967552133864
ETH-USD,2024-06-01,3815.95,0.014162852875359455
ETH-USD,2024-06-02,3782.08,-0.00887590246203429
ETH-USD,2024-06-03,3767.1,-0.003960783484220354
ETH-USD,2024-06-04,3810.35,0.011480980064240365
ETH-USD,2024-06-05,3865.14,0.014379256498746829
ETH-USD,2024-06-06,3812.95,-0.01350274504933846
ETH-USD,2024-06-07,3678.37,-0.035295506104197516
ETH-USD,2024-06-08,3681.59,0.0008753877396783238
ETH-USD,2024-06-09,3706.32,0.006717206424398103
ETH-USD,2024-06-10,3667.85,-0.010379567873254447
ETH-USD,2024-06-11,3498.0,-0.046307782488378746
ETH-USD,2024-06-12,3559.95,0.017710120068610502
ETH-USD,2024-06-13,3470.15,-0.025225073385862107
ETH-USD,2024-06-14,3481.84,0.003368730458337632
ETH-USD,2024-06-15,3568.72,0.02495232405854364
ETH-USD,2024-06-16,3625.11,0.0158011836176557
ETH-USD,2024-06-17,3511.52,-0.03133422158224164
ETH-USD,2024-06-18,3484.55,-0.007680434683555837
ETH-USD,2024-06-19,3561.3,0.022025799601096185
ETH-USD,2024-06-20,3512.91,-0.013587734815938113
ETH-USD,2024-06-21,3518.03,0.0014574811196417237
ETH-USD,2024-06-22,3495.87,-0.006298979826778184
ETH-USD,2024-06-23,3420.84,-0.021462468570055404
ETH-USD,2024-06-24,3352.29,-0.020038937804749746
ETH-USD,2024-06-25,3395.03,0.012749493629727882
ETH-USD,2024-06-26,3370.72,-0.007160466917818242
ETH-USD,2024-06-27,3450.45,0.02365370009968193
ETH-USD,2024-06-28,3380.15,-0.020374154095842534
ETH-USD,2024-06-29,3378.6,-0.00045855953138185246
ETH-USD,2024-06-30,3437.84,0.01753388977683068
ETH-USD,2024-07-01,3442.67,0.001404951946571087
ETH-USD,2024-07-02,3421.71,-0.0060882977456451215
ETH-USD,2024-07-03,3295.13,-0.036993199306779356
ETH-USD,2024-07-04,3057.81,-0.07202143769745051
ETH-USD,2024-07-05,2981.4,-0.02498847214182698
ETH-USD,2024-07-06,3068.79,0.02931173274300658
ETH-USD,2024-07-07,2930.48,-0.045069880962855025
ETH-USD,2024-07-08,3019.64,0.030425049821189543
ETH-USD,2024-07-09,3065.11,0.015058086394404757
ETH-USD,2024-07-10,3101.17,0.01176466749969829
ETH-USD,2024-07-11,3099.82,-0.0004353195729352999
ETH-USD,2024-07-12,3133.33,0.010810305114490548
ETH-USD,2024-07-13,3175.1,0.013330865245601231
ETH-USD,2024-07-14,3243.5,0.021542628578627543
ETH-USD,2024-07-15,3484.78,0.0743887775551102
ETH-USD,2024-07-16,3442.99,-0.011992148715270545
ETH-USD,2024-07-17,3387.81,-0.016026767431796207
ETH-USD,2024-07-18,3425.94,0.011255058577665178
ETH-USD,2024-07-19,3504.42,0.022907581568854196
ETH-USD,2024-07-20,3517.04,0.003601166526843169
ETH-USD,2024-07-21,3535.55,0.005262948388417676
ETH-USD,2024-07-22,3440.01,-0.02702266974021017
ETH-USD,2024-07-23,3482.54,0.012363336153092597
ETH-USD,2024-07-24,3335.33,-0.04227087126063167
ETH-USD,2024-07-25,3175.52,-0.047914299334698485
ETH-USD,2024-07-26,3275.12,0.031364941804806756
ETH-USD,2024-07-27,3247.06,-0.008567625003053303
ETH-USD,2024-07-28,3270.32,0.007163403201665641
ETH-USD,2024-07-29,3318.24,0.014653000318011644
ETH-USD,2024-07-30,3278.94,-0.011843627947345503
ETH-USD,2024-07-31,3231.84,-0.014364398250654165
ETH-USD,2024-08-01,3204.93,-0.008326526065646878
ETH-USD,2024-08-02,2990.32,-0.0669624609585856
ETH-USD,2024-08-03,2904.59,-0.028669172530030207
ETH-USD,2024-08-04,2688.55,-0.07437882799293527
ETH-USD,2024-08-05,2415.99,-0.10137806624388623
ETH-USD,2024-08-06,2461.92,0.019010840276656893
ETH-USD,2024-08-07,2337.83,-0.05040374991876262
ETH-USD,2024-08-08,2683.84,0.14800477365762266
ETH-USD,2024-08-09,2598.9,-0.03164868248479791
ETH-USD,2024-08-10,2610.24,0.004363384508830448
ETH-USD,2024-08-11,2553.57,-0.021710647296800167
ETH-USD,2024-08-12,2722.64,0.06620926780938041
ETH-USD,2024-08-13,2702.95,-0.007231951341345133
ETH-USD,2024-08-14,2662.95,-0.014798645923898013
ETH-USD,2024-08-15,2569.44,-0.035115191798569145
ETH-USD,2024-08-16,2592.38,0.008928015443053772
ETH-USD,2024-08-17,2614.35,0.00847483779384195
ETH-USD,2024-08-18,2612.1,-0.0008606345745596489
ETH-USD,2024-08-19,2637.1,0.009570843382718852
ETH-USD,2024-08-20,2572.9,-0.02434492434871638
ETH-USD,2024-08-21,2630.67,0.02245326285514393
ETH-USD,2024-08-22,2623.06,-0.0028927991728343594
ETH-USD,2024-08-23,2762.86,0.05329653153187497
ETH-USD,2024-08-24,2768.49,0.0020377434976797115
ETH-USD,2024-08-25,2747.99,-0.007404758550690116
ETH-USD,2024-08-26,2680.3,-0.024632549608986753
ETH-USD,2024-08-27,2457.99,-0.08294220796179541
ETH-USD,2024-08-28,2527.73,0.02837277613009004
ETH-USD,2024-08-29,2528.72,0.00039165575437238864
ETH-USD,2024-08-30,2525.45,-0.0012931443576196244
ETH-USD,2024-08-31,2513.56,-0.004708071828782967
ETH-USD,2024-09-01,2427.49,-0.03424226992791113
ETH-USD,2024-09-02,2538.35,0.045668571240252254
ETH-USD,2024-09-03,2423.4,-0.0452853231429865
ETH-USD,2024-09-04,2450.18,0.011050590080052602
ETH-USD,2024-09-05,2369.18,-0.03305879568031733
ETH-USD,2024-09-06,2225.72,-0.06055259625693277
ETH-USD,2024-09-07,2274.87,0.022082741764462677
ETH-USD,2024-09-08,2296.19,0.009371964112234954
ETH-USD,2024-09-09,2359.6,0.02761531057969946
ETH-USD,2024-09-10,2387.71,0.011913036107815023
ETH-USD,2024-09-11,2340.19,-0.01990191438658795
ETH-USD,2024-09-12,2361.79,0.00923001978471838
ETH-USD,2024-09-13,2440.12,0.033165522760279176
ETH-USD,2024-09-14,2417.56,-0.009245446945232216
ETH-USD,2024-09-15,2317.04,-0.041579112824500775
ETH-USD,2024-09-16,2295.72,-0.009201394883126768
ETH-USD,2024-09-17,2341.82,0.020080846096214078
ETH-USD,2024-09-18,2372.18,0.012964275648854162
ETH-USD,2024-09-19,2464.49,0.038913573168983806
ETH-USD,2024-09-20,2561.79,0.039480785071150715
ETH-USD,2024-09-21,2613.35,0.020126552137372578
ETH-USD,2024-09-22,2582.35,-0.011862169246369625
ETH-USD,2024-09-23,2647.65,0.02528704474606469
ETH-USD,2024-09-24,2652.5,0.0018318131172927465
ETH-USD,2024-09-25,2580.34,-0.027204524033930144
ETH-USD,2024-09-26,2632.05,0.020039994729376787
ETH-USD,2024-09-27,2694.53,0.02373815087099418
ETH-USD,2024-09-28,2675.71,-0.006984520491514323
ETH-USD,2024-09-29,2657.67,-0.006742135732198173
ETH-USD,2024-09-30,2603.48,-0.020390040900488016
ETH-USD,2024-10-01,2449.67,-0.05907861784995461
ETH-USD,2024-10-02,2365.57,-0.03433115480860682
ETH-USD,2024-10-03,2349.67,-0.006721424434702916
ETH-USD,2024-10-04,2414.43,0.027561317121127527
ETH-USD,2024-10-05,2414.98,0.0002277970369819471
ETH-USD,2024-10-06,2440.33,0.010496981341460376
ETH-USD,2024-10-07,2422.75,-0.007203943728921858
ETH-USD,2024-10-08,2440.93,0.007503869569703836
ETH-USD,2024-10-09,2370.13,-0.02900533812931949
ETH-USD,2024-10-10,2385.4,0.006442684578483071
ETH-USD,2024-10-11,2436.73,0.021518403622033944
ETH-USD,2024-10-12,2476.48,0.016312845493756
ETH-USD,2024-10-13,2468.92,-0.003052719989662722
ETH-USD,2024-10-14,2630.54,0.06546182136318701
ETH-USD,2024-10-15,2607.84,-0.008629406889840041
ETH-USD,2024-10-16,2611.09,0.001246242100742423
ETH-USD,2024-10-17,2605.53,-0.0021293789183827183
ETH-USD,2024-10-18,2641.72,0.013889688470291928
ETH-USD,2024-10-19,2647.39,0.002146328906924344
ETH-USD,2024-10-20,2747.28,0.03773150159213423
ETH-USD,2024-10-21,2666.66,-0.029345388893742275
ETH-USD,2024-10-22,2621.79,-0.016826292065730164
ETH-USD,2024-10-23,2526.1,-0.036497965130693144
ETH-USD,2024-10-24,2535.87,0.0038676220260480676
ETH-USD,2024-10-25,2441.18,-0.03734024220484489
ETH-USD,2024-10-26,2482.52,0.0169344333478072
ETH-USD,2024-10-27,2507.39,0.0100180461788828
ETH-USD,2024-10-28,2567.41,0.023937241514084384
ETH-USD,2024-10-29,2638.64,0.027743913126458297
ETH-USD,2024-10-30,2658.62,0.0075720825879999065
ETH-USD,2024-10-31,2519.14,-0.05246330803198651
ETH-USD,2024-11-01,2511.96,-0.002850179029351252
ETH-USD,2024-11-02,2492.45,-0.007766843421073699
ETH-USD,2024-11-03,2457.68,-0.013950129390760124
ETH-USD,2024-11-04,2398.95,-0.023896520295563328
ETH-USD,2024-11-05,2422.5,0.009816794847745891
ETH-USD,2024-11-06,2721.85,0.12357069143446853
ETH-USD,2024-11-07,2894.13,0.06329518526002542
ETH-USD,2024-11-08,2961.34,0.02322286835767562
ETH-USD,2024-11-09,3127.69,0.05617389425057562
ETH-USD,2024-11-10,3186.05,0.018659138213825477
ETH-USD,2024-11-11,3372.13,0.058404607586196144
ETH-USD,2024-11-12,3242.44,-0.038459371376548424
ETH-USD,2024-11-13,3187.02,-0.017092066468462064
ETH-USD,2024-11-14,3058.22,-0.040413928999504245
ETH-USD,2024-11-15,3089.45,0.010211822563451989
ETH-USD,2024-11-16,3132.0,0.013772677984754678
ETH-USD,2024-11-17,3075.42,-0.018065134099616853
ETH-USD,2024-11-18,3207.46,0.04293397324593062
ETH-USD,2024-11-19,3105.97,-0.03164185991407542
ETH-USD,2024-11-20,3069.72,-0.011671072161031804
ETH-USD,2024-11-21,3356.43,0.09339939799069619
ETH-USD,2024-11-22,3327.77,-0.008538834416329188
ETH-USD,2024-11-23,3393.91,0.0198751716615031
ETH-USD,2024-11-24,3361.41,-0.009575975791933145
ETH-USD,2024-11-25,3412.18,0.015103780853867876
ETH-USD,2024-11-26,3326.3,-0.02516866050442812
ETH-USD,2024-11-27,3653.79,0.09845473950034567
ETH-USD,2024-11-28,3578.41,-0.020630632849725883
ETH-USD,2024-11-29,3592.13,0.003834105091367501
ETH-USD,2024-11-30,3702.97,0.030856344285980608
ETH-USD,2024-12-01,3708.33,0.0014474867471245823
ETH-USD,2024-12-02,3643.48,-0.017487656168679644
ETH-USD,2024-12-03,3615.07,-0.0077974903114604865
ETH-USD,2024-12-04,3836.25,0.061182771011349724
ETH-USD,2024-12-05,3785.1,-0.013333333333333308
ETH-USD,2024-12-06,3999.51,0.05664579535547287
ETH-USD,2024-12-07,3996.24,-0.0008176001560191715
ETH-USD,2024-12-08,4002.91,0.001669068924789352
ETH-USD,2024-12-09,3718.98,-0.0709308977718709
ETH-USD,2024-12-10,3628.94,-0.024210939558696243
ETH-USD,2024-12-11,3831.41,0.05579315171923471
ETH-USD,2024-12-12,3881.63,0.013107446083817864
ETH-USD,2024-12-13,3909.48,0.0071748208871014185
ETH-USD,2024-12-14,3871.13,-0.009809488729958904
ETH-USD,2024-12-15,3959.81,0.022908039771332822
ETH-USD,2024-12-16,3986.91,0.00684376270578646
ETH-USD,2024-12-17,3892.79,-0.023607254741140338
ETH-USD,2024-12-18,3627.88,-0.06805144896077098
ETH-USD,2024-12-19,3418.84,-0.05762042845959625
ETH-USD,2024-12-20,3474.01,0.016137052333540014
ETH-USD,2024-12-21,3338.66,-0.03896073989424331
ETH-USD,2024-12-22,3281.58,-0.017096679506149126
ETH-USD,2024-12-23,3422.01,0.04279341049128793
ETH-USD,2024-12-24,3493.31,0.02083570766888454
ETH-USD,2024-12-25,3496.49,0.0009103114238357968
ETH-USD,2024-12-26,3335.96,-0.04591175721938279
ETH-USD,2024-12-27,3334.19,-0.000530581901461602
ETH-USD,2024-12-28,3404.59,0.02111457355459656
ETH-USD,2024-12-29,3355.97,-0.014280721026614152
ETH-USD,2024-12-30,3361.99,0.001793818180734652
ETH-USD,2024-12-31,3337.8,-0.007195143352597633
ETH-USD,2025-01-01,3360.14,0.006693031338006916
ETH-USD,2025-01-02,3455.19,0.02828751182986422
ETH-USD,2025-01-03,3608.79,0.044454863553089696
ETH-USD,2025-01-04,3656.13,0.013117970289210579
ETH-USD,2025-01-05,3635.11,-0.005749248522344708
ETH-USD,2025-01-06,3687.75,0.014480992322102981
ETH-USD,2025-01-07,3380.56,-0.083300115246424
ETH-USD,2025-01-08,3327.14,-0.015802115625813462
ETH-USD,2025-01-09,3218.15,-0.03275786411151915
ETH-USD,2025-01-10,3267.08,0.01520438761400178
ETH-USD,2025-01-11,3283.57,0.005047320543114964
ETH-USD,2025-01-12,3267.3,-0.004954972788763445
ETH-USD,2025-01-13,3137.73,-0.03965659719034065
ETH-USD,2025-01-14,3224.06,0.027513520921175427
ETH-USD,2025-01-15,3450.79,0.07032437361587562
ETH-USD,2025-01-16,3307.0,-0.04166871933673155
ETH-USD,2025-01-17,3472.84,0.0501481705473239
ETH-USD,2025-01-18,3308.74,-0.047252392854263525
ETH-USD,2025-01-19,3216.74,-0.027805146369917266
ETH-USD,2025-01-20,3282.68,0.020499014530238613
ETH-USD,2025-01-21,3328.3,0.013897181571155492
ETH-USD,2025-01-22,3242.6,-0.025748880810023245
ETH-USD,2025-01-23,3338.37,0.02953494109665078
ETH-USD,2025-01-24,3311.05,-0.00818363452822779
ETH-USD,2025-01-25,3318.14,0.0021413146886937184
ETH-USD,2025-01-26,3234.18,-0.025303332589944993
ETH-USD,2025-01-27,3179.47,-0.016916188956706213
ETH-USD,2025-01-28,3077.83,-0.031967592082957186
ETH-USD,2025-01-29,3113.26,0.011511357027516267
ETH-USD,2025-01-30,3247.22,0.04302885078663499
ETH-USD,2025-01-31,3298.69,0.01585048133480349
ETH-USD,2025-02-01,3119.13,-0.054433729753326277
ETH-USD,2025-02-02,2869.75,-0.07995178142623105
ETH-USD,2025-02-03,2881.9,0.004233818276853318
ETH-USD,2025-02-04,2731.76,-0.05209757451681174
ETH-USD,2025-02-05,2785.62,0.01971622690133823
ETH-USD,2025-02-06,2688.28,-0.03494374681399459
ETH-USD,2025-02-07,2622.81,-0.02435386194890421
ETH-USD,2025-02-08,2631.56,0.003336116607760342
ETH-USD,2025-02-09,2628.27,-0.001250209001504743
ETH-USD,2025-02-10,2661.0,0.012453058475727419
ETH-USD,2025-02-11,2603.11,-0.021754979331078506
ETH-USD,2025-02-12,2735.91,0.051015900211669685
ETH-USD,2025-02-13,2675.3,-0.022153506511544463
ETH-USD,2025-02-14,2725.51,0.018767988636788413
ETH-USD,2025-02-15,2693.4,-0.011781281301481261
ETH-USD,2025-02-16,2662.8,-0.01136110492314546
ETH-USD,2025-02-17,2743.47,0.030295178008111545
ETH-USD,2025-02-18,2671.36,-0.026284231283739135
ETH-USD,2025-02-19,2716.16,0.01677048394825098
ETH-USD,2025-02-20,2738.03,0.008051808435438401
ETH-USD,2025-02-21,2662.35,-0.02764031073436024
ETH-USD,2025-02-22,2763.23,0.03789133660112309
ETH-USD,2025-02-23,2819.69,0.020432609663328716
ETH-USD,2025-02-24,2510.94,-0.10949785260081779
ETH-USD,2025-02-25,2496.06,-0.005926067528495338
ETH-USD,2025-02-26,2337.98,-0.06333181093403195
ETH-USD,2025-02-27,2307.73,-0.012938519576728646
ETH-USD,2025-02-28,2236.41,-0.030904828554466968
ETH-USD,2025-03-01,2217.53,-0.008442101403588587
ETH-USD,2025-03-02,2518.17,0.1355742650606755
ETH-USD,2025-03-03,2149.11,-0.1465588105648149
ETH-USD,2025-03-04,2170.29,0.009855242402668996
ETH-USD,2025-03-05,2241.65,0.032880398472093564
ETH-USD,2025-03-06,2202.39,-0.01751388486159755
ETH-USD,2025-03-07,2141.17,-0.027797074995799975
ETH-USD,2025-03-08,2203.59,0.02915228589976504
ETH-USD,2025-03-09,2019.89,-0.0833639651659338
ETH-USD,2025-03-10,1864.4,-0.07697943947442687
ETH-USD,2025-03-11,1922.28,0.031044840163054976
ETH-USD,2025-03-12,1908.22,-0.007314231017333528
ETH-USD,2025-03-13,1864.69,-0.02281183511335172
ETH-USD,2025-03-14,1911.62,0.02516772224873831
ETH-USD,2025-03-15,1937.17,0.01336562705977129
ETH-USD,2025-03-16,1887.65,-0.02556306364438843
ETH-USD,2025-03-17,1926.35,0.02050168198553748
ETH-USD,2025-03-18,1932.61,0.0032496690632544123
ETH-USD,2025-03-19,2056.62,0.06416711079835036
ETH-USD,2025-03-20,1983.57,-0.0355194445254835
ETH-USD,2025-03-21,1965.58,-0.00906950599172196
ETH-USD,2025-03-22,1980.8,0.0077432615309476205
ETH-USD,2025-03-23,2006.02,0.012732229402261819
ETH-USD,2025-03-24,2078.73,0.03624589984147719
ETH-USD,2025-03-25,2066.19,-0.00603252947713262
ETH-USD,2025-03-26,2009.59,-0.02739341493279912
ETH-USD,2025-03-27,2003.67,-0.0029458745316207624
ETH-USD,2025-03-28,1896.69,-0.053392025632963525
ETH-USD,2025-03-29,1827.84,-0.03630008066684598
ETH-USD,2025-03-30,1807.02,-0.01139049369747891
ETH-USD,2025-03-31,1821.95,0.008262221779504308
ETH-USD,2025-04-01,1904.99,0.045577540547215856
ETH-USD,2025-04-02,1795.59,-0.057428122982272956
ETH-USD,2025-04-03,1816.53,0.011661905000584838
ETH-USD,2025-04-04,1816.36,-9.358502199252605e-05
ETH-USD,2025-04-05,1806.47,-0.005444955845757327
ETH-USD,2025-04-06,1580.65,-0.1250062276151832
ETH-USD,2025-04-07,1553.01,-0.01748647708221307
ETH-USD,2025-04-08,1473.4,-0.05126174332425415
ETH-USD,2025-04-09,1669.74,0.13325641373693498
ETH-USD,2025-04-10,1522.13,-0.08840298489585197
ETH-USD,2025-04-11,1566.77,0.029327324210152828
ETH-USD,2025-04-12,1644.12,0.04936908416678887
ETH-USD,2025-04-13,1597.77,-0.02819137289248952
ETH-USD,2025-04-14,1623.73,0.01624764515543542
ETH-USD,2025-04-15,1588.8,-0.02151219722490816
ETH-USD,2025-04-16,1577.14,-0.007338872104733052
ETH-USD,2025-04-17,1582.73,0.0035443904789682623
ETH-USD,2025-04-18,1588.93,0.003917282164361602
ETH-USD,2025-04-19,1612.58,0.014884230268167764
ETH-USD,2025-04-20,1587.28,-0.015689144104478525
ETH-USD,2025-04-21,1579.59,-0.004844765888816105
ETH-USD,2025-04-22,1756.11,0.11175051753936138
ETH-USD,2025-04-23,1795.07,0.02218539840898348
ETH-USD,2025-04-24,1769.53,-0.01422785740946031
ETH-USD,2025-04-25,1785.96,0.009284951371268058
ETH-USD,2025-04-26,1820.65,0.019423727295124316
ETH-USD,2025-04-27,1791.42,-0.016054705736962105
ETH-USD,2025-04-28,1799.24,0.00436525214634198
ETH-USD,2025-04-29,1798.47,-0.00042795847135457254
ETH-USD,2025-04-30,1793.58,-0.0027189777977948415
ETH-USD,2025-05-01,1838.32,0.024944524359103104
ETH-USD,2025-05-02,1842.06,0.002034466251795042
ETH-USD,2025-05-03,1833.93,-0.004413537018338132
ETH-USD,2025-05-04,1809.05,-0.01356649381383157
ETH-USD,2025-05-05,1820.34,0.006240844642215526
ETH-USD,2025-05-06,1816.6,-0.002054561235813046
ETH-USD,2025-05-07,1811.2,-0.002972586149950329
ETH-USD,2025-05-08,2206.13,0.2180488074204947
ETH-USD,2025-05-09,2345.27,0.06306971937283845
ETH-USD,2025-05-10,2583.78,0.10169831192144207
ETH-USD,2025-05-11,2515.22,-0.02653476689191825
ETH-USD,2025-05-12,2495.73,-0.007748825152471661
ETH-USD,2025-05-13,2680.05,0.07385414287603242
ETH-USD,2025-05-14,2609.68,-0.026256972817671476
ETH-USD,2025-05-15,2548.16,-0.02357377149688855
ETH-USD,2025-05-16,2537.04,-0.004363933191008362
ETH-USD,2025-05-17,2475.04,-0.024437927663734094
ETH-USD,2025-05-18,2498.97,0.009668530609606263
ETH-USD,2025-05-19,2528.21,0.011700820738144158
ETH-USD,2025-05-20,2523.82,-0.0017364063902919336
ETH-USD,2025-05-21,2551.42,0.010935803662701638
ETH-USD,2025-05-22,2663.77,0.044034302466861464
ETH-USD,2025-05-23,2526.46,-0.05154724319291826
ETH-USD,2025-05-24,2529.32,0.0011320187139318705
ETH-USD,2025-05-25,2551.2,0.008650546391915537
ETH-USD,2025-05-26,2563.84,0.004954531201003531
ETH-USD,2025-05-27,2660.88,0.037849475786320586
ETH-USD,2025-05-28,2681.2,0.007636571359850741
ETH-USD,2025-05-29,2632.5,-0.018163508876622325
ETH-USD,2025-05-30,2531.29,-0.03844634377967715
ETH-USD,2025-05-31,2528.09,-0.0012641775537373112
ETH-USD,2025-06-01,2537.51,0.003726133167727408
ETH-USD,2025-06-02,2606.81,0.027310237201035648
ETH-USD,2025-06-03,2593.03,-0.0052861543418967205
ETH-USD,2025-06-04,2607.13,0.0054376540186575895
ETH-USD,2025-06-05,2414.36,-0.07393954271555314
ETH-USD,2025-06-06,2475.34,0.02525721102072609
ETH-USD,2025-06-07,2524.66,0.01992453561934915
ETH-USD,2025-06-08,2509.84,-0.005870097359644388
ETH-USD,2025-06-09,2680.07,0.06782504064004091
ETH-USD,2025-06-10,2815.73,0.05061808087102193
ETH-USD,2025-06-11,2772.11,-0.015491542157806237
ETH-USD,2025-06-12,2643.7,-0.04632211564476163
ETH-USD,2025-06-13,2578.83,-0.024537579906948603
ETH-USD,2025-06-14,2531.39,-0.01839593924376559
ETH-USD,2025-06-15,2547.58,0.006395695645475374
ETH-USD,2025-06-16,2538.95,-0.0033875285565124758
ETH-USD,2025-06-17,2509.59,-0.011563835443785697
ETH-USD,2025-06-18,2525.35,0.006279910264226363
ETH-USD,2025-06-19,2521.11,-0.0016789751915575746
ETH-USD,2025-06-20,2406.51,-0.04545616811642483
ETH-USD,2025-06-21,2295.26,-0.04622877112499013
ETH-USD,2025-06-22,2228.13,-0.029247231250490224
ETH-USD,2025-06-23,2410.48,0.08183992854994981
ETH-USD,2025-06-24,2448.66,0.01583916896219839
ETH-USD,2025-06-25,2418.43,-0.012345527758039099
ETH-USD,2025-06-26,2415.71,-0.0011246966006871473
ETH-USD,2025-06-27,2422.65,0.0028728613947865966
ETH-USD,2025-06-28,2435.58,0.0053371308278125085
ETH-USD,2025-06-29,2500.42,0.026621995582161162
ETH-USD,2025-06-30,2486.52,-0.005559066076899155
ETH-USD,2025-07-01,2405.26,-0.03268021170149438
ETH-USD,2025-07-02,2570.23,0.0685871797643498
ETH-USD,2025-07-03,2590.98,0.00807320745614204
ETH-USD,2025-07-04,2508.02,-0.0320187728195509
ETH-USD,2025-07-05,2516.3,0.0033014090796725792
ETH-USD,2025-07-06,2570.57,0.021567380677979475
ETH-USD,2025-07-07,2542.35,-0.010978109913365564
ETH-USD,2025-07-08,2614.41,0.028343855094695725
ETH-USD,2025-07-09,2768.27,0.05885075408983287
ETH-USD,2025-07-10,2951.2,0.06608098198513868
ETH-USD,2025-07-11,2957.71,0.0022058823529411686
ETH-USD,2025-07-12,2942.36,-0.005189825912614743
ETH-USD,2025-07-13,2971.67,0.009961391536045916
ETH-USD,2025-07-14,3013.63,0.014120006595617962
ETH-USD,2025-07-15,3138.89,0.04156449199138579
ETH-USD,2025-07-16,3373.85,0.07485448677717277
ETH-USD,2025-07-17,3472.9,0.029358151666493804
ETH-USD,2025-07-18,3545.58,0.02092775490224308
ETH-USD,2025-07-19,3591.98,0.013086716418752475
ETH-USD,2025-07-20,3757.32,0.046030323108703364
ETH-USD,2025-07-21,3761.37,0.0010778959471111627
ETH-USD,2025-07-22,3745.84,-0.00412881476695981
ETH-USD,2025-07-23,3626.81,-0.03177658415735862
ETH-USD,2025-07-24,3704.21,0.021341068321748313
ETH-USD,2025-07-25,3725.01,0.005615232397731207
ETH-USD,2025-07-26,3740.86,0.00425502213416884
ETH-USD,2025-07-27,3871.74,0.034986607357666344
ETH-USD,2025-07-28,3796.91,-0.019327227551436788
ETH-USD,2025-07-29,3793.94,-0.0007822150116805204
ETH-USD,2025-07-30,3808.91,0.0039457661428488056
ETH-USD,2025-07-31,3698.46,-0.028997797270085113
ETH-USD,2025-08-01,3488.36,-0.05680742795650073
ETH-USD,2025-08-02,3393.92,-0.02707289385269873
ETH-USD,2025-08-03,3496.26,0.030153922308127523
ETH-USD,2025-08-04,3720.89,0.06424865427628368
ETH-USD,2025-08-05,3611.69,-0.02934781732327474
ETH-USD,2025-08-06,3683.36,0.01984389579393575
ETH-USD,2025-08-07,3909.96,0.0615199165978888
ETH-USD,2025-08-08,4008.96,0.02531995212227245
ETH-USD,2025-08-09,4260.74,0.06280431832694755
ETH-USD,2025-08-10,4250.18,-0.0024784427118292873
ETH-USD,2025-08-11,4223.42,-0.006296203925480803
ETH-USD,2025-08-12,4590.71,0.08696506622594957
ETH-USD,2025-08-13,4747.87,0.03423435590573143
ETH-USD,2025-08-14,4547.35,-0.04223367531124478
ETH-USD,2025-08-15,4440.05,-0.023596160401112787
ETH-USD,2025-08-16,4422.56,-0.003939144829450014
ETH-USD,2025-08-17,4472.21,0.011226529430917731
ETH-USD,2025-08-18,4311.42,-0.03595314173529418
ETH-USD,2025-08-19,4075.57,-0.054703554745304306
ETH-USD,2025-08-20,4335.37,0.06374568465269892
ETH-USD,2025-08-21,4224.52,-0.02556875191736796
ETH-USD,2025-08-22,4831.21,0.14361158190753032
ETH-USD,2025-08-23,4778.43,-0.010924799377381555
ETH-USD,2025-08-24,4779.86,0.00029926147291048366
ETH-USD,2025-08-25,4374.73,-0.08475771256898745
ETH-USD,2025-08-26,4600.77,0.05166947445899539
ETH-USD,2025-08-27,4506.05,-0.02058785811940178
ETH-USD,2025-08-28,4513.55,0.001664428934432527
ETH-USD,2025-08-29,4359.2,-0.03419702894617327
ETH-USD,2025-08-30,4373.64,0.0033125344099835807
ETH-USD,2025-08-31,4391.11,0.003994384540108253
ETH-USD,2025-09-01,4314.22,-0.017510378924690873
ETH-USD,2025-09-02,4325.19,0.0025427539624773843
ETH-USD,2025-09-03,4450.68,0.029013754309059392
ETH-USD,2025-09-04,4297.66,-0.0343812630878878
ETH-USD,2025-09-05,4306.96,0.002163968299027985
ETH-USD,2025-09-06,4272.82,-0.007926704682653218
ETH-USD,2025-09-07,4306.25,0.007823872758506267
ETH-USD,2025-09-08,4306.59,7.895500725685345e-05
ETH-USD,2025-09-09,4309.63,0.0007058949191820485
ETH-USD,2025-09-10,4348.7,0.009065743462895792
ETH-USD,2025-09-11,4458.79,0.025315611562076068
ETH-USD,2025-09-12,4711.99,0.05678670670742503
ETH-USD,2025-09-13,4667.07,-0.009533127192544955
ETH-USD,2025-09-14,4604.95,-0.013310278183099822
ETH-USD,2025-09-15,4523.56,-0.017674459006069454
ETH-USD,2025-09-16,4501.21,-0.004940798839851879
ETH-USD,2025-09-17,4590.56,0.01985021805247933
ETH-USD,2025-09-18,4587.65,-0.0006339095883728385
ETH-USD,2025-09-19,4468.66,-0.025937026582237066
ETH-USD,2025-09-20,4480.38,0.002622710163673325
ETH-USD,2025-09-21,4444.51,-0.008006017346742889
ETH-USD,2025-09-22,4199.05,-0.05522768539164047
ETH-USD,2025-09-23,4164.63,-0.008197092199426104
ETH-USD,2025-09-24,4153.21,-0.002742140358207079
ETH-USD,2025-09-25,3872.53,-0.06758146108672569
ETH-USD,2025-09-26,4032.3,0.04125726592176182
ETH-USD,2025-09-27,4017.89,-0.0035736428341146542
ETH-USD,2025-09-28,4143.72,0.03131743278188304
ETH-USD,2025-09-29,4215.36,0.017288812950681853
ETH-USD,2025-09-30,4144.6,-0.01678622940863872
ETH-USD,2025-10-01,4343.8,0.048062539207643695
ETH-USD,2025-10-02,4484.19,0.03231962797550514
ETH-USD,2025-10-03,4511.06,0.005992163579152665
ETH-USD,2025-10-04,4487.37,-0.005251537332689127
ETH-USD,2025-10-05,4514.27,0.005994602629157075
ETH-USD,2025-10-06,4686.2,0.0380858920711431
ETH-USD,2025-10-07,4447.77,-0.05087917715846513
ETH-USD,2025-10-08,4525.69,0.017518891489442856
ETH-USD,2025-10-09,4367.94,-0.03485656330857834
ETH-USD,2025-10-10,3829.58,-0.1232526087812561
ETH-USD,2025-10-11,3745.85,-0.021864016419555155
ETH-USD,2025-10-12,4153.64,0.1088644766875344
ETH-USD,2025-10-13,4240.91,0.021010487187141713
ETH-USD,2025-10-14,4122.38,-0.02794919015022712
ETH-USD,2025-10-15,3985.52,-0.03319926838379772
ETH-USD,2025-10-16,3894.48,-0.02284269053975385
ETH-USD,2025-10-17,3831.6,-0.01614592962346706
ETH-USD,2025-10-18,3888.87,0.014946758534293725
ETH-USD,2025-10-19,3982.53,0.024084116979996795
ETH-USD,2025-10-20,3979.43,-0.0007783996605174037
ETH-USD,2025-10-21,3874.27,-0.026425895165890556
ETH-USD,2025-10-22,3805.16,-0.01783819919623575
ETH-USD,2025-10-23,3856.73,0.013552649560071073
ETH-USD,2025-10-24,3934.75,0.020229572720932065
ETH-USD,2025-10-25,3953.92,0.004871974077133245
ETH-USD,2025-10-26,4158.33,0.05169806167044344
ETH-USD,2025-10-27,4120.9,-0.009001209620208228
ETH-USD,2025-10-28,3979.45,-0.03432502608653443
ETH-USD,2025-10-29,3902.7,-0.019286584829561915
ETH-USD,2025-10-30,3803.0,-0.025546416583390963
ETH-USD,2025-10-31,3848.0,0.011832763607678043
ETH-USD,2025-11-01,3874.8,0.00696465696465709
ETH-USD,2025-11-02,3908.28,0.008640445958500997
ETH-USD,2025-11-03,3603.63,-0.07794989100064476
ETH-USD,2025-11-04,3289.11,-0.08727866068381052
ETH-USD,2025-11-05,3424.74,0.041236079060900765
ETH-USD,2025-11-06,3314.43,-0.03220974438935509
ETH-USD,2025-11-07,3435.78,0.03661263022601191
ETH-USD,2025-11-08,3401.53,-0.00996862430074108
ETH-USD,2025-11-09,3584.18,0.05369642484411408
ETH-USD,2025-11-10,3567.87,-0.0045505527066163065
ETH-USD,2025-11-11,3417.56,-0.042128777113515925
ETH-USD,2025-11-12,3413.6,-0.0011587214269830337
ETH-USD,2025-11-13,3232.94,-0.05292359971877192
ETH-USD,2025-11-14,3113.03,-0.037090078999300946
ETH-USD,2025-11-15,3168.01,0.017661249650661848
ETH-USD,2025-11-16,3096.03,-0.02272088787598525
ETH-USD,2025-11-17,3030.18,-0.021269173748316494
ETH-USD,2025-11-18,3123.73,0.03087275343378937
ETH-USD,2025-11-19,3025.72,-0.031375951186562334
ETH-USD,2025-11-20,2832.98,-0.06370054069775122
ETH-USD,2025-11-21,2766.76,-0.02337467966593476
ETH-USD,2025-11-22,2770.41,0.0013192326042010816
ETH-USD,2025-11-23,2801.99,0.01139903479990334
ETH-USD,2025-11-24,2953.44,0.05405087098811934
ETH-USD,2025-11-25,2960.07,0.0022448399154884058
ETH-USD,2025-11-26,3026.95,0.022594060275601402
ETH-USD,2025-11-27,3015.69,-0.003719916087150388
ETH-USD,2025-11-28,3031.22,0.0051497335601469185
ETH-USD,2025-11-29,2989.11,-0.013892096251674091
ETH-USD,2025-11-30,2991.73,0.00087651508308495
ETH-USD,2025-12-01,2800.86,-0.06379920647919424
GOLD,2021-01-01,1898.1,
GOLD,2021-01-04,1942.28,0.023275907486433933
GOLD,2021-01-05,1949.35,0.003640051897769503
GOLD,2021-01-06,1918.81,-0.015666760715110195
GOLD,2021-01-07,1912.5,-0.003288496516069772
GOLD,2021-01-08,1848.26,-0.033589542483660084
GOLD,2021-01-11,1844.66,-0.0019477779100341985
GOLD,2021-01-12,1855.63,0.005946895362830995
GOLD,2021-01-13,1843.41,-0.006585364539266947
GOLD,2021-01-14,1846.37,0.001605719834437247
GOLD,2021-01-15,1826.59,-0.010712912363177507
GOLD,2021-01-18,1836.89,0.005638922801504576
GOLD,2021-01-19,1839.34,0.0013337761107088397
GOLD,2021-01-20,1870.91,0.017163765263627173
GOLD,2021-01-21,1869.91,-0.0005344992543735438
GOLD,2021-01-22,1852.55,-0.009283869277131096
GOLD,2021-01-25,1854.99,0.0013171034519985358
GOLD,2021-01-26,1850.31,-0.0025229246518849724
GOLD,2021-01-27,1843.99,-0.0034156438650820853
GOLD,2021-01-28,1840.36,-0.001968557313217545
GOLD,2021-01-29,1846.09,0.0031135212675781343
GOLD,2021-02-01,1860.16,0.00762151357734453
GOLD,2021-02-02,1837.35,-0.012262386031309247
GOLD,2021-02-03,1833.76,-0.0019539009987209477
GOLD,2021-02-04,1792.26,-0.022631096762935177
GOLD,2021-02-05,1811.62,0.010802004173501523
GOLD,2021-02-08,1830.16,0.010233934268776057
GOLD,2021-02-09,1837.06,0.0037701621716133005
GOLD,2021-02-10,1842.22,0.0028088358572937455
GOLD,2021-02-11,1825.36,-0.009152001389627795
GOLD,2021-02-12,1823.46,-0.0010408905640530985
GOLD,2021-02-15,1818.51,-0.0027146194597085227
GOLD,2021-02-16,1794.31,-0.013307597978564845
GOLD,2021-02-17,1776.26,-0.010059577219098115
GOLD,2021-02-18,1775.49,-0.0004334950964385298
GOLD,2021-02-19,1782.31,0.0038411931354160878
GOLD,2021-02-22,1808.66,0.014784184569463399
GOLD,2021-02-23,1805.06,-0.0019904238497009397
GOLD,2021-02-24,1804.36,-0.0003877987435321195
GOLD,2021-02-25,1769.88,-0.019109268660355894
GOLD,2021-02-26,1733.49,-0.020560715980744493
GOLD,2021-03-01,1723.84,-0.0055668045388206355
GOLD,2021-03-02,1738.09,0.008266428438834295
GOLD,2021-03-03,1710.95,-0.015614841578974525
GOLD,2021-03-04,1697.19,-0.008042315672579514
GOLD,2021-03-05,1700.86,0.0021623978458509274
GOLD,2021-03-08,1681.24,-0.011535340945168837
GOLD,2021-03-09,1715.36,0.02029454450286683
GOLD,2021-03-10,1726.05,0.006231927991791952
GOLD,2021-03-11,1721.41,-0.002688218765389161
GOLD,2021-03-12,1726.41,0.002904595651239461
GOLD,2021-03-15,1731.84,0.0031452551827200192
GOLD,2021-03-16,1730.94,-0.0005196784922394393
GOLD,2021-03-17,1744.44,0.007799230475926455
GOLD,2021-03-18,1736.41,-0.004603196441264834
GOLD,2021-03-19,1744.74,0.004797254104733195
GOLD,2021-03-22,1738.69,-0.0034675653679058227
GOLD,2021-03-23,1727.11,-0.006660186692279857
GOLD,2021-03-24,1734.19,0.004099333568794217
GOLD,2021-03-25,1726.82,-0.00424982268378904
GOLD,2021-03-26,1731.97,0.0029823606397887392
GOLD,2021-03-29,1711.99,-0.011535996581926944
GOLD,2021-03-30,1684.8,-0.015882102115082453
GOLD,2021-03-31,1707.01,0.013182573599240355
GOLD,2021-04-01,1730.18,0.013573441280367415
GOLD,2021-04-02,1728.84,-0.0007744858916414188
GOLD,2021-04-05,1728.44,-0.00023136901043463443
GOLD,2021-04-06,1743.57,0.008753558121774585
GOLD,2021-04-07,1737.28,-0.003607540850094848
GOLD,2021-04-08,1755.94,0.010740928347761969
GOLD,2021-04-09,1743.1,-0.007312322744512989
GOLD,2021-04-12,1732.51,-0.006075382938443008
GOLD,2021-04-13,1743.83,0.006533872820358777
GOLD,2021-04-14,1736.0,-0.004490116582465009
GOLD,2021-04-15,1763.21,0.015673963133640667
GOLD,2021-04-16,1776.31,0.007429631184033614
GOLD,2021-04-19,1769.31,-0.00394075358467838
GOLD,2021-04-20,1777.25,0.004487625119396821
GOLD,2021-04-21,1793.46,0.009120832747221863
GOLD,2021-04-22,1783.94,-0.005308175258996517
GOLD,2021-04-23,1777.18,-0.0037893651131764017
GOLD,2021-04-26,1780.19,0.0016936945047771879
GOLD,2021-04-27,1776.69,-0.0019660822721170312
GOLD,2021-04-28,1781.32,0.0026059695276046124
GOLD,2021-04-29,1771.24,-0.0056587249904564985
GOLD,2021-04-30,1768.59,-0.0014961270070685817
GOLD,2021-05-03,1792.36,0.013440085039494676
GOLD,2021-05-04,1778.48,-0.007743980004016993
GOLD,2021-05-05,1786.44,0.0044757320858261895
GOLD,2021-05-06,1815.18,0.01608786189292677
GOLD,2021-05-07,1830.48,0.00842891614054797
GOLD,2021-05-10,1835.44,0.0027096717800796366
GOLD,2021-05-11,1836.94,0.0008172427319879105
GOLD,2021-05-12,1815.44,-0.011704247280803992
GOLD,2021-05-13,1826.57,0.006130745163706708
GOLD,2021-05-14,1842.19,0.008551547435904583
GOLD,2021-05-17,1866.13,0.012995402211498197
GOLD,2021-05-18,1868.22,0.0011199648470363588
GOLD,2021-05-19,1869.57,0.0007226129684940741
GOLD,2021-05-20,1876.69,0.0038083623507010333
GOLD,2021-05-21,1880.3,0.001923599528957931
GOLD,2021-05-24,1881.07,0.0004095091208848878
GOLD,2021-05-25,1899.26,0.009670028228614624
GOLD,2021-05-26,1896.44,-0.0014847888124848163
GOLD,2021-05-27,1896.08,-0.00018982936449352117
GOLD,2021-05-28,1902.64,0.003459769629973408
GOLD,2021-05-31,1906.36,0.00195517806836798
GOLD,2021-06-01,1900.19,-0.0032365345475146023
GOLD,2021-06-02,1907.94,0.00407853951446957
GOLD,2021-06-03,1870.57,-0.019586569808275
GOLD,2021-06-04,1889.97,0.010371170284993347
GOLD,2021-06-07,1899.0,0.004777853616724004
GOLD,2021-06-08,1892.82,-0.00325434439178518
GOLD,2021-06-09,1888.3,-0.0023879713866082897
GOLD,2021-06-10,1898.14,0.005211036381930878
GOLD,2021-06-11,1876.64,-0.011326877890988074
GOLD,2021-06-14,1865.99,-0.00567503623497323
GOLD,2021-06-15,1858.69,-0.00391213243372146
GOLD,2021-06-16,1811.95,-0.025146743136294947
GOLD,2021-06-17,1773.31,-0.02132509175197994
GOLD,2021-06-18,1763.34,-0.005622254428159779
GOLD,2021-06-21,1782.95,0.011120940941622193
GOLD,2021-06-22,1778.51,-0.002490254914607859
GOLD,2021-06-23,1778.73,0.0001236990514532632
GOLD,2021-06-24,1775.18,-0.001995805996413136
GOLD,2021-06-25,1780.34,0.00290674748476194
GOLD,2021-06-28,1778.18,-0.0012132514014175921
GOLD,2021-06-29,1761.09,-0.009610950522444428
GOLD,2021-06-30,1769.8,0.004945800612121021
GOLD,2021-07-01,1776.6,0.0038422420612498343
GOLD,2021-07-02,1786.79,0.0057356748846111305
GOLD,2021-07-05,1791.61,0.002697574980831563
GOLD,2021-07-06,1796.69,0.0028354385161950546
GOLD,2021-07-07,1803.41,0.0037402111660886916
GOLD,2021-07-08,1802.56,-0.00047132931501991937
GOLD,2021-07-09,1807.98,0.0030068347239482485
GOLD,2021-07-12,1805.88,-0.0011615172734210644
GOLD,2021-07-13,1807.44,0.0008638447737390198
GOLD,2021-07-14,1827.06,0.010855132120568323
GOLD,2021-07-15,1829.19,0.0011658073626481524
GOLD,2021-07-16,1810.89,-0.010004428189526515
GOLD,2021-07-19,1812.34,0.000800711252477937
GOLD,2021-07-20,1810.03,-0.0012745952746172629
GOLD,2021-07-21,1803.31,-0.0037126456467572178
GOLD,2021-07-22,1806.69,0.0018743310911601974
GOLD,2021-07-23,1801.34,-0.0029612163680543535
GOLD,2021-07-26,1797.27,-0.0022594290916762017
GOLD,2021-07-27,1798.73,0.000812343164911189
GOLD,2021-07-28,1806.88,0.004530974632101614
GOLD,2021-07-29,1827.95,0.011660984680775588
GOLD,2021-07-30,1813.58,-0.007861265351897018
GOLD,2021-08-02,1813.39,-0.00010476516062141172
GOLD,2021-08-03,1809.94,-0.0019025140758469616
GOLD,2021-08-04,1811.41,0.0008121816192803166
GOLD,2021-08-05,1804.01,-0.0040852153847004136
GOLD,2021-08-06,1762.69,-0.022904529354050074
GOLD,2021-08-09,1729.46,-0.01885186845106057
GOLD,2021-08-10,1728.71,-0.0004336613740705264
GOLD,2021-08-11,1751.56,0.013217948643786448
GOLD,2021-08-12,1752.44,0.0005024092808696423
GOLD,2021-08-13,1779.15,0.015241605989363416
GOLD,2021-08-16,1787.24,0.004547115195458362
GOLD,2021-08-17,1785.96,-0.0007161880888968408
GOLD,2021-08-18,1787.59,0.000912674416000403
GOLD,2021-08-19,1780.18,-0.004145245833776068
GOLD,2021-08-20,1780.87,0.0003876012538057694
GOLD,2021-08-23,1805.2,0.013661861898959682
GOLD,2021-08-24,1802.61,-0.0014347440726789618
GOLD,2021-08-25,1790.68,-0.006618181414726365
GOLD,2021-08-26,1792.16,0.0008265016641721967
GOLD,2021-08-27,1816.67,0.013676234264797804
GOLD,2021-08-30,1810.17,-0.003577975086284213
GOLD,2021-08-31,1813.43,0.001800935823707217
GOLD,2021-09-01,1813.66,0.00012683147405745387
GOLD,2021-09-02,1809.4,-0.002348841568982074
GOLD,2021-09-03,1826.19,0.009279319111307638
GOLD,2021-09-06,1823.1,-0.0016920473773266442
GOLD,2021-09-07,1794.13,-0.01589051615380388
GOLD,2021-09-08,1788.93,-0.00289834069994932
GOLD,2021-09-09,1794.69,0.0032198017809528245
GOLD,2021-09-10,1787.34,-0.004095414807014142
GOLD,2021-09-13,1793.49,0.003440867434287842
GOLD,2021-09-14,1804.27,0.006010627324378737
GOLD,2021-09-15,1792.59,-0.006473532231872192
GOLD,2021-09-16,1753.39,-0.021867800222025058
GOLD,2021-09-17,1754.16,0.0004391493050603934
GOLD,2021-09-20,1763.88,0.005541113695443967
GOLD,2021-09-21,1774.25,0.005879084744993879
GOLD,2021-09-22,1767.91,-0.0035733408482456763
GOLD,2021-09-23,1742.57,-0.014333308822281787
GOLD,2021-09-24,1749.86,0.00418347613008363
GOLD,2021-09-27,1749.85,-5.714742893681013e-06
GOLD,2021-09-28,1733.68,-0.009240792067891412
GOLD,2021-09-29,1726.11,-0.004366434405426722
GOLD,2021-09-30,1756.66,0.017698756162701113
GOLD,2021-10-01,1760.36,0.002106269853016318
GOLD,2021-10-04,1769.51,0.00519780044990803
GOLD,2021-10-05,1759.96,-0.0053969743036207385
GOLD,2021-10-06,1762.48,0.0014318507238799683
GOLD,2021-10-07,1755.29,-0.004079478916072854
GOLD,2021-10-08,1756.67,0.0007861948737815094
GOLD,2021-10-11,1753.86,-0.0015996174580314992
GOLD,2021-10-12,1759.93,0.0034609375890892746
GOLD,2021-10-13,1792.65,0.018591648531475657
GOLD,2021-10-14,1795.56,0.0016232951217469704
GOLD,2021-10-15,1767.26,-0.015761099601238615
GOLD,2021-10-18,1764.6,-0.0015051548725145691
GOLD,2021-10-19,1768.87,0.0024198118553779846
GOLD,2021-10-20,1781.83,0.007326711403325303
GOLD,2021-10-21,1782.76,0.0005219353136944882
GOLD,2021-10-22,1792.48,0.005452220153021159
GOLD,2021-10-25,1807.47,0.008362715344104155
GOLD,2021-10-26,1792.63,-0.00821037140312142
GOLD,2021-10-27,1796.69,0.0022648287711350967
GOLD,2021-10-28,1798.62,0.0010741975521653124
GOLD,2021-10-29,1782.81,-0.00879007238883145
GOLD,2021-11-01,1793.05,0.005743741621373033
GOLD,2021-11-02,1787.28,-0.0032179805359582314
GOLD,2021-11-03,1769.52,-0.009936887337182787
GOLD,2021-11-04,1791.7,0.012534472625344684
GOLD,2021-11-05,1816.73,0.013969972651671547
GOLD,2021-11-08,1824.26,0.00414480963048991
GOLD,2021-11-09,1831.48,0.0039577691776391255
GOLD,2021-11-10,1849.57,0.00987725773691217
GOLD,2021-11-11,1861.52,0.006460961196386172
GOLD,2021-11-12,1864.04,0.0013537324337100642
GOLD,2021-11-15,1862.46,-0.0008476212956802787
GOLD,2021-11-16,1849.91,-0.006738399750867097
GOLD,2021-11-17,1866.96,0.009216664594493773
GOLD,2021-11-18,1858.46,-0.004552855979774617
GOLD,2021-11-19,1844.6,-0.007457787630618995
GOLD,2021-11-22,1805.04,-0.02144638403990018
GOLD,2021-11-23,1789.73,-0.008481806497362965
GOLD,2021-11-24,1788.5,-0.0006872545020757403
GOLD,2021-11-25,1788.45,-2.795638803465561e-05
GOLD,2021-11-26,1791.81,0.0018787217982050297
GOLD,2021-11-29,1785.01,-0.0037950452335906437
GOLD,2021-11-30,1773.78,-0.00629128128133738
GOLD,2021-12-01,1782.66,0.005006257822277815
GOLD,2021-12-02,1768.64,-0.007864651700268177
GOLD,2021-12-03,1783.74,0.008537633435860226
GOLD,2021-12-06,1778.11,-0.003156289593774897
GOLD,2021-12-07,1784.04,0.0033350017715438884
GOLD,2021-12-08,1782.06,-0.0011098405865339611
GOLD,2021-12-09,1774.46,-0.004264727338024521
GOLD,2021-12-10,1782.51,0.004536591413725866
GOLD,2021-12-13,1786.94,0.0024852595497359964
GOLD,2021-12-14,1770.18,-0.009379162143104969
GOLD,2021-12-15,1777.06,0.003886610401202084
GOLD,2021-12-16,1799.03,0.012363116608330671
GOLD,2021-12-17,1797.68,-0.0007504043845849573
GOLD,2021-12-20,1789.32,-0.004650438342752916
GOLD,2021-12-21,1788.36,-0.0005365166655489917
GOLD,2021-12-22,1803.4,0.00840993983314342
GOLD,2021-12-23,1807.91,0.0025008317622268184
GOLD,2021-12-24,1808.11,0.00011062497580072161
GOLD,2021-12-27,1810.9,0.0015430477128051123
GOLD,2021-12-28,1805.37,-0.0030537301894086877
GOLD,2021-12-29,1803.66,-0.0009471742634472591
GOLD,2021-12-30,1815.01,0.00629276027632697
GOLD,2021-12-31,1828.39,0.007371860210136694
GOLD,2022-01-03,1800.85,-0.015062431975672697
GOLD,2022-01-04,1814.56,0.0076130716050752945
GOLD,2022-01-05,1809.53,-0.0027720218675602037
GOLD,2022-01-06,1788.68,-0.011522329002558673
GOLD,2022-01-07,1795.63,0.0038855468837355467
GOLD,2022-01-10,1801.41,0.0032189259479959986
GOLD,2022-01-11,1822.01,0.011435486646571347
GOLD,2022-01-12,1825.32,0.0018166749908068436
GOLD,2022-01-13,1822.09,-0.0017695527359586904
GOLD,2022-01-14,1817.22,-0.0026727549133137574
GOLD,2022-01-17,1818.99,0.0009740152540693714
GOLD,2022-01-18,1813.54,-0.0029961682032336734
GOLD,2022-01-19,1839.96,0.01456819259569686
GOLD,2022-01-20,1838.36,-0.0008695841213940403
GOLD,2022-01-21,1833.24,-0.0027850910594224842
GOLD,2022-01-24,1843.06,0.005356636337849885
GOLD,2022-01-25,1847.56,0.0024415917007585275
GOLD,2022-01-26,1818.12,-0.015934529866418412
GOLD,2022-01-27,1796.51,-0.011885904120740087
GOLD,2022-01-28,1791.03,-0.00305035875113413
GOLD,2022-01-31,1796.47,0.003037358391540179
GOLD,2022-02-01,1800.65,0.0023267853067405753
GOLD,2022-02-02,1806.5,0.0032488268125399067
GOLD,2022-02-03,1804.4,-0.0011624688624410906
GOLD,2022-02-04,1807.49,0.0017124806029704676
GOLD,2022-02-07,1820.31,0.007092708673353654
GOLD,2022-02-08,1825.48,0.0028401755744900115
GOLD,2022-02-09,1832.43,0.0038072178276398194
GOLD,2022-02-10,1826.57,-0.003197939348297152
GOLD,2022-02-11,1859.96,0.01828016446125802
GOLD,2022-02-14,1870.29,0.005553882879201666
GOLD,2022-02-15,1853.06,-0.00921247507071099
GOLD,2022-02-16,1868.37,0.008262009864764108
GOLD,2022-02-17,1897.27,0.015468028281336199
GOLD,2022-02-18,1897.87,0.00031624386618656075
GOLD,2022-02-21,1905.63,0.004088794279903274
GOLD,2022-02-22,1898.13,-0.003935706301852915
GOLD,2022-02-23,1907.55,0.004962779156327368
GOLD,2022-02-24,1903.14,-0.002311866006133423
GOLD,2022-02-25,1887.56,-0.008186470779869115
GOLD,2022-02-28,1907.9,0.010775816397889493
GOLD,2022-03-01,1943.22,0.018512500655170516
GOLD,2022-03-02,1926.11,-0.008804973188831
GOLD,2022-03-03,1935.21,0.004724548442196941
GOLD,2022-03-04,1968.45,0.017176430464910686
GOLD,2022-03-07,1998.11,0.015067692854784154
GOLD,2022-03-08,2052.41,0.027175681018562603
GOLD,2022-03-09,1991.49,-0.02968217851209054
GOLD,2022-03-10,1995.86,0.002194336903524441
GOLD,2022-03-11,1985.29,-0.005295962642670293
GOLD,2022-03-14,1951.11,-0.017216628301155
GOLD,2022-03-15,1917.84,-0.0170518320340729
GOLD,2022-03-16,1927.93,0.005261127101322316
GOLD,2022-03-17,1942.64,0.00762994507061987
GOLD,2022-03-18,1921.09,-0.011093151587530437
GOLD,2022-03-21,1935.95,0.007735192000374758
GOLD,2022-03-22,1921.44,-0.007495028280689042
GOLD,2022-03-23,1943.38,0.011418519443750608
GOLD,2022-03-24,1957.48,0.00725540038489636
GOLD,2022-03-25,1957.4,-4.086887222343183e-05
GOLD,2022-03-28,1923.2,-0.0174721569428834
GOLD,2022-03-29,1919.19,-0.002085066555740478
GOLD,2022-03-30,1933.06,0.007227007227007087
GOLD,2022-03-31,1937.23,0.0021572015353894525
GOLD,2022-04-01,1924.3,-0.006674478507972759
GOLD,2022-04-04,1932.44,0.004230109650262381
GOLD,2022-04-05,1923.76,-0.004491730661754123
GOLD,2022-04-06,1925.48,0.0008940824219236809
GOLD,2022-04-07,1932.17,0.0034744583168873078
GOLD,2022-04-08,1945.85,0.0070801223494825205
GOLD,2022-04-11,1953.43,0.0038954698460826886
GOLD,2022-04-12,1966.59,0.006736867970697613
GOLD,2022-04-13,1977.72,0.005659542660137573
GOLD,2022-04-14,1973.52,-0.002123657545051949
GOLD,2022-04-15,1974.54,0.0005168430013378078
GOLD,2022-04-18,1978.5,0.0020055304020176745
GOLD,2022-04-19,1949.84,-0.014485721506191651
GOLD,2022-04-20,1957.41,0.0038823698354737424
GOLD,2022-04-21,1951.49,-0.00302440469804488
GOLD,2022-04-22,1929.73,-0.011150454268277099
GOLD,2022-04-25,1897.69,-0.016603359019137343
GOLD,2022-04-26,1905.56,0.004147147321216682
GOLD,2022-04-27,1886.12,-0.010201725477025136
GOLD,2022-04-28,1894.34,0.004358153245816787
GOLD,2022-04-29,1896.4,0.0010874499825797024
GOLD,2022-05-02,1862.77,-0.017733600506222413
GOLD,2022-05-03,1867.79,0.0026949113417116255
GOLD,2022-05-04,1880.92,0.0070296981994764085
GOLD,2022-05-05,1876.84,-0.0021691512664016033
GOLD,2022-05-06,1882.96,0.0032608000681997318
GOLD,2022-05-09,1853.92,-0.015422526235289058
GOLD,2022-05-10,1838.14,-0.008511694139984427
GOLD,2022-05-11,1852.12,0.00760551426985967
GOLD,2022-05-12,1821.72,-0.01641362330734497
GOLD,2022-05-13,1811.15,-0.005802208901477646
GOLD,2022-05-16,1823.79,0.006978991248654198
GOLD,2022-05-17,1814.67,-0.005000575724178669
GOLD,2022-05-18,1815.61,0.0005180005180003278
GOLD,2022-05-19,1841.72,0.014380841700585512
GOLD,2022-05-20,1845.68,0.002150163977151731
GOLD,2022-05-23,1853.22,0.00408521520523597
GOLD,2022-05-24,1865.9,0.0068421450232567516
GOLD,2022-05-25,1852.83,-0.007004662629294223
GOLD,2022-05-26,1850.02,-0.0015165989324438245
GOLD,2022-05-27,1852.73,0.0014648490286590654
GOLD,2022-05-30,1856.21,0.0018783093057272993
GOLD,2022-05-31,1837.09,-0.01030055866523727
GOLD,2022-06-01,1845.55,0.00460510916721546
GOLD,2022-06-02,1868.13,0.012234835143995149
GOLD,2022-06-03,1850.77,-0.009292715175068134
GOLD,2022-06-06,1841.0,-0.005278883923988342
GOLD,2022-06-07,1851.97,0.00595871808799564
GOLD,2022-06-08,1853.26,0.0006965555597553408
GOLD,2022-06-09,1847.61,-0.0030486817823727197
GOLD,2022-06-10,1870.96,0.012637948484799377
GOLD,2022-06-13,1818.77,-0.027894770599050767
GOLD,2022-06-14,1808.1,-0.005866602154203204
GOLD,2022-06-15,1833.38,0.01398152757037785
GOLD,2022-06-16,1856.71,0.012725130633038484
GOLD,2022-06-17,1839.35,-0.009349871546983746
GOLD,2022-06-20,1838.29,-0.0005762905374180338
GOLD,2022-06-21,1832.56,-0.0031170272372694763
GOLD,2022-06-22,1837.39,0.0026356572226831076
GOLD,2022-06-23,1822.43,-0.008141984009927161
GOLD,2022-06-24,1826.18,0.0020576922021695587
GOLD,2022-06-27,1822.73,-0.0018891894555849165
GOLD,2022-06-28,1819.69,-0.0016678279284370046
GOLD,2022-06-29,1817.11,-0.0014178239150625105
GOLD,2022-06-30,1806.89,-0.005624315534007218
GOLD,2022-07-01,1810.18,0.0018208081288844102
GOLD,2022-07-04,1809.12,-0.0005855771249269059
GOLD,2022-07-05,1764.35,-0.02474683824179713
GOLD,2022-07-06,1738.3,-0.014764644203247634
GOLD,2022-07-07,1739.61,0.0007536098487026521
GOLD,2022-07-08,1741.82,0.001270399687286261
GOLD,2022-07-11,1733.67,-0.00467901390499581
GOLD,2022-07-12,1725.81,-0.004533734793818911
GOLD,2022-07-13,1735.23,0.005458306534322999
GOLD,2022-07-14,1709.45,-0.014856820133354098
GOLD,2022-07-15,1706.78,-0.0015619058761590088
GOLD,2022-07-18,1709.01,0.0013065538616576777
GOLD,2022-07-19,1711.07,0.0012053762119590417
GOLD,2022-07-20,1696.43,-0.008556049723272507
GOLD,2022-07-21,1718.49,0.013003778523133835
GOLD,2022-07-22,1726.46,0.004637792480608027
GOLD,2022-07-25,1718.78,-0.0044484088829165325
GOLD,2022-07-26,1717.0,-0.00103561828738985
GOLD,2022-07-27,1733.89,0.009836924868957597
GOLD,2022-07-28,1755.11,0.012238377290370028
GOLD,2022-07-29,1765.22,0.0057603227148157465
GOLD,2022-08-01,1771.73,0.0036879255843464964
GOLD,2022-08-02,1759.75,-0.006761752637252871
GOLD,2022-08-03,1764.9,0.002926552067054944
GOLD,2022-08-04,1790.97,0.014771375148733501
GOLD,2022-08-05,1774.15,-0.009391558764245023
GOLD,2022-08-08,1788.52,0.008099653355127856
GOLD,2022-08-09,1794.08,0.0031087155860711757
GOLD,2022-08-10,1792.13,-0.00108690805315248
GOLD,2022-08-11,1789.45,-0.0014954272290514936
GOLD,2022-08-12,1801.76,0.006879208695409256
GOLD,2022-08-15,1778.91,-0.012682044223425892
GOLD,2022-08-16,1775.54,-0.0018944184922228269
GOLD,2022-08-17,1761.05,-0.008160897529765565
GOLD,2022-08-18,1758.2,-0.0016183526873171372
GOLD,2022-08-19,1747.83,-0.0058980775793425755
GOLD,2022-08-22,1735.7,-0.006940034213853696
GOLD,2022-08-23,1747.67,0.006896353056403681
GOLD,2022-08-24,1750.89,0.0018424530946918871
GOLD,2022-08-25,1758.44,0.004312092707137394
GOLD,2022-08-26,1736.86,-0.012272241304792986
GOLD,2022-08-29,1737.82,0.00055272157802011
GOLD,2022-08-30,1723.55,-0.0082114373180191
GOLD,2022-08-31,1710.7,-0.007455542339937837
GOLD,2022-09-01,1696.09,-0.008540363593850575
GOLD,2022-09-02,1711.44,0.009050227287467072
GOLD,2022-09-05,1710.21,-0.0007186930304304839
GOLD,2022-09-06,1701.15,-0.005297595032188962
GOLD,2022-09-07,1717.69,0.009722834553096416
GOLD,2022-09-08,1707.28,-0.006060464926733067
GOLD,2022-09-09,1716.05,0.005136825828218061
GOLD,2022-09-12,1724.07,0.0046735234987325125
GOLD,2022-09-13,1701.55,-0.013062114647317102
GOLD,2022-09-14,1695.8,-0.003379271840380782
GOLD,2022-09-15,1663.74,-0.01890553131265471
GOLD,2022-09-16,1674.94,0.006731821077812672
GOLD,2022-09-19,1675.78,0.0005015105018686405
GOLD,2022-09-20,1663.11,-0.007560658320304614
GOLD,2022-09-21,1673.74,0.0063916397592462815
GOLD,2022-09-22,1670.53,-0.0019178605996152953
GOLD,2022-09-23,1643.09,-0.01642592470653026
GOLD,2022-09-26,1621.57,-0.013097274038549322
GOLD,2022-09-27,1628.8,0.004458641933434926
GOLD,2022-09-28,1659.44,0.018811394891945055
GOLD,2022-09-29,1660.29,0.00051222099021353
GOLD,2022-09-30,1659.67,-0.0003734287383528878
GOLD,2022-10-03,1699.22,0.023830038501629902
GOLD,2022-10-04,1726.24,0.0159014135897646
GOLD,2022-10-05,1715.81,-0.006042033552692616
GOLD,2022-10-06,1710.85,-0.002890762963265181
GOLD,2022-10-07,1694.52,-0.009544963030072684
GOLD,2022-10-10,1667.96,-0.015674055189670244
GOLD,2022-10-11,1665.31,-0.0015887671167175155
GOLD,2022-10-12,1672.51,0.004323519344746618
GOLD,2022-10-13,1665.8,-0.004011934158839159
GOLD,2022-10-14,1641.76,-0.014431504382278804
GOLD,2022-10-17,1649.94,0.0049824578501120875
GOLD,2022-10-18,1651.83,0.0011454961998618174
GOLD,2022-10-19,1628.49,-0.014129783331214396
GOLD,2022-10-20,1627.66,-0.0005096746065372804
GOLD,2022-10-21,1656.66,0.01781698880601601
GOLD,2022-10-24,1648.6,-0.004865210725194191
GOLD,2022-10-25,1652.52,0.002377775081887634
GOLD,2022-10-26,1664.49,0.007243482680996394
GOLD,2022-10-27,1662.94,-0.0009312161683158182
GOLD,2022-10-28,1641.76,-0.012736478766521953
GOLD,2022-10-31,1633.12,-0.005262644966377628
GOLD,2022-11-01,1647.5,0.008805231703732819
GOLD,2022-11-02,1634.89,-0.007654021244309472
GOLD,2022-11-03,1629.15,-0.0035109395739162386
GOLD,2022-11-04,1680.27,0.031378326120983235
GOLD,2022-11-07,1674.68,-0.0033268462806572696
GOLD,2022-11-08,1712.52,0.02259536150189878
GOLD,2022-11-09,1706.32,-0.00362039567421113
GOLD,2022-11-10,1754.75,0.02838271836466788
GOLD,2022-11-11,1770.69,0.00908391508761941
GOLD,2022-11-14,1771.8,0.0006268742693524842
GOLD,2022-11-15,1778.25,0.003640365729766337
GOLD,2022-11-16,1773.77,-0.0025193308027555705
GOLD,2022-11-17,1760.87,-0.007272645269679856
GOLD,2022-11-18,1749.74,-0.006320739180064372
GOLD,2022-11-21,1737.81,-0.006818155840296325
GOLD,2022-11-22,1740.24,0.001398311668133978
GOLD,2022-11-23,1749.28,0.00519468579046567
GOLD,2022-11-24,1754.96,0.003247050214945535
GOLD,2022-11-25,1756.14,0.0006723799972649935
GOLD,2022-11-28,1740.75,-0.00876353821449316
GOLD,2022-11-29,1749.73,0.005158695964383231
GOLD,2022-11-30,1768.45,0.010698793528144401
GOLD,2022-12-01,1802.89,0.019474681218015766
GOLD,2022-12-02,1797.82,-0.0028121516010406467
GOLD,2022-12-05,1768.39,-0.016369825677765237
GOLD,2022-12-06,1770.91,0.001425025022760762
GOLD,2022-12-07,1786.22,0.008645272769367107
GOLD,2022-12-08,1789.23,0.0016851227732306295
GOLD,2022-12-09,1796.63,0.004135857324100378
GOLD,2022-12-12,1781.15,-0.008616131312512931
GOLD,2022-12-13,1810.29,0.01636021671392074
GOLD,2022-12-14,1807.27,-0.0016682410000607995
GOLD,2022-12-15,1776.66,-0.016937148295495308
GOLD,2022-12-16,1792.34,0.008825549063973925
GOLD,2022-12-19,1787.44,-0.0027338562995858906
GOLD,2022-12-20,1817.41,0.01676699637470347
GOLD,2022-12-21,1814.13,-0.0018047661232193368
GOLD,2022-12-22,1792.57,-0.011884484573872922
GOLD,2022-12-23,1797.91,0.002978963164618431
GOLD,2022-12-26,1797.61,-0.00016686041014302155
GOLD,2022-12-27,1813.93,0.009078721190914685
GOLD,2022-12-28,1804.09,-0.005424685627339665
GOLD,2022-12-29,1814.89,0.005986397574400559
GOLD,2022-12-30,1824.4,0.005239986996457002
GOLD,2023-01-02,1823.69,-0.00038916904187680235
GOLD,2023-01-03,1839.49,0.00866375315980239
GOLD,2023-01-04,1854.09,0.007936982533202075
GOLD,2023-01-05,1833.19,-0.011272376206117207
GOLD,2023-01-06,1865.71,0.017739568729918886
GOLD,2023-01-09,1871.59,0.0031516152027912803
GOLD,2023-01-10,1877.27,0.0030348527188113206
GOLD,2023-01-11,1876.38,-0.0004740926984396765
GOLD,2023-01-12,1896.86,0.010914633496413195
GOLD,2023-01-13,1920.21,0.012309817276973556
GOLD,2023-01-16,1918.0,-0.0011509157852527263
GOLD,2023-01-17,1908.39,-0.005010427528675643
GOLD,2023-01-18,1903.76,-0.0024261288311090423
GOLD,2023-01-19,1931.39,0.014513384040005128
GOLD,2023-01-20,1926.57,-0.0024956119685822786
GOLD,2023-01-23,1931.3,0.002455140482827023
GOLD,2023-01-24,1937.45,0.003184383575829841
GOLD,2023-01-25,1945.93,0.004376887145474795
GOLD,2023-01-26,1928.99,-0.008705349113277472
GOLD,2023-01-27,1927.34,-0.0008553699086050193
GOLD,2023-01-30,1922.52,-0.002500856102192639
GOLD,2023-01-31,1927.88,0.00278800740694507
GOLD,2023-02-01,1950.42,0.0116915990621822
GOLD,2023-02-02,1912.37,-0.01950861865649456
GOLD,2023-02-03,1865.53,-0.024493168163064682
GOLD,2023-02-06,1867.36,0.0009809544740635445
GOLD,2023-02-07,1873.81,0.0034540742010111813
GOLD,2023-02-08,1875.59,0.00094993622619155
GOLD,2023-02-09,1861.39,-0.007570951007416227
GOLD,2023-02-10,1864.67,0.0017621240041043595
GOLD,2023-02-13,1853.39,-0.006049327763089418
GOLD,2023-02-14,1854.29,0.0004855966634111919
GOLD,2023-02-15,1836.19,-0.009761148471921777
GOLD,2023-02-16,1837.44,0.0006807574379557035
GOLD,2023-02-17,1841.59,0.0022585771508185637
GOLD,2023-02-20,1841.14,-0.00024435406360800993
GOLD,2023-02-21,1834.32,-0.003704226729091875
GOLD,2023-02-22,1825.04,-0.005059095468620489
GOLD,2023-02-23,1822.64,-0.0013150396703632827
GOLD,2023-02-24,1810.81,-0.006490585085370704
GOLD,2023-02-27,1817.31,0.003589553846068849
GOLD,2023-02-28,1827.15,0.005414596298925378
GOLD,2023-03-01,1836.81,0.005286922255972382
GOLD,2023-03-02,1836.0,-0.0004409819197412901
GOLD,2023-03-03,1854.97,0.010332244008714575
GOLD,2023-03-06,1846.85,-0.004377429284570744
GOLD,2023-03-07,1813.52,-0.018046944797899034
GOLD,2023-03-08,1813.59,3.859896775337823e-05
GOLD,2023-03-09,1830.89,0.009539090974255648
GOLD,2023-03-10,1867.83,0.02017597998787468
GOLD,2023-03-13,1913.23,0.024306280550157267
GOLD,2023-03-14,1902.12,-0.005806933823952254
GOLD,2023-03-15,1918.1,0.008401152398376466
GOLD,2023-03-16,1919.12,0.0005317762369010381
GOLD,2023-03-17,1987.93,0.035854975196965455
GOLD,2023-03-20,1978.71,-0.004637990271287196
GOLD,2023-03-21,1940.15,-0.01948744383967327
GOLD,2023-03-22,1969.58,0.015168930237352773
GOLD,2023-03-23,1993.5,0.012144721209597975
GOLD,2023-03-24,1977.22,-0.008166541259091997
GOLD,2023-03-27,1956.56,-0.010449014272564505
GOLD,2023-03-28,1973.69,0.00875516212127403
GOLD,2023-03-29,1964.04,-0.004889318991331049
GOLD,2023-03-30,1980.25,0.00825339606118014
GOLD,2023-03-31,1967.9,-0.00623658628960988
GOLD,2023-04-03,1984.11,0.008237207175161299
GOLD,2023-04-04,2019.97,0.01807359470997083
GOLD,2023-04-05,2020.35,0.00018812160576642256
GOLD,2023-04-06,2008.02,-0.006102902962357937
GOLD,2023-04-10,1989.95,-0.008998914353442689
GOLD,2023-04-11,2003.14,0.006628307243900622
GOLD,2023-04-12,2014.67,0.005755963137873632
GOLD,2023-04-13,2039.73,0.0124387616830548
GOLD,2023-04-14,2003.04,-0.01798767483931696
GOLD,2023-04-17,1994.77,-0.004128724339004686
GOLD,2023-04-18,2004.93,0.005093319029261467
GOLD,2023-04-19,1993.26,-0.005820652092591749
GOLD,2023-04-20,2004.34,0.005558732929973997
GOLD,2023-04-21,1982.89,-0.010701777143598323
GOLD,2023-04-24,1988.88,0.0030208433145559876
GOLD,2023-04-25,1997.87,0.0045201319335503864
GOLD,2023-04-26,1989.48,-0.0041994724381465565
GOLD,2023-04-27,1987.87,-0.0008092566901904963
GOLD,2023-04-28,1989.65,0.0008954307877275802
GOLD,2023-05-01,1982.05,-0.003819767295755616
GOLD,2023-05-02,2016.28,0.01726999823415154
GOLD,2023-05-03,2039.02,0.011278195488721776
GOLD,2023-05-04,2051.11,0.0059293189865721185
GOLD,2023-05-05,2016.54,-0.016854288653460836
GOLD,2023-05-08,2021.39,0.0024051097424302448
GOLD,2023-05-09,2034.17,0.0063223821231923605
GOLD,2023-05-10,2029.51,-0.002290860645865478
GOLD,2023-05-11,2015.55,-0.006878507620065921
GOLD,2023-05-12,2011.15,-0.002183026965344337
GOLD,2023-05-15,2020.6,0.004698804166770154
GOLD,2023-05-16,1988.6,-0.015836880134613485
GOLD,2023-05-17,1981.72,-0.003459720406315925
GOLD,2023-05-18,1958.05,-0.01194416971116008
GOLD,2023-05-19,1976.56,0.009453282602589264
GOLD,2023-05-22,1969.43,-0.0036072772898367855
GOLD,2023-05-23,1974.73,0.0026911339829289727
GOLD,2023-05-24,1957.01,-0.008973378639105078
GOLD,2023-05-25,1940.34,-0.008518096483921989
GOLD,2023-05-26,1946.33,0.003087087829968027
GOLD,2023-05-29,1942.84,-0.0017931183303961928
GOLD,2023-05-30,1959.14,0.008389779909822925
GOLD,2023-05-31,1962.3,0.0016129526220687307
GOLD,2023-06-01,1977.88,0.007939662640778833
GOLD,2023-06-02,1947.63,-0.015294153335895011
GOLD,2023-06-05,1961.76,0.007254971426811085
GOLD,2023-06-06,1962.85,0.0005556235217354377
GOLD,2023-06-07,1939.63,-0.011829737371678806
GOLD,2023-06-08,1967.76,0.014502765991451838
GOLD,2023-06-09,1960.6,-0.003638655120543177
GOLD,2023-06-12,1956.92,-0.0018769764357848828
GOLD,2023-06-13,1943.33,-0.006944586390859153
GOLD,2023-06-14,1942.99,-0.00017495741845174884
GOLD,2023-06-15,1957.65,0.007545072285498167
GOLD,2023-06-16,1957.36,-0.00014813679666958457
GOLD,2023-06-19,1950.12,-0.0036988596885600966
GOLD,2023-06-20,1935.91,-0.007286731072959518
GOLD,2023-06-21,1932.26,-0.001885418227087099
GOLD,2023-06-22,1913.52,-0.009698487781147458
GOLD,2023-06-23,1921.36,0.004097161252560655
GOLD,2023-06-26,1922.85,0.0007754923595786334
GOLD,2023-06-27,1913.35,-0.00494058298879263
GOLD,2023-06-28,1907.42,-0.003099276138709528
GOLD,2023-06-29,1908.15,0.0003827159199336627
GOLD,2023-06-30,1919.57,0.005984854440164389
GOLD,2023-07-03,1921.43,0.0009689670082362323
GOLD,2023-07-04,1925.09,0.0019048312975231685
GOLD,2023-07-05,1917.32,-0.0040361749320810825
GOLD,2023-07-06,1910.8,-0.0034005799762167888
GOLD,2023-07-07,1924.28,0.007054636801339775
GOLD,2023-07-10,1924.99,0.00036896917288542497
GOLD,2023-07-11,1931.99,0.0036363825266625405
GOLD,2023-07-12,1957.09,0.012991785671768508
GOLD,2023-07-13,1960.19,0.001583984384979864
GOLD,2023-07-14,1954.93,-0.002683413342584151
GOLD,2023-07-17,1954.74,-9.71901807226283e-05
GOLD,2023-07-18,1978.71,0.012262500383682706
GOLD,2023-07-19,1977.25,-0.0007378544607344883
GOLD,2023-07-20,1969.62,-0.0038588949298268282
GOLD,2023-07-21,1960.23,-0.004767417065220658
GOLD,2023-07-24,1954.51,-0.002918024925646523
GOLD,2023-07-25,1964.58,0.0051521864815222695
GOLD,2023-07-26,1972.1,0.0038277901638008593
GOLD,2023-07-27,1944.99,-0.013746767405303895
GOLD,2023-07-28,1959.2,0.007305950159126828
GOLD,2023-07-31,1964.19,0.002546957942017203
GOLD,2023-08-01,1944.08,-0.010238317067086222
GOLD,2023-08-02,1933.56,-0.005411299946504244
GOLD,2023-08-03,1933.74,9.309253397882244e-05
GOLD,2023-08-04,1941.62,0.004075004912759583
GOLD,2023-08-07,1936.39,-0.0026936269712919403
GOLD,2023-08-08,1924.82,-0.005975036020636426
GOLD,2023-08-09,1914.59,-0.005314782680977959
GOLD,2023-08-10,1912.06,-0.0013214317425662703
GOLD,2023-08-11,1913.32,0.0006589751367633845
GOLD,2023-08-14,1907.9,-0.0028327723538141836
GOLD,2023-08-15,1901.56,-0.003323025315792316
GOLD,2023-08-16,1891.76,-0.005153663308020806
GOLD,2023-08-17,1888.89,-0.0015171057639445928
GOLD,2023-08-18,1888.19,-0.00037058801730116553
GOLD,2023-08-21,1893.94,0.0030452443874822155
GOLD,2023-08-22,1897.47,0.0018638394035712658
GOLD,2023-08-23,1914.31,0.008874975625438042
GOLD,2023-08-24,1917.43,0.0016298300693200485
GOLD,2023-08-25,1914.53,-0.0015124411321404407
GOLD,2023-08-28,1919.66,0.002679508808950626
GOLD,2023-08-29,1937.12,0.009095360636779404
GOLD,2023-08-30,1942.24,0.0026430990336170357
GOLD,2023-08-31,1939.74,-0.0012871735727819633
GOLD,2023-09-01,1938.8,-0.0004846010290039393
GOLD,2023-09-04,1938.19,-0.0003146276047039098
GOLD,2023-09-05,1925.81,-0.0063874026798198535
GOLD,2023-09-06,1916.28,-0.0049485670964425355
GOLD,2023-09-07,1919.19,0.0015185672239965697
GOLD,2023-09-08,1917.81,-0.0007190533506323815
GOLD,2023-09-11,1921.66,0.0020074981358946253
GOLD,2023-09-12,1913.26,-0.004371220715423174
GOLD,2023-09-13,1906.3,-0.003637770088749104
GOLD,2023-09-14,1910.32,0.0021087971463042976
GOLD,2023-09-15,1923.57,0.006936010720717034
GOLD,2023-09-18,1933.14,0.004975124378109541
GOLD,2023-09-19,1930.94,-0.0011380448389667341
GOLD,2023-09-20,1929.68,-0.0006525319274550689
GOLD,2023-09-21,1919.57,-0.005239210646324821
GOLD,2023-09-22,1924.99,0.0028235490240002825
GOLD,2023-09-25,1915.66,-0.004846778424822951
GOLD,2023-09-26,1900.49,-0.007918941774636479
GOLD,2023-09-27,1874.7,-0.01357018453135772
GOLD,2023-09-28,1864.56,-0.005408865418466968
GOLD,2023-09-29,1848.31,-0.008715192860514032
GOLD,2023-10-02,1827.4,-0.011313037315168861
GOLD,2023-10-03,1822.81,-0.0025117653496772308
GOLD,2023-10-04,1821.08,-0.0009490841064071498
GOLD,2023-10-05,1820.01,-0.0005875634239023153
GOLD,2023-10-06,1832.26,0.006730732248724003
GOLD,2023-10-09,1860.88,0.015620053922478228
GOLD,2023-10-10,1860.09,-0.0004245303297365499
GOLD,2023-10-11,1873.61,0.007268465504357335
GOLD,2023-10-12,1868.65,-0.002647295861998966
GOLD,2023-10-13,1931.7,0.033740935969817754
GOLD,2023-10-16,1919.44,-0.006346741212403528
GOLD,2023-10-17,1923.07,0.0018911765931728386
GOLD,2023-10-18,1947.69,0.012802446088805874
GOLD,2023-10-19,1973.7,0.01335428122545168
GOLD,2023-10-20,1981.04,0.0037189035821045824
GOLD,2023-10-23,1972.59,-0.004265436336469808
GOLD,2023-10-24,1970.11,-0.0012572303418348918
GOLD,2023-10-25,1979.62,0.0048271416316856275
GOLD,2023-10-26,1984.82,0.0026267667532153816
GOLD,2023-10-27,2005.78,0.010560151550266461
GOLD,2023-10-30,1995.88,-0.004935735723758272
GOLD,2023-10-31,1982.7,-0.006603603423051552
GOLD,2023-11-01,1982.15,-0.0002773995057244738
GOLD,2023-11-02,1985.51,0.0016951290265621033
GOLD,2023-11-03,1992.27,0.00340466681104612
GOLD,2023-11-06,1977.68,-0.007323304572171452
GOLD,2023-11-07,1968.4,-0.004692366813640159
GOLD,2023-11-08,1949.79,-0.009454379191221385
GOLD,2023-11-09,1958.19,0.00430815626298231
GOLD,2023-11-10,1936.79,-0.01092845944469134
GOLD,2023-11-13,1945.89,0.00469849596497296
GOLD,2023-11-14,1962.67,0.00862330347553053
GOLD,2023-11-15,1959.09,-0.0018240458151396188
GOLD,2023-11-16,1980.85,0.011107197729558038
GOLD,2023-11-17,1980.01,-0.00042406037812048325
GOLD,2023-11-20,1977.19,-0.001424235231135218
GOLD,2023-11-21,1998.37,0.010712172325370695
GOLD,2023-11-22,1989.72,-0.004328527750116273
GOLD,2023-11-23,1991.79,0.0010403473855618017
GOLD,2023-11-24,2001.97,0.005110980575261381
GOLD,2023-11-27,2013.64,0.005829258180692021
GOLD,2023-11-28,2040.89,0.01353270693867814
GOLD,2023-11-29,2044.59,0.0018129345530626395
GOLD,2023-11-30,2035.75,-0.004323605221584703
GOLD,2023-12-01,2070.9,0.017266363748004387
GOLD,2023-12-04,2029.74,-0.019875416485585995
GOLD,2023-12-05,2019.42,-0.00508439504567082
GOLD,2023-12-06,2024.9,0.002713650454090777
GOLD,2023-12-07,2028.34,0.001698849325892482
GOLD,2023-12-08,2003.39,-0.01230069909384024
GOLD,2023-12-11,1981.3,-0.01102631040386548
GOLD,2023-12-12,1979.44,-0.0009387775702820456
GOLD,2023-12-13,2026.39,0.023718829567958677
GOLD,2023-12-14,2035.53,0.004510484161489137
GOLD,2023-12-15,2018.19,-0.008518665900281497
GOLD,2023-12-18,2027.0,0.004365297618162733
GOLD,2023-12-19,2040.12,0.0064726196349285114
GOLD,2023-12-20,2029.19,-0.005357527988549604
GOLD,2023-12-21,2045.49,0.00803276184093149
GOLD,2023-12-22,2052.98,0.0036617143080630576
GOLD,2023-12-25,2054.93,0.0009498387709572231
GOLD,2023-12-26,2066.6,0.0056790255629146635
GOLD,2023-12-27,2077.16,0.005109842252975838
GOLD,2023-12-28,2064.86,-0.005921546727262084
GOLD,2023-12-29,2062.59,-0.0010993481398254845
GOLD,2024-01-01,2063.8,0.0005866410677837219
GOLD,2024-01-02,2058.88,-0.0023839519333268555
GOLD,2024-01-03,2040.78,-0.00879118744171592
GOLD,2024-01-04,2043.26,0.001215221630945118
GOLD,2024-01-05,2045.5,0.0010962873055802014
GOLD,2024-01-08,2027.84,-0.008633585920312936
GOLD,2024-01-09,2029.59,0.0008629872179264364
GOLD,2024-01-10,2023.4,-0.0030498770687674703
GOLD,2024-01-11,2028.09,0.0023178807947019653
GOLD,2024-01-12,2048.72,0.010172132400435796
GOLD,2024-01-15,2054.49,0.002816392674450441
GOLD,2024-01-16,2027.59,-0.013093273756503931
GOLD,2024-01-17,2005.72,-0.01078620431152244
GOLD,2024-01-18,2022.67,0.008450830624414207
GOLD,2024-01-19,2029.09,0.0031740224554672736
GOLD,2024-01-22,2020.99,-0.003991937272373236
GOLD,2024-01-23,2028.69,0.003810013904076648
GOLD,2024-01-24,2012.59,-0.007936155844411985
GOLD,2024-01-25,2019.75,0.0035576048772973934
GOLD,2024-01-26,2018.34,-0.0006981062012625383
GOLD,2024-01-29,2031.75,0.006644073842861031
GOLD,2024-01-30,2036.12,0.002150855174110955
GOLD,2024-01-31,2037.19,0.0005255093020057888
GOLD,2024-02-01,2054.89,0.008688438486346373
GOLD,2024-02-02,2038.59,-0.007932298079215916
GOLD,2024-02-05,2024.67,-0.006828248936765036
GOLD,2024-02-06,2035.46,0.005329263534304296
GOLD,2024-02-07,2034.22,-0.0006091989034420209
GOLD,2024-02-08,2033.18,-0.0005112524702343135
GOLD,2024-02-09,2024.16,-0.004436400121976436
GOLD,2024-02-12,2019.79,-0.002158920243459095
GOLD,2024-02-13,1992.13,-0.013694492991845664
GOLD,2024-02-14,1992.39,0.00013051357090154703
GOLD,2024-02-15,2004.09,0.005872344269947094
GOLD,2024-02-16,2013.1,0.004495806076573405
GOLD,2024-02-19,2017.63,0.002250260791813785
GOLD,2024-02-20,2023.53,0.0029242229744799175
GOLD,2024-02-21,2024.99,0.0007215114181653437
GOLD,2024-02-22,2024.11,-0.0004345700472595526
GOLD,2024-02-23,2035.72,0.005735854276694541
GOLD,2024-02-26,2030.66,-0.002485607057945094
GOLD,2024-02-27,2029.64,-0.0005022997449105615
GOLD,2024-02-28,2034.62,0.002453637098204453
GOLD,2024-02-29,2043.24,0.004236663357285453
GOLD,2024-03-01,2083.39,0.019650163465867898
GOLD,2024-03-04,2114.99,0.0151675874416215
GOLD,2024-03-05,2127.55,0.005938562357268973
GOLD,2024-03-06,2148.29,0.009748302037554835
GOLD,2024-03-07,2159.16,0.005059838289988683
GOLD,2024-03-08,2177.51,0.008498675410808065
GOLD,2024-03-11,2182.47,0.002277831100660599
GOLD,2024-03-12,2157.99,-0.01121664902610342
GOLD,2024-03-13,2174.4,0.007604298444385815
GOLD,2024-03-14,2161.01,-0.006158020603384773
GOLD,2024-03-15,2155.54,-0.0025312238258963227
GOLD,2024-03-18,2159.99,0.0020644478877682726
GOLD,2024-03-19,2157.23,-0.001277783693442891
GOLD,2024-03-20,2185.96,0.013318005034233638
GOLD,2024-03-21,2180.81,-0.0023559442990722657
GOLD,2024-03-22,2164.15,-0.007639363355817275
GOLD,2024-03-25,2171.45,0.003373148811311566
GOLD,2024-03-26,2178.58,0.0032835202284189346
GOLD,2024-03-27,2194.02,0.007087185230746584
GOLD,2024-03-28,2232.38,0.017483888022898686
GOLD,2024-04-01,2250.36,0.008054184323457392
GOLD,2024-04-02,2280.1,0.013215663271654243
GOLD,2024-04-03,2299.17,0.008363668260163992
GOLD,2024-04-04,2289.43,-0.00423631136453595
GOLD,2024-04-05,2329.5,0.01750217302996826
GOLD,2024-04-08,2338.89,0.004030907920154592
GOLD,2024-04-09,2352.58,0.0058532038702119316
GOLD,2024-04-10,2332.79,-0.008412041248331614
GOLD,2024-04-11,2373.24,0.017339751970816053
GOLD,2024-04-12,2343.43,-0.012560887225902095
GOLD,2024-04-15,2382.51,0.016676410219208737
GOLD,2024-04-16,2382.83,0.00013431213300241218
GOLD,2024-04-17,2360.81,-0.009241112458715062
GOLD,2024-04-18,2378.25,0.0073872950385673875
GOLD,2024-04-19,2390.45,0.005129822348365343
GOLD,2024-04-22,2326.29,-0.026840134702670992
GOLD,2024-04-23,2321.81,-0.00192581320471652
GOLD,2024-04-24,2315.82,-0.002579883797554361
GOLD,2024-04-25,2331.78,0.006891727336321596
GOLD,2024-04-26,2337.72,0.0025474101330311694
GOLD,2024-04-29,2334.44,-0.0014030765018906433
GOLD,2024-04-30,2285.57,-0.020934356847894908
GOLD,2024-05-01,2317.9,0.014145267920037341
GOLD,2024-05-02,2303.29,-0.006303119202726637
GOLD,2024-05-03,2301.56,-0.0007510995141731813
GOLD,2024-05-06,2323.57,0.009563078955143522
GOLD,2024-05-07,2313.79,-0.004209040399041242
GOLD,2024-05-08,2308.65,-0.002221463486314579
GOLD,2024-05-09,2345.88,0.016126307582353228
GOLD,2024-05-10,2360.14,0.0060787423056591905
GOLD,2024-05-13,2336.05,-0.010207021617361534
GOLD,2024-05-14,2357.97,0.009383360801352492
GOLD,2024-05-15,2386.04,0.011904307518755708
GOLD,2024-05-16,2376.44,-0.004023402792912023
GOLD,2024-05-17,2414.89,0.016179663698641544
GOLD,2024-05-20,2425.12,0.004236217798740283
GOLD,2024-05-21,2421.64,-0.0014349805370456048
GOLD,2024-05-22,2378.25,-0.017917609553856018
GOLD,2024-05-23,2328.37,-0.020973404814464414
GOLD,2024-05-24,2333.76,0.0023149241744226945
GOLD,2024-05-27,2350.74,0.00727581242287112
GOLD,2024-05-28,2360.95,0.00434331316947012
GOLD,2024-05-29,2338.77,-0.00939452339100777
GOLD,2024-05-30,2343.0,0.0018086430046562185
GOLD,2024-05-31,2326.97,-0.006841655996585705
GOLD,2024-06-03,2350.35,0.010047400697043907
GOLD,2024-06-04,2327.68,-0.009645371965877447
GOLD,2024-06-05,2354.78,0.011642493813582844
GOLD,2024-06-06,2375.61,0.008845836978401245
GOLD,2024-06-07,2292.71,-0.03489630031865498
GOLD,2024-06-10,2310.6,0.007802992964657474
GOLD,2024-06-11,2316.27,0.0024539080758245735
GOLD,2024-06-12,2322.55,0.0027112555962820473
GOLD,2024-06-13,2303.19,-0.008335665540031512
GOLD,2024-06-14,2332.52,0.012734511698991424
GOLD,2024-06-17,2318.87,-0.005852039853891933
GOLD,2024-06-18,2328.33,0.004079573240414636
GOLD,2024-06-19,2327.48,-0.00036506852550965974
GOLD,2024-06-20,2359.63,0.013813222884836884
GOLD,2024-06-21,2320.34,-0.016650915609650596
GOLD,2024-06-24,2332.93,0.005425928958686876
GOLD,2024-06-25,2319.01,-0.0059667456803246255
GOLD,2024-06-26,2297.91,-0.009098710225484252
GOLD,2024-06-27,2327.45,0.012855159688586637
GOLD,2024-06-28,2325.71,-0.0007475993039591788
GOLD,2024-07-01,2331.7,0.002575557571666165
GOLD,2024-07-02,2329.28,-0.0010378693656987181
GOLD,2024-07-03,2356.06,0.01149711498832251
GOLD,2024-07-04,2356.12,2.5466244492955425e-05
GOLD,2024-07-05,2391.46,0.014999236032120722
GOLD,2024-07-08,2358.8,-0.01365692923987849
GOLD,2024-07-09,2363.58,0.0020264541292180915
GOLD,2024-07-10,2371.07,0.0031689217204411424
GOLD,2024-07-11,2414.78,0.018434715128612833
GOLD,2024-07-12,2411.27,-0.0014535485634302736
GOLD,2024-07-15,2422.07,0.004478967515044063
GOLD,2024-07-16,2468.57,0.019198454214783167
GOLD,2024-07-17,2458.38,-0.00412789590734719
GOLD,2024-07-18,2444.97,-0.005454811705269402
GOLD,2024-07-19,2400.79,-0.018069751367092324
GOLD,2024-07-22,2397.65,-0.0013079028153232253
GOLD,2024-07-23,2409.21,0.004821387608700212
GOLD,2024-07-24,2397.59,-0.004823157798614419
GOLD,2024-07-25,2364.5,-0.013801358864526492
GOLD,2024-07-26,2385.57,0.00891097483611758
GOLD,2024-07-29,2383.54,-0.0008509496682135298
GOLD,2024-07-30,2408.43,0.010442451144096587
GOLD,2024-07-31,2448.1,0.016471311186125437
GOLD,2024-08-01,2445.42,-0.001094726522609335
GOLD,2024-08-02,2443.29,-0.0008710160217877405
GOLD,2024-08-05,2407.65,-0.014586888989845614
GOLD,2024-08-06,2389.37,-0.007592465682304428
GOLD,2024-08-07,2381.53,-0.003281199646768651
GOLD,2024-08-08,2426.75,0.018987793561281885
GOLD,2024-08-09,2430.93,0.00172246832182954
GOLD,2024-08-12,2472.25,0.016997609968201433
GOLD,2024-08-13,2465.03,-0.0029204166245322405
GOLD,2024-08-14,2447.64,-0.007054680876094954
GOLD,2024-08-15,2456.1,0.0034563906456832605
GOLD,2024-08-16,2507.28,0.02083791376572619
GOLD,2024-08-19,2503.92,-0.0013400976356849892
GOLD,2024-08-20,2513.74,0.003921850538355809
GOLD,2024-08-21,2511.95,-0.0007120863732923421
GOLD,2024-08-22,2483.29,-0.011409462767969059
GOLD,2024-08-23,2512.07,0.011589463977223824
GOLD,2024-08-26,2516.89,0.001918736340945859
GOLD,2024-08-27,2524.57,0.0030513848439941427
GOLD,2024-08-28,2502.25,-0.008841109575095984
GOLD,2024-08-29,2521.18,0.0075651913278049765
GOLD,2024-08-30,2503.03,-0.007199009987386762
GOLD,2024-09-02,2499.29,-0.001494189042880123
GOLD,2024-09-03,2492.76,-0.002612742018733183
GOLD,2024-09-04,2494.19,0.0005736613231919208
GOLD,2024-09-05,2516.32,0.008872619968807616
GOLD,2024-09-06,2497.03,-0.00766595663508618
GOLD,2024-09-09,2505.25,0.0032919107900184486
GOLD,2024-09-10,2516.12,0.0043388883344974705
GOLD,2024-09-11,2511.44,-0.001860006676946968
GOLD,2024-09-12,2558.75,0.018837798235275427
GOLD,2024-09-13,2576.5,0.006936980947728433
GOLD,2024-09-16,2582.58,0.002359790413351437
GOLD,2024-09-17,2569.52,-0.005056958545330614
GOLD,2024-09-18,2558.8,-0.0041719854291851766
GOLD,2024-09-19,2586.48,0.010817570736282534
GOLD,2024-09-20,2621.96,0.013717484766941901
GOLD,2024-09-23,2628.4,0.002456177821172023
GOLD,2024-09-24,2656.7,0.010767006543904944
GOLD,2024-09-25,2656.82,4.516881845906262e-05
GOLD,2024-09-26,2670.2,0.005036095783681027
GOLD,2024-09-27,2657.97,-0.004580181259830729
GOLD,2024-09-30,2634.49,-0.008833809260450631
GOLD,2024-10-01,2662.82,0.010753504473351772
GOLD,2024-10-02,2657.75,-0.001903996514972861
GOLD,2024-10-03,2655.9,-0.0006960775091712224
GOLD,2024-10-04,2652.25,-0.0013742987311269328
GOLD,2024-10-07,2643.58,-0.003268922612875924
GOLD,2024-10-08,2621.94,-0.008185869162272374
GOLD,2024-10-09,2607.77,-0.005404395218807423
GOLD,2024-10-10,2629.48,0.008325120696994093
GOLD,2024-10-11,2656.0,0.010085644309901554
GOLD,2024-10-14,2651.05,-0.0018637048192770012
GOLD,2024-10-15,2660.99,0.0037494577620187375
GOLD,2024-10-16,2673.24,0.004603549806651008
GOLD,2024-10-17,2692.55,0.007223444210022523
GOLD,2024-10-18,2720.25,0.01028764554047279
GOLD,2024-10-21,2719.65,-0.00022056796250335964
GOLD,2024-10-22,2748.38,0.010563859320133151
GOLD,2024-10-23,2717.54,-0.01122115573537874
GOLD,2024-10-24,2735.7,0.006682514332815748
GOLD,2024-10-25,2747.69,0.004382790510655488
GOLD,2024-10-28,2741.98,-0.0020781092481321206
GOLD,2024-10-29,2775.13,0.012089803718480896
GOLD,2024-10-30,2786.19,0.003985398882214497
GOLD,2024-10-31,2743.8,-0.015214324938356616
GOLD,2024-11-01,2735.16,-0.003148917559589015
GOLD,2024-11-04,2736.39,0.00044969946913520076
GOLD,2024-11-05,2743.59,0.0026312038854112707
GOLD,2024-11-06,2659.24,-0.030744389650057213
GOLD,2024-11-07,2706.99,0.017956258179028683
GOLD,2024-11-08,2683.77,-0.008577793046889659
GOLD,2024-11-11,2620.2,-0.023686828603047272
GOLD,2024-11-12,2597.27,-0.00875124036333097
GOLD,2024-11-13,2573.78,-0.009044111701902335
GOLD,2024-11-14,2566.19,-0.0029489699974357686
GOLD,2024-11-15,2561.24,-0.0019289296583652193
GOLD,2024-11-18,2612.2,0.019896612578282458
GOLD,2024-11-19,2631.68,0.007457315672613207
GOLD,2024-11-20,2650.05,0.00698033195525305
GOLD,2024-11-21,2669.69,0.007411180921114591
GOLD,2024-11-22,2712.55,0.016054298439144743
GOLD,2024-11-25,2625.26,-0.03218005198060858
GOLD,2024-11-26,2631.89,0.0025254641445036086
GOLD,2024-11-27,2635.51,0.0013754374232965993
GOLD,2024-11-28,2640.96,0.0020679109546160035
GOLD,2024-11-29,2653.55,0.004767205864534274
GOLD,2024-12-02,2638.93,-0.0055096003467054455
GOLD,2024-12-03,2643.44,0.0017090260067527119
GOLD,2024-12-04,2649.79,0.0024021729261871627
GOLD,2024-12-05,2632.05,-0.006694870159521971
GOLD,2024-12-06,2632.91,0.00032674151326905765
GOLD,2024-12-09,2658.78,0.009825630196246937
GOLD,2024-12-10,2693.64,0.013111276600545896
GOLD,2024-12-11,2717.93,0.00901753760710422
GOLD,2024-12-12,2681.33,-0.01346613047429479
GOLD,2024-12-13,2648.39,-0.012284948141407459
GOLD,2024-12-16,2652.5,0.0015518862403196554
GOLD,2024-12-17,2645.54,-0.00262393967954766
GOLD,2024-12-18,2587.63,-0.02188967091784655
GOLD,2024-12-19,2593.85,0.002403743966486571
GOLD,2024-12-20,2620.77,0.010378395049829514
GOLD,2024-12-23,2612.93,-0.002991487234667689
GOLD,2024-12-24,2613.2,0.00010333227449654814
GOLD,2024-12-26,2634.43,0.008124138986683072
GOLD,2024-12-27,2620.0,-0.005477465713645824
GOLD,2024-12-30,2605.39,-0.005576335877862659
GOLD,2024-12-31,2623.81,0.007069958816146471
GOLD,2025-01-02,2657.16,0.012710524008979318
GOLD,2025-01-03,2639.12,-0.0067892035105149295
GOLD,2025-01-06,2635.33,-0.0014360847555245915
GOLD,2025-01-07,2649.49,0.005373141124640934
GOLD,2025-01-08,2662.06,0.004744309282163739
GOLD,2025-01-09,2670.19,0.0030540258296207767
GOLD,2025-01-10,2689.63,0.00728038079687221
GOLD,2025-01-13,2662.12,-0.010228172648282574
GOLD,2025-01-14,2677.16,0.00564963262362328
GOLD,2025-01-15,2695.82,0.006970072763675006
GOLD,2025-01-16,2713.77,0.0066584564251321865
GOLD,2025-01-17,2701.55,-0.004502960825714664
GOLD,2025-01-20,2708.06,0.0024097277488848157
GOLD,2025-01-21,2744.39,0.01341550778047762
GOLD,2025-01-22,2755.02,0.003873356192086508
GOLD,2025-01-23,2753.69,-0.00048275511611528543
GOLD,2025-01-24,2771.3,0.0063950553620777395
GOLD,2025-01-27,2741.1,-0.010897412766571746
GOLD,2025-01-28,2763.11,0.008029623143993359
GOLD,2025-01-29,2757.71,-0.001954319589158593
GOLD,2025-01-30,2793.88,0.013115954904612925
GOLD,2025-01-31,2801.0,0.0025484272767619665
GOLD,2025-02-03,2813.49,0.0044591217422347285
GOLD,2025-02-04,2841.94,0.0101119961329168
GOLD,2025-02-05,2865.09,0.008145844036116179
GOLD,2025-02-06,2856.5,-0.002998160616245915
GOLD,2025-02-07,2860.39,0.001361806406441346
GOLD,2025-02-10,2907.34,0.016413845664402515
GOLD,2025-02-11,2898.34,-0.003095613172177991
GOLD,2025-02-12,2903.66,0.0018355334432811343
GOLD,2025-02-13,2929.03,0.008737248851449664
GOLD,2025-02-14,2883.18,-0.015653646429022672
GOLD,2025-02-17,2897.66,0.00502223239617372
GOLD,2025-02-18,2935.58,0.013086421457313868
GOLD,2025-02-19,2932.64,-0.001001505664979363
GOLD,2025-02-20,2938.7,0.0020663975121391065
GOLD,2025-02-21,2936.03,-0.0009085650117397481
GOLD,2025-02-24,2951.19,0.00516343497852545
GOLD,2025-02-25,2915.12,-0.012222188337585926
GOLD,2025-02-26,2916.19,0.00036705178517526527
GOLD,2025-02-27,2876.19,-0.013716527386761546
GOLD,2025-02-28,2858.6,-0.006115729489359234
GOLD,2025-03-03,2893.71,0.012282236059609541
GOLD,2025-03-04,2917.49,0.008217824177267241
GOLD,2025-03-05,2918.84,0.00046272652177048457
GOLD,2025-03-06,2909.99,-0.0030320264214551695
GOLD,2025-03-07,2910.79,0.00027491503407239826
GOLD,2025-03-10,2889.4,-0.007348520504742662
GOLD,2025-03-11,2916.04,0.009219907247179249
GOLD,2025-03-12,2932.06,0.0054937518003868036
GOLD,2025-03-13,2987.75,0.01899347216632674
GOLD,2025-03-14,2984.42,-0.0011145510835912642
GOLD,2025-03-17,3001.47,0.0057130028615275386
GOLD,2025-03-18,3033.95,0.01082136419820956
GOLD,2025-03-19,3047.18,0.004360651955371608
GOLD,2025-03-20,3044.41,-0.0009090372081728137
GOLD,2025-03-21,3023.63,-0.006825624669476116
GOLD,2025-03-24,3012.27,-0.00375707345144749
GOLD,2025-03-25,3019.85,0.0025163746941674336
GOLD,2025-03-26,3019.29,-0.00018543967415596274
GOLD,2025-03-27,3056.1,0.012191607960811979
GOLD,2025-03-28,3084.03,0.009139098851477456
GOLD,2025-03-31,3123.05,0.012652276404574447
GOLD,2025-04-01,3110.55,-0.004002497558476481
GOLD,2025-04-02,3133.57,0.00740062046904888
GOLD,2025-04-03,3112.83,-0.006618649016935985
GOLD,2025-04-04,3037.36,-0.024244819023203856
GOLD,2025-04-07,2982.54,-0.018048568493691963
GOLD,2025-04-08,2983.78,0.0004157530158859224
GOLD,2025-04-09,3082.18,0.03297830268987645
GOLD,2025-04-10,3173.92,0.02976464710042892
GOLD,2025-04-11,3236.21,0.019625573423400766
GOLD,2025-04-14,3209.28,-0.008321462451447825
GOLD,2025-04-15,3227.6,0.005708445508026738
GOLD,2025-04-16,3343.22,0.03582228281075728
GOLD,2025-04-17,3327.54,-0.004690089195446223
GOLD,2025-04-21,3424.3,0.02907853849991282
GOLD,2025-04-22,3382.54,-0.012195193178167862
GOLD,2025-04-23,3288.26,-0.02787254548357143
GOLD,2025-04-24,3349.1,0.01850218656675562
GOLD,2025-04-25,3319.45,-0.008853124720074046
GOLD,2025-04-28,3341.67,0.0066938800102427365
GOLD,2025-04-29,3317.18,-0.007328670993844488
GOLD,2025-04-30,3288.59,-0.00861876654266569
GOLD,2025-05-01,3241.0,-0.014471247555943423
GOLD,2025-05-02,3240.88,-3.702560937979271e-05
GOLD,2025-05-05,3334.5,0.02888721581792586
GOLD,2025-05-06,3430.21,0.028702953966111888
GOLD,2025-05-07,3365.21,-0.018949277157958244
GOLD,2025-05-08,3305.52,-0.01773737745935622
GOLD,2025-05-09,3324.63,0.005781238655340193
GOLD,2025-05-12,3234.7,-0.02704962657498733
GOLD,2025-05-13,3248.47,0.004256963551488635
GOLD,2025-05-14,3178.75,-0.021462411535276504
GOLD,2025-05-15,3240.87,0.0195422729060164
GOLD,2025-05-16,3202.77,-0.011756102528024837
GOLD,2025-05-19,3229.85,0.008455180983960808
GOLD,2025-05-20,3290.12,0.01866030930228968
GOLD,2025-05-21,3314.99,0.007558994808700037
GOLD,2025-05-22,3295.0,-0.006030184103119396
GOLD,2025-05-23,3357.42,0.018943854324734444
GOLD,2025-05-26,3342.94,-0.004312835451030894
GOLD,2025-05-27,3300.68,-0.012641567003894849
GOLD,2025-05-28,3289.76,-0.0033084091762908274
GOLD,2025-05-29,3317.02,0.008286318758815137
GOLD,2025-05-30,3289.4,-0.008326751119981157
GOLD,2025-06-02,3380.21,0.027606858393627975
GOLD,2025-06-03,3352.25,-0.008271675428449754
GOLD,2025-06-04,3376.54,0.007245879633082319
GOLD,2025-06-05,3354.16,-0.0066280867396802945
GOLD,2025-06-06,3310.17,-0.013115057123094798
GOLD,2025-06-09,3328.33,0.0054861230692078156
GOLD,2025-06-10,3323.02,-0.0015953946874257552
GOLD,2025-06-11,3353.84,0.009274695909142983
GOLD,2025-06-12,3385.29,0.009377310784056458
GOLD,2025-06-13,3432.64,0.013986984866879881
GOLD,2025-06-16,3383.2,-0.014402908548522442
GOLD,2025-06-17,3388.74,0.001637502955781578
GOLD,2025-06-18,3369.09,-0.005798615414578712
GOLD,2025-06-19,3370.75,0.0004927146499500434
GOLD,2025-06-20,3368.23,-0.0007476080990876932
GOLD,2025-06-23,3368.88,0.00019297969556708594
GOLD,2025-06-24,3324.2,-0.013262567975113493
GOLD,2025-06-25,3332.46,0.002484808374947356
GOLD,2025-06-26,3328.06,-0.0013203459306339038
GOLD,2025-06-27,3274.25,-0.01616857869148991
GOLD,2025-06-30,3303.69,0.008991372069939718
GOLD,2025-07-01,3339.21,0.01075161410422898
GOLD,2025-07-02,3357.36,0.005435417359195727
GOLD,2025-07-03,3326.57,-0.009170896180332178
GOLD,2025-07-04,3336.64,0.003027142071262423
GOLD,2025-07-07,3335.61,-0.0003086937757743602
GOLD,2025-07-08,3300.7,-0.010465851823204808
GOLD,2025-07-09,3313.72,0.003944617808343764
GOLD,2025-07-10,3323.07,0.002821602307980342
GOLD,2025-07-11,3355.91,0.00988242799579897
GOLD,2025-07-14,3343.8,-0.003608559228346353
GOLD,2025-07-15,3322.63,-0.006331120282313529
GOLD,2025-07-16,3346.58,0.007208145354733908
GOLD,2025-07-17,3338.95,-0.002279939520346219
GOLD,2025-07-18,3350.4,0.003429221761332313
GOLD,2025-07-21,3395.8,0.013550620821394466
GOLD,2025-07-22,3431.5,0.010512986630543564
GOLD,2025-07-23,3387.78,-0.012740783913740339
GOLD,2025-07-24,3368.15,-0.005794355005342755
GOLD,2025-07-25,3337.18,-0.00919495865682951
GOLD,2025-07-28,3314.64,-0.00675420564668372
GOLD,2025-07-29,3326.84,0.003680641034923937
GOLD,2025-07-30,3275.25,-0.015507208041264375
GOLD,2025-07-31,3290.32,0.004601175482787712
GOLD,2025-08-01,3362.88,0.022052566315738265
GOLD,2025-08-04,3373.37,0.0031193500808830432
GOLD,2025-08-05,3381.27,0.0023418717780736564
GOLD,2025-08-06,3369.04,-0.003616984150925595
GOLD,2025-08-07,3397.31,0.008391114382732212
GOLD,2025-08-08,3398.78,0.0004326952795006278
GOLD,2025-08-11,3344.83,-0.015873342787706246
GOLD,2025-08-12,3346.2,0.00040958733328744223
GOLD,2025-08-13,3354.73,0.002549160241468007
GOLD,2025-08-14,3336.5,-0.005434118394028742
GOLD,2025-08-15,3335.39,-0.00033268395024732555
GOLD,2025-08-18,3330.55,-0.0014511046684194673
GOLD,2025-08-19,3315.46,-0.004530783203975375
GOLD,2025-08-20,3347.11,0.009546186652832578
GOLD,2025-08-21,3338.81,-0.0024797511883386525
GOLD,2025-08-22,3372.11,0.009973613353260635
GOLD,2025-08-25,3366.79,-0.0015776472297760469
GOLD,2025-08-26,3392.88,0.007749221068139134
GOLD,2025-08-27,3397.42,0.0013380962486146952
GOLD,2025-08-28,3417.2,0.005822064978719066
GOLD,2025-08-29,3448.0,0.009013227203558571
GOLD,2025-09-01,3476.47,0.00825696055684455
GOLD,2025-09-02,3533.73,0.01647073036729796
GOLD,2025-09-03,3559.43,0.007272768434487098
GOLD,2025-09-04,3546.17,-0.0037253155701895135
GOLD,2025-09-05,3586.81,0.011460251482585448
GOLD,2025-09-08,3635.84,0.013669528076480253
GOLD,2025-09-09,3626.48,-0.0025743707093821566
GOLD,2025-09-10,3640.74,0.003932187686130906
GOLD,2025-09-11,3634.09,-0.0018265517449748137
GOLD,2025-09-12,3643.13,0.002487555343978709
GOLD,2025-09-15,3679.13,0.009881612789002903
GOLD,2025-09-16,3689.8,0.002900142153172025
GOLD,2025-09-17,3660.04,-0.008065477803675059
GOLD,2025-09-18,3644.36,-0.00428410618463182
GOLD,2025-09-19,3684.98,0.011145989968060155
GOLD,2025-09-22,3746.47,0.01668665772948552
GOLD,2025-09-23,3764.19,0.004729785638214246
GOLD,2025-09-24,3736.29,-0.00741195316920773
GOLD,2025-09-25,3749.37,0.003500798920854642
GOLD,2025-09-26,3760.24,0.0028991537244924537
GOLD,2025-09-29,3833.93,0.019597153373188902
GOLD,2025-09-30,3858.51,0.00641117599956198
GOLD,2025-10-01,3865.8,0.0018893303373581638
GOLD,2025-10-02,3856.53,-0.0023979512649386914
GOLD,2025-10-03,3886.83,0.00785680391439958
GOLD,2025-10-06,3961.09,0.019105543592079055
GOLD,2025-10-07,3983.82,0.005738319502964995
GOLD,2025-10-08,4038.9,0.01382592587014475
GOLD,2025-10-09,3976.29,-0.015501745524771682
GOLD,2025-10-10,4018.3,0.010565124777116353
GOLD,2025-10-13,4110.7,0.022994798795510363
GOLD,2025-10-14,4142.31,0.007689687887707741
GOLD,2025-10-15,4208.58,0.015998319778094627
GOLD,2025-10-16,4326.18,0.027942916613204583
GOLD,2025-10-17,4249.98,-0.017613691524624664
GOLD,2025-10-20,4356.5,0.025063647358340546
GOLD,2025-10-21,4125.1,-0.0531160335131412
GOLD,2025-10-22,4094.07,-0.007522241885045244
GOLD,2025-10-23,4126.17,0.00784060848984014
GOLD,2025-10-24,4112.1,-0.0034099419073861936
GOLD,2025-10-27,3981.59,-0.0317380413900441
GOLD,2025-10-28,3952.58,-0.00728603397135319
GOLD,2025-10-29,3930.38,-0.00561658461055814
GOLD,2025-10-30,4024.47,0.023939161098926798
GOLD,2025-10-31,4002.28,-0.00551376951499194
GOLD,2025-11-03,4001.67,-0.00015241312451907962
GOLD,2025-11-04,3932.05,-0.017397736445034173
GOLD,2025-11-05,3982.62,0.012860975826858745
GOLD,2025-11-06,3977.87,-0.0011926822041771201
GOLD,2025-11-07,3999.72,0.005492889410664503
GOLD,2025-11-10,4115.9,0.029047033292330493
GOLD,2025-11-11,4126.68,0.002619111251488393
GOLD,2025-11-12,4198.73,0.017459555865732
GOLD,2025-11-13,4171.46,-0.006494821053032562
GOLD,2025-11-14,4079.58,-0.022025861448989104
GOLD,2025-11-17,4044.61,-0.008571960839105941
GOLD,2025-11-18,4067.88,0.005753335921139469
GOLD,2025-11-19,4081.66,0.003387513889298477
GOLD,2025-11-20,4077.5,-0.0010191931714057523
GOLD,2025-11-21,4065.9,-0.0028448804414469286
GOLD,2025-11-24,4139.7,0.0181509628864458
GOLD,2025-11-25,4131.15,-0.0020653670555838
GOLD,2025-11-26,4164.59,0.008094598356390037
GOLD,2025-11-27,4157.57,-0.0016856401230374018
GOLD,2025-11-28,4230.63,0.017572764860243062
GOLD,2025-11-30,4222.63,-0.0018909713210562007
GOLD,2025-12-01,4232.73,0.0023918742584596586
SPY,2021-01-04,368.79,
SPY,2021-01-05,371.33,0.006887388486672474
SPY,2021-01-06,373.55,0.005978509681415556
SPY,2021-01-07,379.1,0.014857448802034545
SPY,2021-01-08,381.26,0.005697705091004979
SPY,2021-01-11,378.69,-0.0067408067985101905
SPY,2021-01-12,378.77,0.00021125458818560539
SPY,2021-01-13,379.79,0.0026929271061595372
SPY,2021-01-14,378.46,-0.003501935280023294
SPY,2021-01-15,375.7,-0.007292712572002258
SPY,2021-01-19,378.65,0.007852009582113295
SPY,2021-01-20,383.89,0.01383863726396406
SPY,2021-01-21,384.24,0.000911719502982633
SPY,2021-01-22,382.88,-0.0035394545075994044
SPY,2021-01-25,384.39,0.003943794400334211
SPY,2021-01-26,383.79,-0.001560914696011828
SPY,2021-01-27,374.41,-0.0244404492039918
SPY,2021-01-28,377.63,0.008600197644293539
SPY,2021-01-29,370.07,-0.02001959590074942
SPY,2021-02-01,376.23,0.01664549950009464
SPY,2021-02-02,381.55,0.014140286526858503
SPY,2021-02-03,381.85,0.0007862665443585382
SPY,2021-02-04,386.19,0.011365719523372952
SPY,2021-02-05,387.71,0.003935886480747719
SPY,2021-02-08,390.51,0.007221892651724238
SPY,2021-02-09,390.25,-0.000665796010345443
SPY,2021-02-10,390.08,-0.0004356181934657144
SPY,2021-02-11,390.71,0.00161505332239531
SPY,2021-02-12,392.64,0.004939725115814753
SPY,2021-02-16,392.3,-0.0008659331703341211
SPY,2021-02-17,392.39,0.00022941626306383078
SPY,2021-02-18,390.72,-0.004255969825938344
SPY,2021-02-19,390.03,-0.0017659705159706052
SPY,2021-02-22,387.03,-0.007691716021844486
SPY,2021-02-23,387.5,0.0012143761465519542
SPY,2021-02-24,391.77,0.011019354838709638
SPY,2021-02-25,382.33,-0.02409577047757616
SPY,2021-02-26,380.36,-0.005152616849318559
SPY,2021-03-01,389.58,0.024240193500893792
SPY,2021-03-02,386.54,-0.007803275322141756
SPY,2021-03-03,381.42,-0.01324571842500133
SPY,2021-03-04,376.7,-0.012374809920822294
SPY,2021-03-05,383.63,0.01839660207061322
SPY,2021-03-08,381.72,-0.004978755571774851
SPY,2021-03-09,387.17,0.014277480876034865
SPY,2021-03-10,389.58,0.006224655835937565
SPY,2021-03-11,393.53,0.010139124185019721
SPY,2021-03-12,394.06,0.0013467842350012305
SPY,2021-03-15,396.41,0.005963558848906425
SPY,2021-03-16,395.91,-0.0012613203501424808
SPY,2021-03-17,397.26,0.0034098658786085867
SPY,2021-03-18,391.48,-0.014549665206665563
SPY,2021-03-19,389.48,-0.0051088178195565215
SPY,2021-03-22,392.59,0.007985005648556864
SPY,2021-03-23,389.5,-0.007870806694006416
SPY,2021-03-24,387.52,-0.0050834403080873836
SPY,2021-03-25,389.7,0.005625516102394812
SPY,2021-03-26,395.98,0.016114960225814823
SPY,2021-03-29,395.78,-0.000505076013940231
SPY,2021-03-30,394.73,-0.002652989034311881
SPY,2021-03-31,396.33,0.004053403592328753
SPY,2021-04-01,400.61,0.010799081573436453
SPY,2021-04-05,406.36,0.014353111504954885
SPY,2021-04-06,406.12,-0.0005906093119402156
SPY,2021-04-07,406.59,0.0011572934108143862
SPY,2021-04-08,408.52,0.004746796527214103
SPY,2021-04-09,411.49,0.0072701458924899764
SPY,2021-04-12,411.64,0.0003645289071423363
SPY,2021-04-13,412.86,0.002963754737149049
SPY,2021-04-14,411.45,-0.0034152012788839503
SPY,2021-04-15,415.87,0.010742496050552885
SPY,2021-04-16,417.26,0.003342390650924454
SPY,2021-04-19,415.21,-0.004913003882471401
SPY,2021-04-20,412.17,-0.007321596300667088
SPY,2021-04-21,416.07,0.00946211514666273
SPY,2021-04-22,412.27,-0.009133078568510089
SPY,2021-04-23,416.74,0.010842409100832118
SPY,2021-04-26,417.61,0.0020876325766665538
SPY,2021-04-27,417.52,-0.00021551208064951588
SPY,2021-04-28,417.4,-0.00028741138149068757
SPY,2021-04-29,420.06,0.006372783900335577
SPY,2021-04-30,417.3,-0.006570489930009971
SPY,2021-05-03,418.2,0.0021567217828899476
SPY,2021-05-04,415.62,-0.006169296987087458
SPY,2021-05-05,415.75,0.00031278571772297425
SPY,2021-05-06,419.07,0.007985568250150399
SPY,2021-05-07,422.12,0.00727802037845704
SPY,2021-05-10,417.94,-0.009902397422533848
SPY,2021-05-11,414.21,-0.008924726037230268
SPY,2021-05-12,405.41,-0.021245262065135884
SPY,2021-05-13,410.28,0.012012530524653897
SPY,2021-05-14,416.58,0.015355367066393733
SPY,2021-05-17,415.52,-0.0025445292620864812
SPY,2021-05-18,411.94,-0.00861571043511744
SPY,2021-05-19,410.86,-0.002621741030247038
SPY,2021-05-20,415.28,0.010757922406659182
SPY,2021-05-21,414.94,-0.0008187247158543132
SPY,2021-05-24,419.17,0.010194244951077236
SPY,2021-05-25,418.24,-0.002218670229262587
SPY,2021-05-26,419.07,0.001984506503442951
SPY,2021-05-27,419.29,0.0005249719617248516
SPY,2021-05-28,420.04,0.0017887381048915518
SPY,2021-06-01,419.67,-0.0008808684887153806
SPY,2021-06-02,420.33,0.001572664236185517
SPY,2021-06-03,418.77,-0.0037113696381414485
SPY,2021-06-04,422.6,0.00914583184086748
SPY,2021-06-07,422.19,-0.000970184571699062
SPY,2021-06-08,422.28,0.00021317416329136307
SPY,2021-06-09,421.65,-0.0014919011082693556
SPY,2021-06-10,423.61,0.004648405075299511
SPY,2021-06-11,424.31,0.0016524633507235542
SPY,2021-06-14,425.26,0.002238929084867225
SPY,2021-06-15,424.48,-0.0018341720359309477
SPY,2021-06-16,422.11,-0.005583301922352013
SPY,2021-06-17,421.97,-0.00033166710099263863
SPY,2021-06-18,414.92,-0.01670734886366332
SPY,2021-06-21,420.86,0.014316012725344551
SPY,2021-06-22,423.11,0.005346195884617266
SPY,2021-06-23,422.6,-0.00120536030819407
SPY,2021-06-24,425.1,0.005915759583530633
SPY,2021-06-25,426.61,0.0035521053869678187
SPY,2021-06-28,427.47,0.002015892735754088
SPY,2021-06-29,427.7,0.00053804945376279
SPY,2021-06-30,428.06,0.0008417114800094438
SPY,2021-07-01,430.43,0.005536607017707862
SPY,2021-07-02,433.72,0.007643519271426369
SPY,2021-07-03,433.72,0.0
SPY,2021-07-04,433.72,0.0
SPY,2021-07-05,433.72,0.0
SPY,2021-07-06,432.93,-0.0018214516277783588
SPY,2021-07-07,434.46,0.003534058623795966
SPY,2021-07-08,430.92,-0.008148045850020602
SPY,2021-07-09,435.52,0.010674835236238689
SPY,2021-07-12,437.08,0.0035819250551065718
SPY,2021-07-13,435.59,-0.0034089869131509465
SPY,2021-07-14,436.24,0.0014922289308754166
SPY,2021-07-15,434.75,-0.0034155510728040017
SPY,2021-07-16,431.34,-0.007843588269120239
SPY,2021-07-19,424.97,-0.014767932489451407
SPY,2021-07-20,431.06,0.014330423323999364
SPY,2021-07-21,434.55,0.00809632069781463
SPY,2021-07-22,435.46,0.002094120354389606
SPY,2021-07-23,439.94,0.010287971340651403
SPY,2021-07-26,441.02,0.002454880210937871
SPY,2021-07-27,439.01,-0.0045576164346288195
SPY,2021-07-28,438.83,-0.00041001343932944856
SPY,2021-07-29,440.65,0.004147391928537303
SPY,2021-07-30,438.51,-0.004856462044706689
SPY,2021-08-02,437.59,-0.002098013728307313
SPY,2021-08-03,441.15,0.00813546927489206
SPY,2021-08-04,438.98,-0.0049189618043747885
SPY,2021-08-05,441.76,0.006332862544990547
SPY,2021-08-06,442.49,0.001652480985150362
SPY,2021-08-07,442.49,0.0
SPY,2021-08-08,442.49,0.0
SPY,2021-08-09,442.13,-0.0008135777079708584
SPY,2021-08-10,442.68,0.0012439780155157898
SPY,2021-08-11,443.78,0.002484864913707252
SPY,2021-08-12,445.11,0.002996980485826306
SPY,2021-08-13,445.92,0.0018197748871064956
SPY,2021-08-16,446.97,0.002354682454251966
SPY,2021-08-17,444.04,-0.006555249793050999
SPY,2021-08-18,439.18,-0.01094495991352129
SPY,2021-08-19,439.86,0.0015483400883464782
SPY,2021-08-20,443.36,0.007957077251852906
SPY,2021-08-23,447.26,0.008796463370624341
SPY,2021-08-24,447.97,0.0015874435451415092
SPY,2021-08-25,448.91,0.002098354800544655
SPY,2021-08-26,446.26,-0.005903187721369663
SPY,2021-08-27,450.25,0.008940976112580046
SPY,2021-08-30,452.23,0.004397556912826284
SPY,2021-08-31,451.56,-0.0014815470004201359
SPY,2021-09-01,451.8,0.0005314908317832767
SPY,2021-09-02,453.19,0.003076582558654284
SPY,2021-09-03,453.08,-0.00024272380237877478
SPY,2021-09-07,451.46,-0.0035755275006621456
SPY,2021-09-08,450.91,-0.0012182696141407323
SPY,2021-09-09,448.98,-0.0042802333059812625
SPY,2021-09-10,445.44,-0.007884538286783371
SPY,2021-09-13,446.58,0.002559267241379226
SPY,2021-09-14,444.17,-0.005396569483631097
SPY,2021-09-15,447.88,0.008352657766170557
SPY,2021-09-16,447.17,-0.0015852460480485497
SPY,2021-09-17,441.4,-0.01290337008296627
SPY,2021-09-20,434.04,-0.016674218396012574
SPY,2021-09-21,433.63,-0.0009446133996867667
SPY,2021-09-22,437.86,0.009754860134215892
SPY,2021-09-23,443.18,0.012150002283835004
SPY,2021-09-24,443.91,0.0016471862448665942
SPY,2021-09-27,442.64,-0.0028609402806876183
SPY,2021-09-28,433.72,-0.02015181637448027
SPY,2021-09-29,434.45,0.0016831135294659294
SPY,2021-09-30,429.14,-0.012222350097824797
SPY,2021-10-01,434.24,0.011884233583445925
SPY,2021-10-04,428.64,-0.012896094325718588
SPY,2021-10-05,433.1,0.010405001866368169
SPY,2021-10-06,434.9,0.004156084045255026
SPY,2021-10-07,438.66,0.008645665670269143
SPY,2021-10-08,437.86,-0.0018237359230384165
SPY,2021-10-11,434.69,-0.007239756999954383
SPY,2021-10-12,433.62,-0.002461524304676832
SPY,2021-10-13,435.18,0.00359762003597619
SPY,2021-10-14,442.5,0.016820625947883583
SPY,2021-10-15,445.87,0.007615819209039643
SPY,2021-10-18,447.19,0.0029605041828335565
SPY,2021-10-19,450.64,0.007714841566224706
SPY,2021-10-20,452.41,0.003927747203976706
SPY,2021-10-21,453.59,0.002608253575296704
SPY,2021-10-22,453.12,-0.0010361780462531112
SPY,2021-10-25,455.55,0.005362817796610075
SPY,2021-10-26,455.96,0.0009000109757435482
SPY,2021-10-27,453.94,-0.004430213176594422
SPY,2021-10-28,458.32,0.00964885227122525
SPY,2021-10-29,459.25,0.0020291499389073486
SPY,2021-11-01,460.04,0.0017201959716930393
SPY,2021-11-02,461.9,0.0040431266846361336
SPY,2021-11-03,464.72,0.006105217579562838
SPY,2021-11-04,466.91,0.004712515062833544
SPY,2021-11-05,468.53,0.0034696194127346036
SPY,2021-11-08,468.93,0.0008537340191663301
SPY,2021-11-09,467.38,-0.003305397394067322
SPY,2021-11-10,463.62,-0.008044845735803774
SPY,2021-11-11,463.77,0.000323540830852842
SPY,2021-11-12,467.27,0.007546844340944769
SPY,2021-11-15,467.43,0.0003424144498898052
SPY,2021-11-16,469.28,0.00395781186487798
SPY,2021-11-17,468.14,-0.002429253324241376
SPY,2021-11-18,469.73,0.003396419874396539
SPY,2021-11-19,468.89,-0.0017882613416217996
SPY,2021-11-22,467.57,-0.0028151592057839014
SPY,2021-11-23,468.19,0.0013260046624035127
SPY,2021-11-24,469.44,0.002669856254939207
SPY,2021-11-26,458.97,-0.02230316973415125
SPY,2021-11-29,464.6,0.012266596945334163
SPY,2021-11-30,455.56,-0.019457597933706494
SPY,2021-12-01,450.5,-0.011107208710158911
SPY,2021-12-02,457.4,0.01531631520532728
SPY,2021-12-03,453.42,-0.008701355487538143
SPY,2021-12-06,458.79,0.011843324070398342
SPY,2021-12-07,468.28,0.020684844918154255
SPY,2021-12-08,469.52,0.002647988383018829
SPY,2021-12-09,466.35,-0.006751576077696275
SPY,2021-12-10,470.74,0.009413530610056897
SPY,2021-12-13,466.57,-0.008858393168203249
SPY,2021-12-14,463.36,-0.006879996570718139
SPY,2021-12-15,470.6,0.015625
SPY,2021-12-16,466.45,-0.008818529536761655
SPY,2021-12-17,459.87,-0.01410654946939649
SPY,2021-12-20,454.98,-0.010633439885184948
SPY,2021-12-21,463.06,0.0177590223746098
SPY,2021-12-22,467.69,0.009998704271584558
SPY,2021-12-23,470.6,0.006222070174688454
SPY,2021-12-27,477.26,0.014152146196344972
SPY,2021-12-28,476.87,-0.0008171646482001416
SPY,2021-12-29,477.48,0.0012791746178204555
SPY,2021-12-30,476.16,-0.002764513696908777
SPY,2021-12-31,474.96,-0.002520161290322731
SPY,2022-01-03,477.71,0.005789961259895504
SPY,2022-01-04,477.55,-0.0003349312344308464
SPY,2022-01-05,468.38,-0.019202177782431162
SPY,2022-01-06,467.94,-0.0009394081728510972
SPY,2022-01-07,466.09,-0.003953498311749404
SPY,2022-01-10,465.51,-0.001244394859361897
SPY,2022-01-11,469.75,0.009108289832656657
SPY,2022-01-12,471.02,0.002703565726450252
SPY,2022-01-13,464.53,-0.013778608127043457
SPY,2022-01-14,464.72,0.0004090155641187643
SPY,2022-01-18,456.49,-0.017709588569461254
SPY,2022-01-19,451.75,-0.010383579048829139
SPY,2022-01-20,446.75,-0.011068068622025473
SPY,2022-01-21,437.98,-0.019630665920537194
SPY,2022-01-24,439.84,0.004246769258870131
SPY,2022-01-25,434.47,-0.012208985085485513
SPY,2022-01-26,433.38,-0.0025088038299537763
SPY,2022-01-27,431.24,-0.004937929761410276
SPY,2022-01-28,441.95,0.02483535850106655
SPY,2022-01-31,449.91,0.018011087227062017
SPY,2022-02-01,452.95,0.006756906936942864
SPY,2022-02-02,457.35,0.009714096478640188
SPY,2022-02-03,446.6,-0.023504974308516502
SPY,2022-02-04,448.7,0.004702194357366629
SPY,2022-02-07,447.26,-0.003209271227991972
SPY,2022-02-08,450.94,0.008227876402987055
SPY,2022-02-09,457.54,0.014636093493591185
SPY,2022-02-10,449.32,-0.017965642348210076
SPY,2022-02-11,440.46,-0.019718686014421838
SPY,2022-02-14,439.02,-0.003269309358398087
SPY,2022-02-15,446.1,0.01612682793494602
SPY,2022-02-16,446.6,0.00112082492714638
SPY,2022-02-17,437.06,-0.021361397223466194
SPY,2022-02-18,434.23,-0.006475083512561208
SPY,2022-02-22,429.57,-0.010731639914331126
SPY,2022-02-23,421.95,-0.017738668901459587
SPY,2022-02-24,428.3,0.015049176442706536
SPY,2022-02-25,437.75,0.022063973850104945
SPY,2022-02-28,436.63,-0.002558537978298081
SPY,2022-03-01,429.98,-0.015230286512607827
SPY,2022-03-02,437.89,0.018396204474626643
SPY,2022-03-03,435.71,-0.004978419237708143
SPY,2022-03-04,432.17,-0.008124670078721974
SPY,2022-03-07,419.43,-0.029479140153180428
SPY,2022-03-08,416.25,-0.00758171804591945
SPY,2022-03-09,427.41,0.026810810810810937
SPY,2022-03-10,425.48,-0.00451557052946816
SPY,2022-03-11,420.07,-0.01271505123625083
SPY,2022-03-14,417.0,-0.007308305758564004
SPY,2022-03-15,426.17,0.021990407673860846
SPY,2022-03-16,435.62,0.022174249712556104
SPY,2022-03-17,441.07,0.012510903998898204
SPY,2022-03-18,444.52,0.007821887682227358
SPY,2022-03-21,444.39,-0.00029245028345181723
SPY,2022-03-22,449.59,0.01170143342559471
SPY,2022-03-23,443.8,-0.01287840032029175
SPY,2022-03-24,450.49,0.015074357818837258
SPY,2022-03-25,452.69,0.004883571222446648
SPY,2022-03-28,455.91,0.007113035410545976
SPY,2022-03-29,461.55,0.012370862670263882
SPY,2022-03-30,458.7,-0.006174845628859282
SPY,2022-03-31,451.64,-0.015391323304992377
SPY,2022-04-01,452.92,0.0028341156673457046
SPY,2022-04-04,456.8,0.008566634284200347
SPY,2022-04-05,451.03,-0.012631348511383589
SPY,2022-04-06,446.52,-0.009999334855774533
SPY,2022-04-07,448.77,0.0050389680193496655
SPY,2022-04-08,447.57,-0.0026739755331238735
SPY,2022-04-11,439.92,-0.01709229841142168
SPY,2022-04-12,438.29,-0.0037052191307510585
SPY,2022-04-13,443.31,0.011453603778320165
SPY,2022-04-14,437.79,-0.012451783176558151
SPY,2022-04-18,437.97,0.0004111560337147768
SPY,2022-04-19,445.04,0.016142658172934254
SPY,2022-04-20,444.71,-0.0007415063814489864
SPY,2022-04-21,438.06,-0.01495356524476621
SPY,2022-04-22,426.04,-0.027439163584896953
SPY,2022-04-25,428.51,0.005797577692235434
SPY,2022-04-26,416.1,-0.028960817717206044
SPY,2022-04-27,417.27,0.0028118240807497585
SPY,2022-04-28,427.81,0.02525942435353623
SPY,2022-04-29,412.0,-0.03695565788550992
SPY,2022-05-02,414.48,0.006019417475728206
SPY,2022-05-03,416.38,0.004584057131827857
SPY,2022-05-04,429.06,0.030452951630721925
SPY,2022-05-05,413.81,-0.035542814524775035
SPY,2022-05-06,411.34,-0.005968922935646881
SPY,2022-05-09,398.17,-0.032017309281859196
SPY,2022-05-10,399.09,0.002310570861692174
SPY,2022-05-11,392.75,-0.015886140970708285
SPY,2022-05-12,392.34,-0.0010439210693826695
SPY,2022-05-13,401.72,0.023907835041035996
SPY,2022-05-16,400.09,-0.004057552524146302
SPY,2022-05-17,408.32,0.02057037166637521
SPY,2022-05-18,391.86,-0.04031152037617547
SPY,2022-05-19,389.46,-0.006124636349716828
SPY,2022-05-20,389.63,0.00043650182303700547
SPY,2022-05-23,396.92,0.018710058260400952
SPY,2022-05-24,393.89,-0.007633780106822585
SPY,2022-05-25,397.37,0.008834953921145638
SPY,2022-05-26,405.31,0.019981377557440227
SPY,2022-05-27,415.26,0.024549110557351206
SPY,2022-05-31,412.93,-0.0056109425420218795
SPY,2022-06-01,409.59,-0.008088538008863555
SPY,2022-06-02,417.39,0.01904343367757999
SPY,2022-06-03,410.54,-0.016411509619300824
SPY,2022-06-06,411.79,0.0030447703025284767
SPY,2022-06-07,415.74,0.00959226790354295
SPY,2022-06-08,411.22,-0.01087217972771437
SPY,2022-06-09,401.44,-0.023782889937259966
SPY,2022-06-10,389.8,-0.02899561578318055
SPY,2022-06-13,375.0,-0.037968188814776815
SPY,2022-06-14,373.87,-0.0030133333333333123
SPY,2022-06-15,379.2,0.01425629229411296
SPY,2022-06-16,366.65,-0.03309599156118148
SPY,2022-06-17,365.86,-0.0021546433928814057
SPY,2022-06-21,375.07,0.02517356365822976
SPY,2022-06-22,374.39,-0.0018129949076172158
SPY,2022-06-23,378.06,0.009802612249258935
SPY,2022-06-24,390.08,0.03179389514891806
SPY,2022-06-27,388.59,-0.003819729286300255
SPY,2022-06-28,380.65,-0.0204328469595203
SPY,2022-06-29,380.34,-0.0008143964271640769
SPY,2022-06-30,377.25,-0.00812430982804857
SPY,2022-07-01,381.24,0.010576540755467212
SPY,2022-07-05,381.96,0.0018885741265344258
SPY,2022-07-06,383.25,0.0033773169965440886
SPY,2022-07-07,388.99,0.014977168949771746
SPY,2022-07-08,388.67,-0.0008226432556106555
SPY,2022-07-11,384.23,-0.011423572696632078
SPY,2022-07-12,380.83,-0.008848866564297508
SPY,2022-07-13,378.83,-0.005251687104482317
SPY,2022-07-14,377.91,-0.002428529947469782
SPY,2022-07-15,385.13,0.019105077928607272
SPY,2022-07-18,381.95,-0.008256952197959189
SPY,2022-07-19,392.27,0.02701924335646022
SPY,2022-07-20,394.77,0.006373161342952516
SPY,2022-07-21,398.79,0.010183144615852457
SPY,2022-07-22,395.09,-0.00927806615010418
SPY,2022-07-25,395.57,0.001214913057784317
SPY,2022-07-26,390.89,-0.011831028642212527
SPY,2022-07-27,401.04,0.02596638440481991
SPY,2022-07-28,406.07,0.012542389786554864
SPY,2022-07-29,411.99,0.014578767207624299
SPY,2022-08-01,410.77,-0.0029612369232263624
SPY,2022-08-02,408.06,-0.006597365922535681
SPY,2022-08-03,414.45,0.015659461843846367
SPY,2022-08-04,414.17,-0.0006755941609360994
SPY,2022-08-05,413.47,-0.0016901272424366676
SPY,2022-08-08,412.99,-0.0011609064744722009
SPY,2022-08-09,411.35,-0.00397104046102803
SPY,2022-08-10,419.99,0.021004011182691018
SPY,2022-08-11,419.99,0.0
SPY,2022-08-12,427.1,0.01692897449939279
SPY,2022-08-15,428.86,0.004120814797471395
SPY,2022-08-16,429.7,0.0019586811546892235
SPY,2022-08-17,426.65,-0.007097975331626705
SPY,2022-08-18,427.89,0.0029063635298254287
SPY,2022-08-19,422.14,-0.013438033139358208
SPY,2022-08-22,413.35,-0.020822475955843966
SPY,2022-08-23,412.35,-0.0024192572880126217
SPY,2022-08-24,413.67,0.0032011640596580904
SPY,2022-08-25,419.51,0.014117533299489837
SPY,2022-08-26,405.31,-0.03384901432623777
SPY,2022-08-29,402.63,-0.006612222743085594
SPY,2022-08-30,398.21,-0.01097782082805554
SPY,2022-08-31,395.18,-0.007609050500991921
SPY,2022-09-01,396.42,0.0031378106179462684
SPY,2022-09-02,392.24,-0.01054437213056858
SPY,2022-09-06,390.76,-0.0037732000815827726
SPY,2022-09-07,397.78,0.01796499129900697
SPY,2022-09-08,400.38,0.006536276333651836
SPY,2022-09-09,406.6,0.015535241520555632
SPY,2022-09-12,410.97,0.010747663551401887
SPY,2022-09-13,393.1,-0.04348249263936543
SPY,2022-09-14,394.6,0.0038158229458153947
SPY,2022-09-15,390.12,-0.011353269133299593
SPY,2022-09-16,385.56,-0.011688711165795174
SPY,2022-09-19,388.55,0.007754953833385203
SPY,2022-09-20,384.09,-0.011478574186076562
SPY,2022-09-21,377.39,-0.01744382826941604
SPY,2022-09-22,374.22,-0.00839979861681539
SPY,2022-09-23,367.95,-0.01675485008818356
SPY,2022-09-26,364.31,-0.009892648457670794
SPY,2022-09-27,363.38,-0.002552770991737785
SPY,2022-09-28,370.53,0.019676371842148654
SPY,2022-09-29,362.79,-0.020888996842360785
SPY,2022-09-30,357.18,-0.015463491275944818
SPY,2022-10-03,366.61,0.026401254269555974
SPY,2022-10-04,377.97,0.030986607021085133
SPY,2022-10-05,377.09,-0.0023282271079716477
SPY,2022-10-06,373.2,-0.010315839719960751
SPY,2022-10-07,362.79,-0.027893890675241062
SPY,2022-10-10,360.02,-0.007635271093470175
SPY,2022-10-11,357.74,-0.006332981501027679
SPY,2022-10-12,356.56,-0.0032984849331917365
SPY,2022-10-13,365.97,0.026391070226609914
SPY,2022-10-14,357.63,-0.022788753176489984
SPY,2022-10-17,366.82,0.025696949361071475
SPY,2022-10-18,371.13,0.011749631972084451
SPY,2022-10-19,368.5,-0.007086465658933561
SPY,2022-10-20,365.41,-0.008385345997286242
SPY,2022-10-21,374.29,0.024301469582113322
SPY,2022-10-24,378.87,0.012236501108765951
SPY,2022-10-25,384.92,0.0159685380209571
SPY,2022-10-26,382.02,-0.0075340330458277815
SPY,2022-10-27,379.98,-0.005340034553164674
SPY,2022-10-28,389.02,0.023790725827675052
SPY,2022-10-31,386.21,-0.007223279008791383
SPY,2022-11-01,384.52,-0.004375857694000618
SPY,2022-11-02,374.87,-0.025096223863518063
SPY,2022-11-03,371.01,-0.010296902926347884
SPY,2022-11-04,376.35,0.014393143041966594
SPY,2022-11-07,379.95,0.009565563969708979
SPY,2022-11-08,382.0,0.005395446769311807
SPY,2022-11-09,374.13,-0.0206020942408377
SPY,2022-11-10,394.69,0.054954160318605894
SPY,2022-11-11,398.51,0.009678481846512543
SPY,2022-11-14,395.12,-0.008506687410604452
SPY,2022-11-15,398.49,0.008529054464466501
SPY,2022-11-16,395.45,-0.007628798715149765
SPY,2022-11-17,394.24,-0.003059805285118178
SPY,2022-11-18,396.03,0.004540381493506329
SPY,2022-11-21,394.59,-0.0036360881751382745
SPY,2022-11-22,399.9,0.013457006006234229
SPY,2022-11-23,402.42,0.0063015753938484576
SPY,2022-11-25,402.33,-0.00022364693603704744
SPY,2022-11-28,395.91,-0.015957050182685784
SPY,2022-11-29,395.23,-0.0017175620721880946
SPY,2022-11-30,407.68,0.03150064519393769
SPY,2022-12-01,407.38,-0.0007358712715855864
SPY,2022-12-02,406.91,-0.0011537139771220506
SPY,2022-12-05,399.59,-0.017989235948981497
SPY,2022-12-06,393.83,-0.014414775144523162
SPY,2022-12-07,393.16,-0.0017012416524895269
SPY,2022-12-08,396.24,0.007833960728456546
SPY,2022-12-09,393.28,-0.0074702200686453946
SPY,2022-12-12,398.95,0.014417209113100071
SPY,2022-12-13,401.97,0.007569870911141807
SPY,2022-12-14,399.4,-0.006393511953628472
SPY,2022-12-15,389.63,-0.024461692538808144
SPY,2022-12-16,383.27,-0.01632317840002062
SPY,2022-12-19,380.02,-0.008479661857176413
SPY,2022-12-20,380.54,0.001368349034261529
SPY,2022-12-21,386.23,0.014952436011983039
SPY,2022-12-22,380.72,-0.014266110866582027
SPY,2022-12-23,382.91,0.005752258877915528
SPY,2022-12-27,381.4,-0.003943485414327208
SPY,2022-12-28,376.66,-0.012427897220765427
SPY,2022-12-29,383.44,0.01800031858970952
SPY,2022-12-30,382.43,-0.002634049655747983
SPY,2023-01-03,380.82,-0.0042099207698140795
SPY,2023-01-04,383.76,0.007720182763510275
SPY,2023-01-05,379.38,-0.011413383364602847
SPY,2023-01-06,388.08,0.0229321524592756
SPY,2023-01-09,387.86,-0.0005668934240361523
SPY,2023-01-10,390.58,0.007012839684422234
SPY,2023-01-11,395.52,0.012647857033130316
SPY,2023-01-12,396.96,0.00364077669902918
SPY,2023-01-13,398.5,0.003879484079000406
SPY,2023-01-17,397.77,-0.0018318695106650518
SPY,2023-01-18,391.49,-0.01578801820147313
SPY,2023-01-19,388.64,-0.007279879434979208
SPY,2023-01-20,395.88,0.018629065459036642
SPY,2023-01-23,400.63,0.011998585429928266
SPY,2023-01-24,400.2,-0.0010733095374785284
SPY,2023-01-25,400.35,0.0003748125937033109
SPY,2023-01-26,404.75,0.010990383414512195
SPY,2023-01-27,405.68,0.002297714638665793
SPY,2023-01-30,400.59,-0.012546834943798157
SPY,2023-01-31,406.48,0.014703312613894681
SPY,2023-02-01,410.8,0.010627829167486613
SPY,2023-02-02,416.78,0.014556962025316311
SPY,2023-02-03,412.35,-0.010629108882383886
SPY,2023-02-06,409.83,-0.006111313204801849
SPY,2023-02-07,415.19,0.013078593563184748
SPY,2023-02-08,410.65,-0.010934752763794964
SPY,2023-02-09,407.09,-0.008669183002556924
SPY,2023-02-10,408.04,0.002333636296642183
SPY,2023-02-13,412.83,0.011739045191647701
SPY,2023-02-14,412.64,-0.0004602378703097987
SPY,2023-02-15,413.98,0.003247382706475399
SPY,2023-02-16,408.28,-0.013768781100536365
SPY,2023-02-17,407.26,-0.0024982854903496943
SPY,2023-02-21,399.09,-0.020060894760104198
SPY,2023-02-22,398.54,-0.0013781352577111328
SPY,2023-02-23,400.66,0.005319415867917954
SPY,2023-02-24,396.38,-0.010682374082763513
SPY,2023-02-27,397.73,0.003405822695393468
SPY,2023-02-28,396.26,-0.0036959746561738838
SPY,2023-03-01,394.74,-0.0038358653409377164
SPY,2023-03-02,397.81,0.0077772711151644636
SPY,2023-03-03,404.19,0.016037806993288273
SPY,2023-03-06,404.47,0.0006927435117147773
SPY,2023-03-07,398.27,-0.015328701757856056
SPY,2023-03-08,398.92,0.0016320586536773263
SPY,2023-03-09,391.56,-0.018449814499147732
SPY,2023-03-10,385.91,-0.01442946164061698
SPY,2023-03-13,385.36,-0.0014252027674847012
SPY,2023-03-14,391.73,0.016529997924019213
SPY,2023-03-15,389.28,-0.006254307814055671
SPY,2023-03-16,396.11,0.017545211672832073
SPY,2023-03-17,389.99,-0.015450253717401718
SPY,2023-03-20,393.74,0.009615631170029948
SPY,2023-03-21,398.91,0.013130492202976685
SPY,2023-03-22,392.11,-0.017046451580557065
SPY,2023-03-23,393.17,0.002703323047104078
SPY,2023-03-24,395.75,0.006562046951700262
SPY,2023-03-27,396.49,0.0018698673404926591
SPY,2023-03-28,395.6,-0.0022446972180887315
SPY,2023-03-29,401.35,0.014534883720930258
SPY,2023-03-30,403.7,0.005855238569826726
SPY,2023-03-31,409.39,0.014094624721327609
SPY,2023-04-03,410.95,0.003810547399790032
SPY,2023-04-04,408.67,-0.00554812020927109
SPY,2023-04-05,407.6,-0.002618249443316123
SPY,2023-04-06,409.19,0.003900883218841855
SPY,2023-04-10,409.61,0.0010264180454067073
SPY,2023-04-11,409.72,0.00026854813114907117
SPY,2023-04-12,408.05,-0.004075954310260754
SPY,2023-04-13,413.47,0.01328268594534987
SPY,2023-04-14,412.46,-0.002442740706701918
SPY,2023-04-17,413.94,0.0035882267371381005
SPY,2023-04-18,414.21,0.0006522684447021199
SPY,2023-04-19,414.14,-0.00016899640279088857
SPY,2023-04-20,411.88,-0.005457091804703662
SPY,2023-04-21,412.2,0.0007769253180538449
SPY,2023-04-24,412.63,0.0010431829209121002
SPY,2023-04-25,406.08,-0.015873785231321103
SPY,2023-04-26,404.36,-0.0042356185973206895
SPY,2023-04-27,412.41,0.019908002769809086
SPY,2023-04-28,415.93,0.008535195557818565
SPY,2023-05-01,415.51,-0.0010097853004111812
SPY,2023-05-02,410.84,-0.011239200019253492
SPY,2023-05-03,408.02,-0.006863985979943532
SPY,2023-05-04,405.13,-0.007082986128130964
SPY,2023-05-05,412.63,0.01851257621010549
SPY,2023-05-08,412.74,0.0002665826527397108
SPY,2023-05-09,410.93,-0.004385327324708088
SPY,2023-05-10,412.85,0.00467232862044642
SPY,2023-05-11,412.13,-0.001743974809252813
SPY,2023-05-12,411.59,-0.0013102661781476677
SPY,2023-05-15,413.01,0.0034500352292330394
SPY,2023-05-16,410.25,-0.00668264690927578
SPY,2023-05-17,415.23,0.01213893967093238
SPY,2023-05-18,419.23,0.009633215326445566
SPY,2023-05-19,418.62,-0.0014550485413734604
SPY,2023-05-22,418.79,0.00040609622091647424
SPY,2023-05-23,414.09,-0.011222808567539877
SPY,2023-05-24,411.09,-0.007244801854669247
SPY,2023-05-25,414.65,0.008659904157240605
SPY,2023-05-26,420.02,0.012950681297479782
SPY,2023-05-30,420.18,0.0003809342412266492
SPY,2023-05-31,417.85,-0.0055452425151125695
SPY,2023-06-01,421.82,0.009501017111403609
SPY,2023-06-02,427.92,0.014461144564032136
SPY,2023-06-05,427.1,-0.0019162460272947879
SPY,2023-06-06,428.03,0.00217747600093654
SPY,2023-06-07,426.55,-0.0034577015629744245
SPY,2023-06-08,429.13,0.006048528894619487
SPY,2023-06-09,429.9,0.001794328059096184
SPY,2023-06-12,433.8,0.009071877180739873
SPY,2023-06-13,436.66,0.006592899953895781
SPY,2023-06-14,437.18,0.0011908578756927302
SPY,2023-06-15,442.6,0.012397639416258821
SPY,2023-06-16,439.46,-0.007094441934026308
SPY,2023-06-20,437.18,-0.005188185500386799
SPY,2023-06-21,434.94,-0.0051237476554280015
SPY,2023-06-22,436.51,0.0036096932910285595
SPY,2023-06-23,433.21,-0.007559964261987129
SPY,2023-06-26,431.44,-0.004085778259966255
SPY,2023-06-27,436.17,0.010963285740775097
SPY,2023-06-28,436.39,0.000504390489946438
SPY,2023-06-29,438.11,0.003941428538692504
SPY,2023-06-30,443.28,0.011800689324598768
SPY,2023-07-03,443.79,0.0011505143475907254
SPY,2023-07-05,443.13,-0.0014871898871088307
SPY,2023-07-06,439.66,-0.007830659174508536
SPY,2023-07-07,438.55,-0.0025246781603966983
SPY,2023-07-10,439.66,0.002531068293239125
SPY,2023-07-11,442.46,0.006368557521721163
SPY,2023-07-12,446.02,0.00804592505537216
SPY,2023-07-13,449.56,0.007936863817766149
SPY,2023-07-14,449.28,-0.0006228312127414259
SPY,2023-07-17,450.84,0.003472222222222321
SPY,2023-07-18,454.19,0.007430574039570592
SPY,2023-07-19,455.2,0.002223738963869737
SPY,2023-07-20,452.18,-0.006634446397188021
SPY,2023-07-21,452.18,0.0
SPY,2023-07-24,454.2,0.004467247556282805
SPY,2023-07-25,455.44,0.0027300748568912514
SPY,2023-07-26,455.51,0.0001536975232740989
SPY,2023-07-27,452.49,-0.006629931285811463
SPY,2023-07-28,456.92,0.009790271608212331
SPY,2023-07-31,457.79,0.001904053225947555
SPY,2023-08-01,456.48,-0.0028615740841870796
SPY,2023-08-02,450.13,-0.013910795653697905
SPY,2023-08-03,448.84,-0.0028658387576923072
SPY,2023-08-04,446.81,-0.004522769806612592
SPY,2023-08-07,450.71,0.008728542333430234
SPY,2023-08-08,448.75,-0.004348694282354515
SPY,2023-08-09,445.75,-0.006685236768802283
SPY,2023-08-10,445.91,0.00035894559730786924
SPY,2023-08-11,445.65,-0.00058307730259477
SPY,2023-08-14,448.11,0.005520026926960631
SPY,2023-08-15,442.89,-0.011648925487045658
SPY,2023-08-16,439.64,-0.007338165232902094
SPY,2023-08-17,436.29,-0.007619870803384554
SPY,2023-08-18,436.5,0.0004813312246441104
SPY,2023-08-21,439.34,0.0065063001145475585
SPY,2023-08-22,438.15,-0.002708608367096077
SPY,2023-08-23,443.03,0.011137738217505522
SPY,2023-08-24,436.89,-0.013859106606776028
SPY,2023-08-25,439.97,0.007049829476527325
SPY,2023-08-28,442.76,0.006341341455099236
SPY,2023-08-29,449.16,0.014454783629957557
SPY,2023-08-30,451.01,0.004118799536913187
SPY,2023-08-31,450.35,-0.0014633821866476548
SPY,2023-09-01,451.19,0.0018652159431553628
SPY,2023-09-05,449.24,-0.004321904297524326
SPY,2023-09-06,446.22,-0.006722464606891632
SPY,2023-09-07,444.85,-0.003070234413518058
SPY,2023-09-08,445.52,0.0015061256603348117
SPY,2023-09-11,448.45,0.006576584665110463
SPY,2023-09-12,445.99,-0.005485561378079984
SPY,2023-09-13,446.51,0.0011659454247852086
SPY,2023-09-14,450.36,0.008622427269266097
SPY,2023-09-15,443.37,-0.01552091660005328
SPY,2023-09-18,443.63,0.0005864176647043529
SPY,2023-09-19,442.71,-0.002073800238937884
SPY,2023-09-20,438.64,-0.009193377154344762
SPY,2023-09-21,431.39,-0.01652836038664962
SPY,2023-09-22,430.42,-0.002248545399754165
SPY,2023-09-25,432.23,0.004205194925886335
SPY,2023-09-26,425.88,-0.014691252342502903
SPY,2023-09-27,426.05,0.000399173476096637
SPY,2023-09-28,428.52,0.005797441614833865
SPY,2023-09-29,427.48,-0.0024269579016147347
SPY,2023-10-02,427.31,-0.0003976794235988068
SPY,2023-10-03,421.59,-0.013386066321874113
SPY,2023-10-04,424.66,0.007281956403140555
SPY,2023-10-05,424.5,-0.00037677200584007586
SPY,2023-10-06,429.54,0.011872791519434767
SPY,2023-10-09,432.29,0.006402197699864942
SPY,2023-10-10,434.54,0.005204839343958989
SPY,2023-10-11,436.32,0.004096285727435811
SPY,2023-10-12,433.66,-0.006096442977631011
SPY,2023-10-13,431.5,-0.00498086058202285
SPY,2023-10-16,436.04,0.010521436848204058
SPY,2023-10-17,436.02,-4.586735161915545e-05
SPY,2023-10-18,430.21,-0.01332507683133799
SPY,2023-10-19,426.43,-0.008786406638618294
SPY,2023-10-20,421.19,-0.012288066036629686
SPY,2023-10-23,420.46,-0.0017331845485411002
SPY,2023-10-24,423.63,0.007539361651524468
SPY,2023-10-25,417.55,-0.01435214692066189
SPY,2023-10-26,412.55,-0.01197461381870435
SPY,2023-10-27,410.68,-0.004532783904981241
SPY,2023-10-30,415.59,0.01195578065647207
SPY,2023-10-31,418.2,0.006280228109434738
SPY,2023-11-01,422.66,0.010664753706360663
SPY,2023-11-02,430.76,0.019164340131547775
SPY,2023-11-03,434.69,0.00912340978735271
SPY,2023-11-06,435.69,0.0023004900043708254
SPY,2023-11-07,436.93,0.0028460602722120143
SPY,2023-11-08,437.25,0.0007323827615406397
SPY,2023-11-09,433.84,-0.007798742138364845
SPY,2023-11-10,440.61,0.015604831274202535
SPY,2023-11-13,440.19,-0.0009532239395384501
SPY,2023-11-14,448.73,0.019400713328335595
SPY,2023-11-15,449.68,0.0021170859982617696
SPY,2023-11-16,450.23,0.0012230919765165993
SPY,2023-11-17,450.79,0.001243808719987527
SPY,2023-11-20,454.26,0.0076975975509661065
SPY,2023-11-21,453.27,-0.002179368643508095
SPY,2023-11-22,455.02,0.0038608334987977333
SPY,2023-11-24,455.3,0.0006153575667005029
SPY,2023-11-27,454.48,-0.0018010103228640606
SPY,2023-11-28,454.93,0.00099014258053165
SPY,2023-11-29,454.61,-0.0007034049194380998
SPY,2023-11-30,456.4,0.0039374408833945385
SPY,2023-12-01,459.1,0.005915863277826672
SPY,2023-12-04,456.69,-0.005249401001960363
SPY,2023-12-05,456.6,-0.00019707022268933283
SPY,2023-12-06,454.76,-0.004029785370127104
SPY,2023-12-07,458.23,0.007630398451930809
SPY,2023-12-08,460.2,0.004299151081334607
SPY,2023-12-11,461.99,0.003889613211647047
SPY,2023-12-12,464.1,0.004567198424208385
SPY,2023-12-13,470.5,0.013790131437190212
SPY,2023-12-14,472.01,0.0032093517534537153
SPY,2023-12-15,469.33,-0.0056778458083515115
SPY,2023-12-18,471.97,0.005625039950567956
SPY,2023-12-19,474.84,0.00608089497213804
SPY,2023-12-20,468.26,-0.013857299300817139
SPY,2023-12-21,472.7,0.009481911758424832
SPY,2023-12-22,473.65,0.002009731330653741
SPY,2023-12-26,475.65,0.004222527182518698
SPY,2023-12-27,476.51,0.0018080521391778959
SPY,2023-12-28,476.69,0.0003777465320768947
SPY,2023-12-29,475.31,-0.0028949631836203693
SPY,2024-01-02,472.65,-0.005596347646798949
SPY,2024-01-03,468.79,-0.008166719559927982
SPY,2024-01-04,467.28,-0.0032210584696773514
SPY,2024-01-05,467.92,0.0013696284882727117
SPY,2024-01-08,474.6,0.014275944605915525
SPY,2024-01-09,473.88,-0.001517067003792727
SPY,2024-01-10,476.56,0.005655440195830197
SPY,2024-01-11,476.35,-0.0004406580493536705
SPY,2024-01-12,476.68,0.0006927679227457517
SPY,2024-01-16,474.93,-0.003671225979692827
SPY,2024-01-17,472.29,-0.005558713915734925
SPY,2024-01-18,476.49,0.008892841262783335
SPY,2024-01-19,482.43,0.012466158786123449
SPY,2024-01-22,483.45,0.002114296374603475
SPY,2024-01-23,484.86,0.002916537387527285
SPY,2024-01-24,485.39,0.0010930990388977602
SPY,2024-01-25,488.03,0.005438925400193639
SPY,2024-01-26,487.41,-0.0012704137040754349
SPY,2024-01-29,491.27,0.007919410763012502
SPY,2024-01-30,490.89,-0.0007735054043601641
SPY,2024-01-31,482.88,-0.016317301228381043
SPY,2024-02-01,489.2,0.01308813783962881
SPY,2024-02-02,494.35,0.010527391659852947
SPY,2024-02-05,492.55,-0.003641144937797103
SPY,2024-02-06,493.98,0.0029032585524313426
SPY,2024-02-07,498.1,0.00834041864043078
SPY,2024-02-08,498.32,0.0004416783778358191
SPY,2024-02-09,501.2,0.0057794188473270225
SPY,2024-02-12,500.98,-0.0004389465283319849
SPY,2024-02-13,494.08,-0.013773004910375697
SPY,2024-02-14,498.57,0.009087597150259086
SPY,2024-02-15,502.01,0.006899733237057948
SPY,2024-02-16,499.51,-0.004979980478476476
SPY,2024-02-20,496.76,-0.005505395287381587
SPY,2024-02-21,497.21,0.0009058700378452578
SPY,2024-02-22,507.5,0.02069548078276795
SPY,2024-02-23,507.85,0.0006896551724138167
SPY,2024-02-26,505.99,-0.003662498769321676
SPY,2024-02-27,506.93,0.0018577442241940467
SPY,2024-02-28,506.26,-0.0013216814944864153
SPY,2024-02-29,508.08,0.0035949907162327044
SPY,2024-03-01,512.85,0.00938828530940028
SPY,2024-03-04,512.3,-0.0010724383347958666
SPY,2024-03-05,507.18,-0.009994144056217014
SPY,2024-03-06,509.75,0.005067234512401875
SPY,2024-03-07,514.81,0.0099264345267287
SPY,2024-03-08,511.72,-0.006002214409199347
SPY,2024-03-11,511.28,-0.0008598452278590907
SPY,2024-03-12,516.78,0.01075731497418242
SPY,2024-03-13,515.97,-0.0015673981191220987
SPY,2024-03-14,514.95,-0.0019768591197162344
SPY,2024-03-15,509.83,-0.009942712884746241
SPY,2024-03-18,512.86,0.005943157523095932
SPY,2024-03-19,515.71,0.005557072105447869
SPY,2024-03-20,520.48,0.009249384343914091
SPY,2024-03-21,522.2,0.0033046418690441115
SPY,2024-03-22,521.21,-0.001895825354270464
SPY,2024-03-25,519.77,-0.0027628019416359173
SPY,2024-03-26,518.81,-0.001846970775535417
SPY,2024-03-27,523.17,0.008403847265858522
SPY,2024-03-28,523.07,-0.00019114245847418054
SPY,2024-04-01,522.16,-0.001739728908176863
SPY,2024-04-02,518.84,-0.006358204381798571
SPY,2024-04-03,519.41,0.0010986045794463273
SPY,2024-04-04,513.07,-0.012206156985810623
SPY,2024-04-05,518.43,0.010446917574599812
SPY,2024-04-08,518.72,0.00055938120864929
SPY,2024-04-09,519.32,0.001156693399136488
SPY,2024-04-10,514.12,-0.010013094046060322
SPY,2024-04-11,518.0,0.007546876215669407
SPY,2024-04-12,510.85,-0.013803088803088781
SPY,2024-04-15,504.45,-0.01252813937555064
SPY,2024-04-16,503.53,-0.0018237684606997595
SPY,2024-04-17,500.55,-0.005918217385259994
SPY,2024-04-18,499.52,-0.002057736489861184
SPY,2024-04-19,495.16,-0.008728379244074214
SPY,2024-04-22,499.72,0.00920914451894328
SPY,2024-04-23,505.65,0.01186664532137982
SPY,2024-04-24,505.41,-0.0004746366063481666
SPY,2024-04-25,503.49,-0.003798895945865799
SPY,2024-04-26,508.26,0.0094738723708514
SPY,2024-04-29,510.06,0.0035414945106835294
SPY,2024-04-30,501.98,-0.015841273575657788
SPY,2024-05-01,500.35,-0.003247141320371294
SPY,2024-05-02,505.03,0.009353452583191757
SPY,2024-05-03,511.29,0.01239530324931204
SPY,2024-05-06,516.57,0.010326820395470282
SPY,2024-05-07,517.14,0.0011034322550669273
SPY,2024-05-08,517.19,9.668561704767598e-05
SPY,2024-05-09,520.17,0.005761905682631019
SPY,2024-05-10,520.84,0.0012880404483150976
SPY,2024-05-13,520.91,0.00013439827970196383
SPY,2024-05-14,523.3,0.004588124628054802
SPY,2024-05-15,529.78,0.012382954328301166
SPY,2024-05-16,528.69,-0.002057457812676855
SPY,2024-05-17,529.45,0.0014375153681740471
SPY,2024-05-20,530.06,0.0011521390121822517
SPY,2024-05-21,531.36,0.0024525525412217863
SPY,2024-05-22,529.83,-0.002879403794037838
SPY,2024-05-23,525.96,-0.007304229658569694
SPY,2024-05-24,529.44,0.006616472735569312
SPY,2024-05-28,529.81,0.0006988516168024983
SPY,2024-05-29,526.1,-0.007002510333893097
SPY,2024-05-30,522.61,-0.006633719825128281
SPY,2024-05-31,527.37,0.00910813034576452
SPY,2024-06-03,527.8,0.0008153668202588449
SPY,2024-06-04,528.39,0.001117847669571903
SPY,2024-06-05,534.67,0.011885160582145726
SPY,2024-06-06,534.66,-1.8703125292174327e-05
SPY,2024-06-07,534.01,-0.001215725881868801
SPY,2024-06-10,535.66,0.0030898297784685003
SPY,2024-06-11,536.95,0.0024082440353956347
SPY,2024-06-12,541.36,0.008213055219294052
SPY,2024-06-13,542.45,0.002013447613418151
SPY,2024-06-14,542.78,0.0006083510000920445
SPY,2024-06-17,547.1,0.007959025756291815
SPY,2024-06-18,548.49,0.002540668981904526
SPY,2024-06-20,547.0,-0.002716549071086094
SPY,2024-06-21,544.51,-0.004552102376599643
SPY,2024-06-24,542.74,-0.0032506290058951226
SPY,2024-06-25,544.83,0.0038508309687881326
SPY,2024-06-26,545.51,0.0012480957362845935
SPY,2024-06-27,546.37,0.0015765063885171404
SPY,2024-06-28,544.22,-0.003935062320405525
SPY,2024-07-01,545.34,0.002057991253537228
SPY,2024-07-02,549.01,0.006729746580115048
SPY,2024-07-03,551.46,0.004462578095116854
SPY,2024-07-05,554.64,0.005766510717005735
SPY,2024-07-08,555.28,0.001153901629886045
SPY,2024-07-09,555.82,0.000972482351246251
SPY,2024-07-10,561.32,0.009895289842035249
SPY,2024-07-11,556.48,-0.00862253260172452
SPY,2024-07-12,559.99,0.006307504312823342
SPY,2024-07-15,561.53,0.002750049108019681
SPY,2024-07-16,564.86,0.005930226345876477
SPY,2024-07-17,556.94,-0.014021173388096053
SPY,2024-07-18,552.66,-0.007684849355406476
SPY,2024-07-19,548.99,-0.006640610863822172
SPY,2024-07-22,554.65,0.010309841709320589
SPY,2024-07-23,553.78,-0.0015685567474984508
SPY,2024-07-24,541.23,-0.0226624291234786
SPY,2024-07-25,538.41,-0.005210354193226685
SPY,2024-07-26,544.44,0.01119964339443924
SPY,2024-07-29,544.76,0.0005877599000807532
SPY,2024-07-30,542.0,-0.005066451281298123
SPY,2024-07-31,550.81,0.01625461254612537
SPY,2024-08-01,543.01,-0.014160962945480193
SPY,2024-08-02,532.9,-0.018618441649325135
SPY,2024-08-05,517.38,-0.029123662976168085
SPY,2024-08-06,522.15,0.009219529166183404
SPY,2024-08-07,518.66,-0.006683903092980947
SPY,2024-08-08,530.65,0.02311726371804257
SPY,2024-08-09,532.99,0.004409686233864285
SPY,2024-08-12,533.27,0.0005253381864573914
SPY,2024-08-13,542.04,0.016445702927222472
SPY,2024-08-14,543.75,0.0031547487270313646
SPY,2024-08-15,553.07,0.01714022988505759
SPY,2024-08-16,554.31,0.0022420308460049387
SPY,2024-08-19,559.61,0.009561436741173823
SPY,2024-08-20,558.7,-0.0016261324851235548
SPY,2024-08-21,560.62,0.003436549131913269
SPY,2024-08-22,556.22,-0.007848453497912966
SPY,2024-08-23,562.13,0.010625292150587828
SPY,2024-08-26,560.79,-0.0023837902264601807
SPY,2024-08-27,561.56,0.0013730630004100686
SPY,2024-08-28,558.3,-0.005805256784671253
SPY,2024-08-29,558.35,8.955758552753323e-05
SPY,2024-08-30,563.68,0.0095459837019789
SPY,2024-09-03,552.08,-0.02057905194436549
SPY,2024-09-04,550.95,-0.0020468048108969183
SPY,2024-09-05,549.61,-0.002432162628187684
SPY,2024-09-06,540.36,-0.01683011590036576
SPY,2024-09-09,546.41,0.011196239544007724
SPY,2024-09-10,548.79,0.004355703592540339
SPY,2024-09-11,554.42,0.010258933289600813
SPY,2024-09-12,559.09,0.008423217055661958
SPY,2024-09-13,562.01,0.005222772719955637
SPY,2024-09-16,562.84,0.0014768420490738343
SPY,2024-09-17,563.07,0.0004086418875701714
SPY,2024-09-18,561.4,-0.002965883460315899
SPY,2024-09-19,570.98,0.017064481653010333
SPY,2024-09-20,568.25,-0.004781253283827835
SPY,2024-09-23,569.67,0.002498900131984172
SPY,2024-09-24,571.3,0.0028613056681938698
SPY,2024-09-25,570.04,-0.002205496236653226
SPY,2024-09-26,572.3,0.003964634060767747
SPY,2024-09-27,571.47,-0.001450288310326675
SPY,2024-09-30,573.76,0.004007209477312923
SPY,2024-10-01,568.62,-0.008958449525934165
SPY,2024-10-02,568.86,0.0004220744961485057
SPY,2024-10-03,567.82,-0.001828217839187074
SPY,2024-10-04,572.98,0.009087386847944634
SPY,2024-10-07,567.8,-0.009040455164229244
SPY,2024-10-08,573.17,0.009457555477280666
SPY,2024-10-09,577.14,0.0069263918209256925
SPY,2024-10-10,576.13,-0.0017500086634092415
SPY,2024-10-11,579.58,0.0059882318226789355
SPY,2024-10-14,584.32,0.008178336036440248
SPY,2024-10-15,579.78,-0.0077697152245346235
SPY,2024-10-16,582.3,0.00434647624961193
SPY,2024-10-17,582.35,8.586639189434031e-05
SPY,2024-10-18,584.59,0.0038464840731518013
SPY,2024-10-21,583.63,-0.00164217656819321
SPY,2024-10-22,583.32,-0.0005311584394221969
SPY,2024-10-23,577.99,-0.009137351710896358
SPY,2024-10-24,579.24,0.0021626671741725723
SPY,2024-10-25,579.04,-0.00034528002209799347
SPY,2024-10-28,580.83,0.0030913235700471553
SPY,2024-10-29,581.77,0.0016183737065922355
SPY,2024-10-30,580.01,-0.003025250528559398
SPY,2024-10-31,568.64,-0.019603110291201875
SPY,2024-11-01,571.04,0.004220596510973618
SPY,2024-11-04,569.81,-0.0021539646959932712
SPY,2024-11-05,576.7,0.012091749881539604
SPY,2024-11-06,591.04,0.024865614704352224
SPY,2024-11-07,595.61,0.007732133188955048
SPY,2024-11-08,598.19,0.004331693557865224
SPY,2024-11-11,598.76,0.0009528745047560072
SPY,2024-11-12,596.9,-0.0031064199345314236
SPY,2024-11-13,597.19,0.0004858435248786819
SPY,2024-11-14,593.35,-0.006430114368961348
SPY,2024-11-15,585.75,-0.012808628971096359
SPY,2024-11-18,588.15,0.0040973111395645745
SPY,2024-11-19,590.3,0.0036555300518574807
SPY,2024-11-20,590.5,0.0003388107741826296
SPY,2024-11-21,593.67,0.005368331922099845
SPY,2024-11-22,595.51,0.003099364967069196
SPY,2024-11-25,597.53,0.0033920505113262944
SPY,2024-11-26,600.65,0.005221495155054878
SPY,2024-11-27,598.83,-0.003030050778323412
SPY,2024-11-29,602.55,0.006212113621561821
SPY,2024-12-02,603.63,0.0017923823749066425
SPY,2024-12-03,603.91,0.0004638603117803619
SPY,2024-12-04,607.66,0.0062095345332913165
SPY,2024-12-05,606.66,-0.0016456571108843798
SPY,2024-12-06,607.81,0.0018956252266508766
SPY,2024-12-09,604.68,-0.0051496355769072855
SPY,2024-12-10,602.8,-0.0031090824899120406
SPY,2024-12-11,607.46,0.0077305905773059624
SPY,2024-12-12,604.33,-0.005152602640503101
SPY,2024-12-13,604.21,-0.0001985670080916213
SPY,2024-12-16,606.79,0.0042700385627512105
SPY,2024-12-17,604.29,-0.004120041530018659
SPY,2024-12-18,586.28,-0.0298035711330652
SPY,2024-12-19,586.1,-0.00030702053626241455
SPY,2024-12-20,591.15,0.008616277085821356
SPY,2024-12-23,594.69,0.0059883278355747915
SPY,2024-12-24,601.3,0.011115034723973682
SPY,2024-12-26,601.34,6.652253450867285e-05
SPY,2024-12-27,595.01,-0.010526490837130531
SPY,2024-12-30,588.22,-0.01141157291474082
SPY,2024-12-31,586.08,-0.003638094590459273
SPY,2025-01-02,584.64,-0.002457002457002533
SPY,2025-01-03,591.95,0.012503420908593466
SPY,2025-01-06,595.36,0.005760621674127719
SPY,2025-01-07,588.63,-0.011304084923407731
SPY,2025-01-08,589.49,0.0014610196558109134
SPY,2025-01-10,580.49,-0.01526743456207913
SPY,2025-01-13,581.39,0.0015504143051559005
SPY,2025-01-14,582.19,0.0013760126593165278
SPY,2025-01-15,592.78,0.01818993799275126
SPY,2025-01-16,591.64,-0.0019231418064037387
SPY,2025-01-17,597.58,0.010039889121763235
SPY,2025-01-21,603.05,0.009153586130727032
SPY,2025-01-22,606.44,0.005621424425835464
SPY,2025-01-23,609.75,0.005458083239891831
SPY,2025-01-24,607.97,-0.002919229192291928
SPY,2025-01-27,599.37,-0.014145434807638524
SPY,2025-01-28,604.52,0.00859235530640512
SPY,2025-01-29,601.81,-0.004482895520412922
SPY,2025-01-30,605.04,0.0053671424535983725
SPY,2025-01-31,601.82,-0.005321962184318241
SPY,2025-02-03,597.77,-0.006729586919677066
SPY,2025-02-04,601.78,0.006708265720929418
SPY,2025-02-05,604.22,0.004054637907541014
SPY,2025-02-06,606.32,0.003475555261328589
SPY,2025-02-07,600.77,-0.009153582266789972
SPY,2025-02-10,604.85,0.006791284518201657
SPY,2025-02-11,605.31,0.0007605191369759456
SPY,2025-02-12,603.36,-0.003221489815135925
SPY,2025-02-13,609.73,0.010557544417926223
SPY,2025-02-14,609.7,-4.9202105850132405e-05
SPY,2025-02-18,611.49,0.0029358701000492538
SPY,2025-02-19,612.93,0.0023549035961338838
SPY,2025-02-20,610.38,-0.00416034457442116
SPY,2025-02-21,599.94,-0.01710409908581534
SPY,2025-02-24,597.21,-0.004550455045504553
SPY,2025-02-25,594.24,-0.00497312503139602
SPY,2025-02-26,594.54,0.0005048465266557223
SPY,2025-02-27,585.05,-0.015961920139940133
SPY,2025-02-28,594.18,0.015605503803093779
SPY,2025-03-03,583.77,-0.017519943451479336
SPY,2025-03-04,576.86,-0.011836853555338478
SPY,2025-03-05,583.06,0.010747841764032762
SPY,2025-03-06,572.71,-0.017751174836208805
SPY,2025-03-07,575.92,0.005604930942361586
SPY,2025-03-10,560.58,-0.026635643839421963
SPY,2025-03-11,555.92,-0.00831281886617441
SPY,2025-03-12,558.87,0.005306518923586134
SPY,2025-03-13,551.42,-0.013330470413513096
SPY,2025-03-14,562.81,0.020655761488520552
SPY,2025-03-17,567.15,0.007711305769265042
SPY,2025-03-18,561.02,-0.010808428105439472
SPY,2025-03-19,567.13,0.010890877330576476
SPY,2025-03-20,565.49,-0.002891753213548953
SPY,2025-03-21,563.98,-0.002670250579143718
SPY,2025-03-24,574.08,0.017908436469378453
SPY,2025-03-25,575.46,0.0024038461538462563
SPY,2025-03-26,568.59,-0.011938275466583215
SPY,2025-03-27,567.08,-0.0026556921507588926
SPY,2025-03-28,555.66,-0.020138252098469533
SPY,2025-03-31,559.39,0.006712738005254959
SPY,2025-04-01,560.97,0.0028245052646633795
SPY,2025-04-02,564.52,0.006328324152806708
SPY,2025-04-03,536.7,-0.049280804931623234
SPY,2025-04-04,505.28,-0.05854294764300372
SPY,2025-04-07,504.38,-0.0017811906269790123
SPY,2025-04-08,496.48,-0.01566279392521508
SPY,2025-04-09,548.62,0.10501933612632941
SPY,2025-04-10,524.58,-0.04381903685611166
SPY,2025-04-11,533.94,0.017842845705135613
SPY,2025-04-14,539.12,0.009701464584035646
SPY,2025-04-15,537.61,-0.002800860661819282
SPY,2025-04-16,525.66,-0.022228009151615602
SPY,2025-04-17,526.41,0.0014267777650953661
SPY,2025-04-21,513.88,-0.02380273930966348
SPY,2025-04-22,527.25,0.026017747334007968
SPY,2025-04-23,535.42,0.015495495495495337
SPY,2025-04-24,546.69,0.021048896193642586
SPY,2025-04-25,550.64,0.007225301359088165
SPY,2025-04-28,550.85,0.0003813744006975206
SPY,2025-04-29,554.32,0.006299355541435903
SPY,2025-04-30,554.54,0.0003968826670512904
SPY,2025-05-01,558.47,0.007086954953655411
SPY,2025-05-02,566.76,0.014844127706054033
SPY,2025-05-05,563.51,-0.005734349636530411
SPY,2025-05-06,558.8,-0.008358325495554708
SPY,2025-05-07,561.15,0.004205440229062329
SPY,2025-05-08,565.06,0.006967833912500998
SPY,2025-05-09,564.34,-0.0012742009698083478
SPY,2025-05-12,582.99,0.033047453662685466
SPY,2025-05-13,586.84,0.006603886859122943
SPY,2025-05-14,587.59,0.0012780314906959411
SPY,2025-05-15,590.46,0.004884358140880618
SPY,2025-05-16,594.2,0.006334044643159675
SPY,2025-05-19,594.85,0.0010939077751599413
SPY,2025-05-20,592.85,-0.003362192149281351
SPY,2025-05-21,582.86,-0.016850805431390725
SPY,2025-05-22,583.09,0.0003946059087946985
SPY,2025-05-23,579.11,-0.006825704436707936
SPY,2025-05-27,591.15,0.020790523389338844
SPY,2025-05-28,587.73,-0.0057853336716569
SPY,2025-05-29,590.05,0.003947390808704654
SPY,2025-05-30,589.39,-0.001118549275485048
SPY,2025-06-02,592.71,0.005632942533806196
SPY,2025-06-03,596.09,0.005702620168379191
SPY,2025-06-04,595.93,-0.00026841584324532874
SPY,2025-06-05,593.05,-0.004832782373768718
SPY,2025-06-06,599.14,0.010268948655256738
SPY,2025-06-09,599.68,0.0009012918516539958
SPY,2025-06-10,603.08,0.0056696905016009325
SPY,2025-06-11,601.36,-0.002852026265172114
SPY,2025-06-12,603.75,0.003974324863642353
SPY,2025-06-13,597.0,-0.011180124223602483
SPY,2025-06-16,602.68,0.009514237855946295
SPY,2025-06-17,597.53,-0.008545164929979365
SPY,2025-06-18,597.44,-0.0001506200525495105
SPY,2025-06-20,594.28,-0.005289234065345649
SPY,2025-06-23,600.15,0.00987749882210398
SPY,2025-06-24,606.78,0.01104723819045228
SPY,2025-06-25,607.12,0.0005603348824945176
SPY,2025-06-26,611.87,0.00782382395572534
SPY,2025-06-27,614.91,0.004968375635347355
SPY,2025-06-30,617.85,0.004781187490852323
SPY,2025-07-01,617.65,-0.00032370316419849665
SPY,2025-07-02,620.45,0.004533311746134583
SPY,2025-07-03,625.34,0.007881376420340036
SPY,2025-07-07,620.68,-0.007451946141299293
SPY,2025-07-08,620.34,-0.0005477862988978455
SPY,2025-07-09,624.06,0.0059967114808006095
SPY,2025-07-10,625.82,0.0028202416434319755
SPY,2025-07-11,623.62,-0.0035153878111917614
SPY,2025-07-14,624.81,0.0019082133350436514
SPY,2025-07-15,622.14,-0.004273299082921178
SPY,2025-07-16,624.22,0.003343298935930994
SPY,2025-07-17,628.04,0.006119637307359538
SPY,2025-07-18,627.58,-0.0007324374243677934
SPY,2025-07-21,628.77,0.0018961725995090273
SPY,2025-07-22,628.86,0.00014313660002862605
SPY,2025-07-23,634.21,0.008507457939764151
SPY,2025-07-24,634.42,0.0003311206067388994
SPY,2025-07-25,637.1,0.004224330884902816
SPY,2025-07-28,636.94,-0.000251137968921622
SPY,2025-07-29,635.26,-0.002637611077966673
SPY,2025-07-30,634.46,-0.001259326889777368
SPY,2025-07-31,632.08,-0.0037512215112063263
SPY,2025-08-01,621.72,-0.016390330337931913
SPY,2025-08-04,631.17,0.01519976838448156
SPY,2025-08-05,627.97,-0.005069949458941236
SPY,2025-08-06,632.78,0.00765960157332346
SPY,2025-08-07,632.25,-0.000837573880337561
SPY,2025-08-08,637.18,0.007797548438117863
SPY,2025-08-11,635.92,-0.0019774631972127032
SPY,2025-08-12,642.69,0.010645993206692905
SPY,2025-08-13,644.89,0.0034231122314023477
SPY,2025-08-14,644.95,9.303912295122174e-05
SPY,2025-08-15,643.44,-0.0023412667648654573
SPY,2025-08-18,643.3,-0.00021758050478692947
SPY,2025-08-19,639.81,-0.005425151562257091
SPY,2025-08-20,638.11,-0.0026570388083961838
SPY,2025-08-21,635.55,-0.004011847487110476
SPY,2025-08-22,645.31,0.015356777594209836
SPY,2025-08-25,642.47,-0.004400985572825311
SPY,2025-08-26,645.16,0.004186965928370201
SPY,2025-08-27,646.63,0.0022785045570090645
SPY,2025-08-28,648.92,0.0035414379165827903
SPY,2025-08-29,645.05,-0.005963755162423756
SPY,2025-09-02,640.27,-0.007410278273002002
SPY,2025-09-03,643.74,0.005419588611054849
SPY,2025-09-04,649.12,0.008357411377264201
SPY,2025-09-05,647.24,-0.002896228740448592
SPY,2025-09-08,648.83,0.0024565848835054194
SPY,2025-09-09,650.33,0.0023118536442519044
SPY,2025-09-10,652.21,0.002890840035059128
SPY,2025-09-11,657.63,0.008310206835221656
SPY,2025-09-12,657.41,-0.0003345346167298313
SPY,2025-09-15,660.91,0.005323922666220504
SPY,2025-09-16,660.0,-0.0013768894403171084
SPY,2025-09-17,659.18,-0.001242424242424267
SPY,2025-09-18,662.26,0.004672471858976346
SPY,2025-09-19,663.7,0.0021743726029053168
SPY,2025-09-22,666.84,0.004731053186680656
SPY,2025-09-23,663.21,-0.005443584667986334
SPY,2025-09-24,661.1,-0.003181496057055866
SPY,2025-09-25,658.05,-0.004613522916351642
SPY,2025-09-26,661.82,0.005729047944685206
SPY,2025-09-29,663.68,0.0028104318394728267
SPY,2025-09-30,666.18,0.0037668756027000594
SPY,2025-10-01,668.45,0.0034074874658502896
SPY,2025-10-02,669.22,0.0011519186176975893
SPY,2025-10-03,669.21,-1.4942769194004057e-05
SPY,2025-10-06,671.61,0.0035863181960820167
SPY,2025-10-07,669.12,-0.00370750882208426
SPY,2025-10-08,673.11,0.005963055954088858
SPY,2025-10-09,671.16,-0.0028970004902616475
SPY,2025-10-10,653.02,-0.027027832409559527
SPY,2025-10-13,663.04,0.01534409359590816
SPY,2025-10-14,662.23,-0.0012216457528956282
SPY,2025-10-15,665.17,0.0044395451731271685
SPY,2025-10-16,660.64,-0.006810289099027256
SPY,2025-10-17,664.39,0.005676313877452266
SPY,2025-10-20,671.3,0.010400517768178297
SPY,2025-10-21,671.29,-1.4896469536673784e-05
SPY,2025-10-22,667.8,-0.005198945314245695
SPY,2025-10-23,671.76,0.005929919137466433
SPY,2025-10-24,677.25,0.008172561629153252
SPY,2025-10-27,685.24,0.011797711332595107
SPY,2025-10-28,687.06,0.002656003735917345
SPY,2025-10-29,687.39,0.0004803073967338811
SPY,2025-10-30,679.83,-0.010998123336097287
SPY,2025-10-31,682.06,0.0032802318226614613
SPY,2025-11-03,683.34,0.0018766677418409206
SPY,2025-11-04,675.24,-0.01185354289226448
SPY,2025-11-05,677.58,0.0034654345121734043
SPY,2025-11-06,670.31,-0.010729360370731245
SPY,2025-11-07,670.97,0.000984619056854319
SPY,2025-11-10,681.44,0.015604274408691943
SPY,2025-11-11,683.0,0.002289269781638792
SPY,2025-11-12,683.38,0.0005563689604686228
SPY,2025-11-13,672.04,-0.016593988703210605
SPY,2025-11-14,671.93,-0.0001636807332896506
SPY,2025-11-17,665.67,-0.009316446653669264
SPY,2025-11-18,660.08,-0.008397554343743785
SPY,2025-11-19,662.63,0.0038631681008360896
SPY,2025-11-20,652.53,-0.015242292078535558
SPY,2025-11-21,659.03,0.00996122783626796
SPY,2025-11-24,668.73,0.014718601581111601
SPY,2025-11-25,675.02,0.009405888774243643
SPY,2025-11-26,679.68,0.006903499155580528
SPY,2025-11-28,683.39,0.005458451035781575
SPY,2025-12-01,680.27,-0.0045654750581659576
